mode: set
stratium/main.go:14.63,17.16 2 1
stratium/main.go:17.16,19.3 1 1
stratium/main.go:21.2,23.23 2 1
stratium/main.go:24.13,25.49 1 1
stratium/main.go:26.20,27.53 1 1
stratium/main.go:28.10,29.69 1 0
stratium/main.go:34.100,37.9 2 1
stratium/main.go:37.9,39.3 1 0
stratium/main.go:41.2,50.49 7 1
stratium/main.go:50.49,52.3 1 0
stratium/main.go:54.2,63.16 6 1
stratium/main.go:63.16,65.3 1 0
stratium/main.go:66.2,70.16 3 1
stratium/main.go:70.16,72.3 1 0
stratium/main.go:73.2,76.41 2 1
stratium/main.go:76.41,78.3 1 0
stratium/main.go:80.2,82.12 3 1
stratium/main.go:86.104,93.16 4 1
stratium/main.go:93.16,95.3 1 0
stratium/main.go:96.2,100.16 3 1
stratium/main.go:100.16,102.3 1 0
stratium/main.go:103.2,106.41 2 1
stratium/main.go:106.41,108.3 1 0
stratium/main.go:110.2,112.12 3 1
stratium/features/features.go:55.37,57.52 2 1
stratium/features/features.go:57.52,60.3 2 1
stratium/features/features.go:61.2,65.25 3 1
stratium/features/features.go:65.25,67.30 2 1
stratium/features/features.go:67.30,68.39 1 1
stratium/features/features.go:68.39,70.10 2 1
stratium/features/features.go:76.2,80.16 4 1
stratium/features/features.go:84.24,86.2 1 1
stratium/features/features.go:89.30,91.2 1 1
stratium/features/features.go:94.31,96.2 1 1
stratium/features/features.go:99.36,100.25 1 1
stratium/features/features.go:100.25,102.3 1 1
stratium/features/features.go:103.2,105.29 3 1
stratium/features/features.go:105.29,107.20 2 1
stratium/features/features.go:107.20,109.4 1 1
stratium/features/features.go:111.2,111.15 1 1
stratium/features/features.go:115.37,120.2 1 1
stratium/features/features.go:123.33,124.47 1 1
stratium/features/features.go:124.47,126.3 1 1
stratium/features/features.go:128.2,128.34 1 1
stratium/features/features.go:132.39,133.66 1 1
stratium/features/features.go:133.66,135.3 1 1
stratium/features/features.go:137.2,137.40 1 1
stratium/features/features.go:141.38,144.57 1 1
stratium/features/features.go:144.57,146.3 1 1
stratium/features/features.go:148.2,148.39 1 1
stratium/features/features.go:152.36,154.2 1 1
stratium/features/features.go:157.33,158.47 1 1
stratium/features/features.go:158.47,160.3 1 1
stratium/features/features.go:162.2,162.34 1 1
stratium/features/features.go:166.39,173.2 1 1
stratium/features/features.go:177.42,182.2 4 1
stratium/features/features.go:185.37,190.2 4 1
stratium/features/features.go:193.50,198.2 4 1
stratium/features/features.go:201.37,206.2 4 1
stratium/config/config.go:276.47,280.22 2 1
stratium/config/config.go:280.22,282.3 1 1
stratium/config/config.go:282.8,290.3 6 1
stratium/config/config.go:293.2,301.41 5 1
stratium/config/config.go:301.41,302.56 1 1
stratium/config/config.go:302.56,304.4 1 1
stratium/config/config.go:309.2,310.42 2 1
stratium/config/config.go:310.42,312.3 1 1
stratium/config/config.go:315.2,315.45 1 1
stratium/config/config.go:315.45,317.3 1 0
stratium/config/config.go:320.2,328.18 6 1
stratium/config/config.go:332.37,334.2 1 1
stratium/config/config.go:337.34,431.2 70 1
stratium/config/config.go:434.40,436.28 1 1
stratium/config/config.go:436.28,438.3 1 1
stratium/config/config.go:441.2,441.52 1 1
stratium/config/config.go:441.52,443.3 1 1
stratium/config/config.go:446.2,446.28 1 1
stratium/config/config.go:446.28,447.68 1 1
stratium/config/config.go:447.68,449.4 1 1
stratium/config/config.go:450.3,450.43 1 0
stratium/config/config.go:450.43,452.4 1 0
stratium/config/config.go:453.3,453.42 1 0
stratium/config/config.go:453.42,455.4 1 0
stratium/config/config.go:456.3,456.39 1 0
stratium/config/config.go:456.39,457.41 1 0
stratium/config/config.go:457.41,459.5 1 0
stratium/config/config.go:460.4,460.48 1 0
stratium/config/config.go:460.48,462.5 1 0
stratium/config/config.go:467.2,467.31 1 1
stratium/config/config.go:467.31,468.30 1 1
stratium/config/config.go:468.30,470.4 1 1
stratium/config/config.go:471.3,471.34 1 1
stratium/config/config.go:471.34,473.4 1 1
stratium/config/config.go:477.2,477.22 1 1
stratium/config/config.go:477.22,478.31 1 1
stratium/config/config.go:478.31,480.4 1 1
stratium/config/config.go:481.3,481.30 1 1
stratium/config/config.go:481.30,483.4 1 1
stratium/config/config.go:486.2,486.31 1 1
stratium/config/config.go:486.31,488.59 2 1
stratium/config/config.go:488.59,489.39 1 1
stratium/config/config.go:489.39,491.10 2 1
stratium/config/config.go:494.3,494.17 1 1
stratium/config/config.go:494.17,496.4 1 1
stratium/config/config.go:500.2,500.30 1 1
stratium/config/config.go:500.30,501.41 1 0
stratium/config/config.go:501.41,503.4 1 0
stratium/config/config.go:504.3,504.51 1 0
stratium/config/config.go:504.51,505.25 1 0
stratium/config/config.go:505.25,507.5 1 0
stratium/config/config.go:508.4,509.24 2 0
stratium/config/config.go:509.24,511.5 1 0
stratium/config/config.go:512.4,512.22 1 0
stratium/config/config.go:513.18,514.29 1 0
stratium/config/config.go:514.29,516.6 1 0
stratium/config/config.go:517.5,517.56 1 0
stratium/config/config.go:517.56,519.6 1 0
stratium/config/config.go:520.12,521.98 1 0
stratium/config/config.go:527.2,527.25 1 1
stratium/config/config.go:527.25,528.29 1 0
stratium/config/config.go:528.29,530.4 1 0
stratium/config/config.go:531.3,531.38 1 0
stratium/config/config.go:531.38,533.4 1 0
stratium/config/config.go:534.3,534.39 1 0
stratium/config/config.go:534.39,536.4 1 0
stratium/config/config.go:539.2,539.48 1 1
stratium/config/config.go:539.48,541.3 1 0
stratium/config/config.go:543.2,543.79 1 1
stratium/config/config.go:543.79,545.3 1 0
stratium/config/config.go:547.2,547.12 1 1
stratium/config/config.go:551.42,552.29 1 1
stratium/config/config.go:552.29,554.3 1 1
stratium/config/config.go:556.2,564.3 1 1
stratium/config/config.go:568.73,570.16 2 1
stratium/config/config.go:570.16,572.3 1 1
stratium/config/config.go:573.2,573.64 1 1
stratium/config/config.go:573.64,575.3 1 1
stratium/config/config.go:576.2,576.17 1 1
stratium/config/config.go:580.39,582.2 1 1
stratium/config/config.go:585.38,587.2 1 1
stratium/config/config.go:590.42,596.2 5 1
stratium/config/config.go:599.35,600.16 1 1
stratium/config/config.go:600.16,602.3 1 1
stratium/config/config.go:603.2,604.35 2 1
stratium/config/config.go:604.35,606.3 1 1
stratium/config/config.go:607.2,608.19 2 1
stratium/config/config.go:611.44,612.32 1 1
stratium/config/config.go:612.32,614.3 1 1
stratium/config/config.go:616.2,616.57 1 0
stratium/config/config.go:616.57,618.3 1 0
stratium/config/config.go:620.2,621.9 2 0
stratium/config/config.go:621.9,623.3 1 0
stratium/config/config.go:624.2,624.48 1 0
stratium/config/config.go:624.48,626.3 1 0
stratium/config/config.go:628.2,628.78 1 0
stratium/config/config.go:628.78,630.3 1 0
stratium/config/config.go:632.2,632.56 1 0
stratium/config/config.go:632.56,634.3 1 0
stratium/config/config.go:636.2,636.12 1 0
stratium/config/config.go:640.37,648.37 5 1
stratium/config/config.go:648.37,650.3 1 1
stratium/config/config.go:653.2,653.43 1 1
stratium/config/config.go:653.43,656.3 2 1
stratium/config/config.go:659.2,659.39 1 1
stratium/config/config.go:659.39,670.3 8 0
stratium/config/config.go:673.2,673.41 1 1
stratium/config/config.go:673.41,675.3 1 0
stratium/config/config.go:678.2,678.37 1 1
stratium/config/config.go:678.37,684.3 5 1
stratium/config/config.go:689.70,691.40 1 1
stratium/config/config.go:691.40,693.3 1 0
stratium/config/config.go:695.2,695.42 1 1
stratium/config/config.go:695.42,697.3 1 1
stratium/config/config.go:700.2,700.21 1 0
stratium/config/config.go:701.27,703.38 2 0
stratium/config/config.go:704.28,706.38 2 0
stratium/cmd/platform-client/main.go:19.13,24.16 3 0
stratium/cmd/platform-client/main.go:24.16,26.3 1 0
stratium/cmd/platform-client/main.go:27.2,54.16 8 0
stratium/cmd/platform-client/main.go:54.16,56.3 1 0
stratium/cmd/platform-client/main.go:58.2,81.16 8 0
stratium/cmd/platform-client/main.go:81.16,83.3 1 0
stratium/cmd/platform-client/main.go:85.2,100.16 6 0
stratium/cmd/platform-client/main.go:100.16,102.3 1 0
stratium/cmd/platform-client/main.go:104.2,107.60 3 0
stratium/cmd/platform-client/main.go:107.60,114.38 6 0
stratium/cmd/platform-client/main.go:114.38,116.53 2 0
stratium/cmd/platform-client/main.go:116.53,119.5 1 0
stratium/cmd/platform-client/main.go:124.2,136.16 4 0
stratium/cmd/platform-client/main.go:136.16,138.3 1 0
stratium/cmd/platform-client/main.go:140.2,141.68 2 0
stratium/cmd/platform-client/main.go:141.68,143.3 1 0
stratium/cmd/platform-client/main.go:146.2,162.16 4 0
stratium/cmd/platform-client/main.go:162.16,164.3 1 0
stratium/cmd/platform-client/main.go:166.2,169.64 3 0
stratium/cmd/platform-server/main.go:42.13,51.14 5 0
stratium/cmd/platform-server/main.go:51.14,54.3 2 0
stratium/cmd/platform-server/main.go:57.2,58.16 2 0
stratium/cmd/platform-server/main.go:58.16,61.3 2 0
stratium/cmd/platform-server/main.go:64.2,71.16 5 0
stratium/cmd/platform-server/main.go:71.16,74.3 2 0
stratium/cmd/platform-server/main.go:75.2,75.48 1 0
stratium/cmd/platform-server/main.go:75.48,78.3 2 0
stratium/cmd/platform-server/main.go:79.2,89.16 5 0
stratium/cmd/platform-server/main.go:89.16,91.3 1 0
stratium/cmd/platform-server/main.go:92.2,92.30 1 0
stratium/cmd/platform-server/main.go:92.30,94.3 1 0
stratium/cmd/platform-server/main.go:97.2,99.16 3 0
stratium/cmd/platform-server/main.go:99.16,102.3 2 0
stratium/cmd/platform-server/main.go:103.2,106.56 2 0
stratium/cmd/platform-server/main.go:106.56,109.3 2 0
stratium/cmd/platform-server/main.go:110.2,115.31 4 0
stratium/cmd/platform-server/main.go:115.31,124.17 3 0
stratium/cmd/platform-server/main.go:124.17,128.4 3 0
stratium/cmd/platform-server/main.go:128.9,130.4 1 0
stratium/cmd/platform-server/main.go:131.8,134.3 2 0
stratium/cmd/platform-server/main.go:137.2,148.16 8 0
stratium/cmd/platform-server/main.go:148.16,151.3 2 0
stratium/cmd/platform-server/main.go:154.2,172.28 6 0
stratium/cmd/platform-server/main.go:172.28,180.17 2 0
stratium/cmd/platform-server/main.go:180.17,183.4 2 0
stratium/cmd/platform-server/main.go:184.3,184.85 1 0
stratium/cmd/platform-server/main.go:187.2,196.12 4 0
stratium/cmd/platform-server/main.go:196.12,210.47 13 0
stratium/cmd/platform-server/main.go:210.47,213.4 2 0
stratium/cmd/platform-server/main.go:217.2,222.27 5 0
stratium/cmd/platform-server/main.go:226.67,234.31 6 0
stratium/cmd/platform-server/main.go:234.31,236.3 1 0
stratium/cmd/platform-server/main.go:237.2,239.25 2 0
stratium/cmd/platform-server/main.go:239.25,242.3 2 0
stratium/cmd/platform-server/main.go:242.8,242.31 1 0
stratium/cmd/platform-server/main.go:242.31,247.3 4 0
stratium/cmd/platform-server/main.go:250.60,251.16 1 0
stratium/cmd/platform-server/main.go:251.16,253.3 1 0
stratium/cmd/platform-server/main.go:254.2,254.12 1 0
stratium/cmd/platform-server/main.go:254.12,256.97 2 0
stratium/cmd/platform-server/main.go:256.97,258.4 1 0
stratium/cmd/platform-server/main.go:263.44,267.2 1 0
stratium/cmd/pap-server/main.go:31.13,38.14 3 0
stratium/cmd/pap-server/main.go:38.14,41.3 2 0
stratium/cmd/pap-server/main.go:44.2,45.16 2 0
stratium/cmd/pap-server/main.go:45.16,48.3 2 0
stratium/cmd/pap-server/main.go:51.2,58.16 5 0
stratium/cmd/pap-server/main.go:58.16,61.3 2 0
stratium/cmd/pap-server/main.go:62.2,62.48 1 0
stratium/cmd/pap-server/main.go:62.48,65.3 2 0
stratium/cmd/pap-server/main.go:66.2,77.16 6 0
stratium/cmd/pap-server/main.go:77.16,80.3 2 0
stratium/cmd/pap-server/main.go:81.2,84.56 2 0
stratium/cmd/pap-server/main.go:84.56,87.3 2 0
stratium/cmd/pap-server/main.go:88.2,92.22 3 0
stratium/cmd/pap-server/main.go:92.22,102.17 4 0
stratium/cmd/pap-server/main.go:102.17,105.4 2 0
stratium/cmd/pap-server/main.go:106.3,106.65 1 0
stratium/cmd/pap-server/main.go:107.8,108.25 1 0
stratium/cmd/pap-server/main.go:108.25,111.4 2 0
stratium/cmd/pap-server/main.go:112.3,113.41 2 0
stratium/cmd/pap-server/main.go:117.2,119.31 2 0
stratium/cmd/pap-server/main.go:119.31,127.17 3 0
stratium/cmd/pap-server/main.go:127.17,131.4 3 0
stratium/cmd/pap-server/main.go:131.9,133.4 1 0
stratium/cmd/pap-server/main.go:134.8,137.3 2 0
stratium/cmd/pap-server/main.go:140.2,141.28 2 0
stratium/cmd/pap-server/main.go:141.28,149.17 2 0
stratium/cmd/pap-server/main.go:149.17,152.4 2 0
stratium/cmd/pap-server/main.go:153.3,153.33 1 0
stratium/cmd/pap-server/main.go:157.2,160.12 2 0
stratium/cmd/pap-server/main.go:160.12,173.50 12 0
stratium/cmd/pap-server/main.go:173.50,176.4 2 0
stratium/cmd/pap-server/main.go:180.2,184.63 4 0
stratium/cmd/pap-server/main.go:189.67,197.31 6 0
stratium/cmd/pap-server/main.go:197.31,199.3 1 0
stratium/cmd/pap-server/main.go:200.2,202.25 2 0
stratium/cmd/pap-server/main.go:202.25,206.3 3 0
stratium/cmd/pap-server/main.go:206.8,206.31 1 0
stratium/cmd/pap-server/main.go:206.31,212.3 5 0
stratium/cmd/pap-server/main.go:216.44,220.2 1 0
stratium/cmd/key-manager-client/main.go:19.13,24.16 3 0
stratium/cmd/key-manager-client/main.go:24.16,26.3 1 0
stratium/cmd/key-manager-client/main.go:27.2,39.16 7 0
stratium/cmd/key-manager-client/main.go:39.16,41.3 1 0
stratium/cmd/key-manager-client/main.go:43.2,44.51 2 0
stratium/cmd/key-manager-client/main.go:44.51,51.3 6 0
stratium/cmd/key-manager-client/main.go:54.2,70.16 4 0
stratium/cmd/key-manager-client/main.go:70.16,72.3 1 0
stratium/cmd/key-manager-client/main.go:74.2,88.16 9 0
stratium/cmd/key-manager-client/main.go:88.16,90.3 1 0
stratium/cmd/key-manager-client/main.go:92.2,103.16 7 0
stratium/cmd/key-manager-client/main.go:103.16,105.3 1 0
stratium/cmd/key-manager-client/main.go:107.2,110.40 3 0
stratium/cmd/key-manager-client/main.go:110.40,117.3 6 0
stratium/cmd/key-manager-client/main.go:120.2,139.16 5 0
stratium/cmd/key-manager-client/main.go:139.16,141.3 1 0
stratium/cmd/key-manager-client/main.go:143.2,147.33 4 0
stratium/cmd/key-manager-client/main.go:147.33,150.3 2 0
stratium/cmd/key-manager-client/main.go:153.2,160.16 4 0
stratium/cmd/key-manager-client/main.go:160.16,162.3 1 0
stratium/cmd/key-manager-client/main.go:164.2,183.16 8 0
stratium/cmd/key-manager-client/main.go:183.16,185.3 1 0
stratium/cmd/key-manager-client/main.go:185.8,187.3 1 0
stratium/cmd/key-manager-client/main.go:190.2,197.16 4 0
stratium/cmd/key-manager-client/main.go:197.16,199.3 1 0
stratium/cmd/key-manager-client/main.go:201.2,202.48 2 0
stratium/cmd/key-manager-client/main.go:202.48,204.3 1 0
stratium/cmd/key-manager-client/main.go:207.2,214.16 4 0
stratium/cmd/key-manager-client/main.go:214.16,216.3 1 0
stratium/cmd/key-manager-client/main.go:218.2,221.76 3 0
stratium/cmd/pap-cli/main.go:10.13,11.38 1 0
stratium/cmd/pap-cli/main.go:11.38,14.3 2 0
stratium/cmd/pap-cli/cmd/audit.go:45.13,59.2 10 0
stratium/cmd/pap-cli/cmd/audit.go:61.60,66.27 3 0
stratium/cmd/pap-cli/cmd/audit.go:66.27,68.3 1 0
stratium/cmd/pap-cli/cmd/audit.go:69.2,69.25 1 0
stratium/cmd/pap-cli/cmd/audit.go:69.25,71.3 1 0
stratium/cmd/pap-cli/cmd/audit.go:72.2,72.23 1 0
stratium/cmd/pap-cli/cmd/audit.go:72.23,74.3 1 0
stratium/cmd/pap-cli/cmd/audit.go:75.2,75.22 1 0
stratium/cmd/pap-cli/cmd/audit.go:75.22,77.3 1 0
stratium/cmd/pap-cli/cmd/audit.go:78.2,78.26 1 0
stratium/cmd/pap-cli/cmd/audit.go:78.26,80.3 1 0
stratium/cmd/pap-cli/cmd/audit.go:81.2,81.24 1 0
stratium/cmd/pap-cli/cmd/audit.go:81.24,83.3 1 0
stratium/cmd/pap-cli/cmd/audit.go:85.2,86.16 2 0
stratium/cmd/pap-cli/cmd/audit.go:86.16,88.3 1 0
stratium/cmd/pap-cli/cmd/audit.go:90.2,90.44 1 0
stratium/cmd/pap-cli/cmd/audit.go:90.44,92.3 1 0
stratium/cmd/pap-cli/cmd/audit.go:94.2,95.16 2 0
stratium/cmd/pap-cli/cmd/audit.go:95.16,97.3 1 0
stratium/cmd/pap-cli/cmd/audit.go:99.2,100.54 2 0
stratium/cmd/pap-cli/cmd/audit.go:100.54,102.3 1 0
stratium/cmd/pap-cli/cmd/audit.go:105.2,105.58 1 0
stratium/cmd/pap-cli/cmd/audit.go:105.58,106.21 1 0
stratium/cmd/pap-cli/cmd/audit.go:106.21,109.4 2 0
stratium/cmd/pap-cli/cmd/audit.go:110.3,110.24 1 0
stratium/cmd/pap-cli/cmd/audit.go:110.24,112.4 1 0
stratium/cmd/pap-cli/cmd/audit.go:115.2,115.27 1 0
stratium/cmd/pap-cli/cmd/audit.go:118.59,123.16 4 0
stratium/cmd/pap-cli/cmd/audit.go:123.16,125.3 1 0
stratium/cmd/pap-cli/cmd/audit.go:127.2,127.44 1 0
stratium/cmd/pap-cli/cmd/audit.go:127.44,129.3 1 0
stratium/cmd/pap-cli/cmd/audit.go:131.2,132.16 2 0
stratium/cmd/pap-cli/cmd/audit.go:132.16,134.3 1 0
stratium/cmd/pap-cli/cmd/audit.go:136.2,137.54 2 0
stratium/cmd/pap-cli/cmd/audit.go:137.54,139.3 1 0
stratium/cmd/pap-cli/cmd/audit.go:141.2,141.27 1 0
stratium/cmd/pap-cli/cmd/client.go:20.53,28.2 1 0
stratium/cmd/pap-cli/cmd/client.go:31.92,35.17 3 0
stratium/cmd/pap-cli/cmd/client.go:35.17,37.17 2 0
stratium/cmd/pap-cli/cmd/client.go:37.17,39.4 1 0
stratium/cmd/pap-cli/cmd/client.go:40.3,40.38 1 0
stratium/cmd/pap-cli/cmd/client.go:43.2,44.16 2 0
stratium/cmd/pap-cli/cmd/client.go:44.16,46.3 1 0
stratium/cmd/pap-cli/cmd/client.go:49.2,50.19 2 0
stratium/cmd/pap-cli/cmd/client.go:50.19,52.3 1 0
stratium/cmd/pap-cli/cmd/client.go:54.2,54.13 1 0
stratium/cmd/pap-cli/cmd/client.go:54.13,56.18 2 0
stratium/cmd/pap-cli/cmd/client.go:56.18,59.4 2 0
stratium/cmd/pap-cli/cmd/client.go:62.2,63.16 2 0
stratium/cmd/pap-cli/cmd/client.go:63.16,65.3 1 0
stratium/cmd/pap-cli/cmd/client.go:67.2,67.13 1 0
stratium/cmd/pap-cli/cmd/client.go:67.13,69.3 1 0
stratium/cmd/pap-cli/cmd/client.go:71.2,71.18 1 0
stratium/cmd/pap-cli/cmd/client.go:75.62,77.2 1 0
stratium/cmd/pap-cli/cmd/client.go:80.81,82.2 1 0
stratium/cmd/pap-cli/cmd/client.go:85.80,87.2 1 0
stratium/cmd/pap-cli/cmd/client.go:90.65,92.2 1 0
stratium/cmd/pap-cli/cmd/client.go:95.60,98.2 2 0
stratium/cmd/pap-cli/cmd/client.go:101.47,102.53 1 0
stratium/cmd/pap-cli/cmd/client.go:102.53,104.3 1 0
stratium/cmd/pap-cli/cmd/client.go:106.2,107.16 2 0
stratium/cmd/pap-cli/cmd/client.go:107.16,109.3 1 0
stratium/cmd/pap-cli/cmd/client.go:111.2,116.57 2 0
stratium/cmd/pap-cli/cmd/client.go:116.57,118.3 1 0
stratium/cmd/pap-cli/cmd/client.go:120.2,120.27 1 0
stratium/cmd/pap-cli/cmd/client.go:120.27,122.3 1 0
stratium/cmd/pap-cli/cmd/client.go:124.2,124.29 1 0
stratium/cmd/pap-cli/cmd/client.go:124.29,126.3 1 0
stratium/cmd/pap-cli/cmd/client.go:128.2,128.62 1 0
stratium/cmd/pap-cli/cmd/entitlement.go:96.13,125.2 17 0
stratium/cmd/pap-cli/cmd/entitlement.go:127.66,132.30 3 0
stratium/cmd/pap-cli/cmd/entitlement.go:132.30,134.3 1 0
stratium/cmd/pap-cli/cmd/entitlement.go:135.2,135.29 1 0
stratium/cmd/pap-cli/cmd/entitlement.go:135.29,137.3 1 0
stratium/cmd/pap-cli/cmd/entitlement.go:139.2,140.16 2 0
stratium/cmd/pap-cli/cmd/entitlement.go:140.16,142.3 1 0
stratium/cmd/pap-cli/cmd/entitlement.go:144.2,144.44 1 0
stratium/cmd/pap-cli/cmd/entitlement.go:144.44,146.3 1 0
stratium/cmd/pap-cli/cmd/entitlement.go:148.2,149.16 2 0
stratium/cmd/pap-cli/cmd/entitlement.go:149.16,151.3 1 0
stratium/cmd/pap-cli/cmd/entitlement.go:153.2,154.54 2 0
stratium/cmd/pap-cli/cmd/entitlement.go:154.54,156.3 1 0
stratium/cmd/pap-cli/cmd/entitlement.go:159.2,159.68 1 0
stratium/cmd/pap-cli/cmd/entitlement.go:159.68,160.29 1 0
stratium/cmd/pap-cli/cmd/entitlement.go:160.29,163.4 2 0
stratium/cmd/pap-cli/cmd/entitlement.go:164.3,164.24 1 0
stratium/cmd/pap-cli/cmd/entitlement.go:164.24,166.4 1 0
stratium/cmd/pap-cli/cmd/entitlement.go:169.2,169.27 1 0
stratium/cmd/pap-cli/cmd/entitlement.go:172.65,177.16 4 0
stratium/cmd/pap-cli/cmd/entitlement.go:177.16,179.3 1 0
stratium/cmd/pap-cli/cmd/entitlement.go:181.2,181.44 1 0
stratium/cmd/pap-cli/cmd/entitlement.go:181.44,183.3 1 0
stratium/cmd/pap-cli/cmd/entitlement.go:185.2,186.16 2 0
stratium/cmd/pap-cli/cmd/entitlement.go:186.16,188.3 1 0
stratium/cmd/pap-cli/cmd/entitlement.go:190.2,191.54 2 0
stratium/cmd/pap-cli/cmd/entitlement.go:191.54,193.3 1 0
stratium/cmd/pap-cli/cmd/entitlement.go:195.2,195.27 1 0
stratium/cmd/pap-cli/cmd/entitlement.go:198.68,204.27 3 0
stratium/cmd/pap-cli/cmd/entitlement.go:204.27,206.17 2 0
stratium/cmd/pap-cli/cmd/entitlement.go:206.17,208.4 1 0
stratium/cmd/pap-cli/cmd/entitlement.go:209.3,209.63 1 0
stratium/cmd/pap-cli/cmd/entitlement.go:209.63,211.4 1 0
stratium/cmd/pap-cli/cmd/entitlement.go:212.8,212.34 1 0
stratium/cmd/pap-cli/cmd/entitlement.go:212.34,213.82 1 0
stratium/cmd/pap-cli/cmd/entitlement.go:213.82,215.4 1 0
stratium/cmd/pap-cli/cmd/entitlement.go:216.8,218.3 1 0
stratium/cmd/pap-cli/cmd/entitlement.go:220.2,221.16 2 0
stratium/cmd/pap-cli/cmd/entitlement.go:221.16,223.3 1 0
stratium/cmd/pap-cli/cmd/entitlement.go:225.2,225.44 1 0
stratium/cmd/pap-cli/cmd/entitlement.go:225.44,227.3 1 0
stratium/cmd/pap-cli/cmd/entitlement.go:229.2,230.16 2 0
stratium/cmd/pap-cli/cmd/entitlement.go:230.16,232.3 1 0
stratium/cmd/pap-cli/cmd/entitlement.go:234.2,235.54 2 0
stratium/cmd/pap-cli/cmd/entitlement.go:235.54,237.3 1 0
stratium/cmd/pap-cli/cmd/entitlement.go:239.2,240.27 2 0
stratium/cmd/pap-cli/cmd/entitlement.go:243.68,250.27 4 0
stratium/cmd/pap-cli/cmd/entitlement.go:250.27,252.17 2 0
stratium/cmd/pap-cli/cmd/entitlement.go:252.17,254.4 1 0
stratium/cmd/pap-cli/cmd/entitlement.go:255.3,255.58 1 0
stratium/cmd/pap-cli/cmd/entitlement.go:255.58,257.4 1 0
stratium/cmd/pap-cli/cmd/entitlement.go:258.8,258.34 1 0
stratium/cmd/pap-cli/cmd/entitlement.go:258.34,259.77 1 0
stratium/cmd/pap-cli/cmd/entitlement.go:259.77,261.4 1 0
stratium/cmd/pap-cli/cmd/entitlement.go:262.8,264.3 1 0
stratium/cmd/pap-cli/cmd/entitlement.go:266.2,267.16 2 0
stratium/cmd/pap-cli/cmd/entitlement.go:267.16,269.3 1 0
stratium/cmd/pap-cli/cmd/entitlement.go:271.2,271.44 1 0
stratium/cmd/pap-cli/cmd/entitlement.go:271.44,273.3 1 0
stratium/cmd/pap-cli/cmd/entitlement.go:275.2,276.16 2 0
stratium/cmd/pap-cli/cmd/entitlement.go:276.16,278.3 1 0
stratium/cmd/pap-cli/cmd/entitlement.go:280.2,281.54 2 0
stratium/cmd/pap-cli/cmd/entitlement.go:281.54,283.3 1 0
stratium/cmd/pap-cli/cmd/entitlement.go:285.2,286.27 2 0
stratium/cmd/pap-cli/cmd/entitlement.go:289.68,293.23 3 0
stratium/cmd/pap-cli/cmd/entitlement.go:293.23,297.41 4 0
stratium/cmd/pap-cli/cmd/entitlement.go:297.41,300.4 2 0
stratium/cmd/pap-cli/cmd/entitlement.go:303.2,304.16 2 0
stratium/cmd/pap-cli/cmd/entitlement.go:304.16,306.3 1 0
stratium/cmd/pap-cli/cmd/entitlement.go:308.2,308.44 1 0
stratium/cmd/pap-cli/cmd/entitlement.go:308.44,310.3 1 0
stratium/cmd/pap-cli/cmd/entitlement.go:312.2,313.12 2 0
stratium/cmd/pap-cli/cmd/entitlement.go:316.67,322.27 3 0
stratium/cmd/pap-cli/cmd/entitlement.go:322.27,324.17 2 0
stratium/cmd/pap-cli/cmd/entitlement.go:324.17,326.4 1 0
stratium/cmd/pap-cli/cmd/entitlement.go:327.3,327.57 1 0
stratium/cmd/pap-cli/cmd/entitlement.go:327.57,329.4 1 0
stratium/cmd/pap-cli/cmd/entitlement.go:330.8,330.34 1 0
stratium/cmd/pap-cli/cmd/entitlement.go:330.34,331.76 1 0
stratium/cmd/pap-cli/cmd/entitlement.go:331.76,333.4 1 0
stratium/cmd/pap-cli/cmd/entitlement.go:334.8,336.3 1 0
stratium/cmd/pap-cli/cmd/entitlement.go:338.2,339.16 2 0
stratium/cmd/pap-cli/cmd/entitlement.go:339.16,341.3 1 0
stratium/cmd/pap-cli/cmd/entitlement.go:343.2,343.44 1 0
stratium/cmd/pap-cli/cmd/entitlement.go:343.44,345.3 1 0
stratium/cmd/pap-cli/cmd/entitlement.go:347.2,348.16 2 0
stratium/cmd/pap-cli/cmd/entitlement.go:348.16,350.3 1 0
stratium/cmd/pap-cli/cmd/entitlement.go:352.2,353.54 2 0
stratium/cmd/pap-cli/cmd/entitlement.go:353.54,355.3 1 0
stratium/cmd/pap-cli/cmd/entitlement.go:358.2,358.68 1 0
stratium/cmd/pap-cli/cmd/entitlement.go:358.68,359.29 1 0
stratium/cmd/pap-cli/cmd/entitlement.go:359.29,362.4 2 0
stratium/cmd/pap-cli/cmd/entitlement.go:363.3,363.24 1 0
stratium/cmd/pap-cli/cmd/entitlement.go:363.24,365.4 1 0
stratium/cmd/pap-cli/cmd/entitlement.go:368.2,368.27 1 0
stratium/cmd/pap-cli/cmd/login.go:44.13,59.2 12 0
stratium/cmd/pap-cli/cmd/login.go:61.56,73.13 8 0
stratium/cmd/pap-cli/cmd/login.go:73.13,77.3 3 0
stratium/cmd/pap-cli/cmd/login.go:80.2,81.16 2 0
stratium/cmd/pap-cli/cmd/login.go:81.16,83.3 1 0
stratium/cmd/pap-cli/cmd/login.go:85.2,89.16 4 0
stratium/cmd/pap-cli/cmd/login.go:89.16,91.3 1 0
stratium/cmd/pap-cli/cmd/login.go:92.2,95.16 3 0
stratium/cmd/pap-cli/cmd/login.go:95.16,97.3 1 0
stratium/cmd/pap-cli/cmd/login.go:99.2,99.38 1 0
stratium/cmd/pap-cli/cmd/login.go:99.38,105.28 3 0
stratium/cmd/pap-cli/cmd/login.go:105.28,107.4 1 0
stratium/cmd/pap-cli/cmd/login.go:108.3,108.71 1 0
stratium/cmd/pap-cli/cmd/login.go:111.2,119.57 2 0
stratium/cmd/pap-cli/cmd/login.go:119.57,121.3 1 0
stratium/cmd/pap-cli/cmd/login.go:123.2,123.33 1 0
stratium/cmd/pap-cli/cmd/login.go:123.33,125.3 1 0
stratium/cmd/pap-cli/cmd/login.go:128.2,128.15 1 0
stratium/cmd/pap-cli/cmd/login.go:128.15,129.75 1 0
stratium/cmd/pap-cli/cmd/login.go:129.75,131.4 1 0
stratium/cmd/pap-cli/cmd/login.go:131.9,132.15 1 0
stratium/cmd/pap-cli/cmd/login.go:132.15,134.5 1 0
stratium/cmd/pap-cli/cmd/login.go:138.2,142.42 4 0
stratium/cmd/pap-cli/cmd/login.go:142.42,148.3 1 0
stratium/cmd/pap-cli/cmd/login.go:150.2,150.12 1 0
stratium/cmd/pap-cli/cmd/login.go:153.57,156.54 2 0
stratium/cmd/pap-cli/cmd/login.go:156.54,159.3 2 0
stratium/cmd/pap-cli/cmd/login.go:161.2,161.45 1 0
stratium/cmd/pap-cli/cmd/login.go:161.45,163.3 1 0
stratium/cmd/pap-cli/cmd/login.go:165.2,166.12 2 0
stratium/cmd/pap-cli/cmd/login.go:169.35,171.16 2 0
stratium/cmd/pap-cli/cmd/login.go:171.16,173.3 1 0
stratium/cmd/pap-cli/cmd/login.go:174.2,174.57 1 0
stratium/cmd/pap-cli/cmd/login.go:177.48,180.47 2 0
stratium/cmd/pap-cli/cmd/login.go:180.47,182.3 1 0
stratium/cmd/pap-cli/cmd/login.go:185.2,185.64 1 0
stratium/cmd/pap-cli/cmd/login.go:185.64,187.3 1 0
stratium/cmd/pap-cli/cmd/login.go:189.2,189.12 1 0
stratium/cmd/pap-cli/cmd/login.go:193.42,197.16 3 0
stratium/cmd/pap-cli/cmd/login.go:197.16,198.25 1 0
stratium/cmd/pap-cli/cmd/login.go:198.25,200.4 1 0
stratium/cmd/pap-cli/cmd/login.go:201.3,201.62 1 0
stratium/cmd/pap-cli/cmd/login.go:204.2,204.45 1 0
stratium/cmd/pap-cli/cmd/login.go:208.33,210.17 1 0
stratium/cmd/pap-cli/cmd/login.go:210.17,212.3 1 0
stratium/cmd/pap-cli/cmd/login.go:215.2,215.56 1 0
stratium/cmd/pap-cli/cmd/login.go:215.56,217.3 1 0
stratium/cmd/pap-cli/cmd/login.go:220.2,221.16 2 0
stratium/cmd/pap-cli/cmd/login.go:221.16,223.3 1 0
stratium/cmd/pap-cli/cmd/login.go:225.2,225.21 1 0
stratium/cmd/pap-cli/cmd/login.go:225.21,227.3 1 0
stratium/cmd/pap-cli/cmd/login.go:229.2,229.128 1 0
stratium/cmd/pap-cli/cmd/login.go:233.13,235.28 1 0
stratium/cmd/pap-cli/cmd/login.go:235.28,236.18 1 0
stratium/cmd/pap-cli/cmd/login.go:236.18,237.64 1 0
stratium/cmd/pap-cli/cmd/login.go:237.64,239.5 1 0
stratium/cmd/pap-cli/cmd/output.go:18.41,19.16 1 0
stratium/cmd/pap-cli/cmd/output.go:20.14,21.26 1 0
stratium/cmd/pap-cli/cmd/output.go:22.14,23.26 1 0
stratium/cmd/pap-cli/cmd/output.go:24.15,25.27 1 0
stratium/cmd/pap-cli/cmd/output.go:26.10,27.61 1 0
stratium/cmd/pap-cli/cmd/output.go:31.41,35.2 3 0
stratium/cmd/pap-cli/cmd/output.go:37.41,41.2 3 0
stratium/cmd/pap-cli/cmd/output.go:43.42,45.26 1 0
stratium/cmd/pap-cli/cmd/output.go:46.21,47.18 1 0
stratium/cmd/pap-cli/cmd/output.go:47.18,50.4 2 0
stratium/cmd/pap-cli/cmd/output.go:51.3,51.32 1 0
stratium/cmd/pap-cli/cmd/output.go:52.30,53.30 1 0
stratium/cmd/pap-cli/cmd/output.go:54.10,56.26 1 0
stratium/cmd/pap-cli/cmd/output.go:60.53,61.21 1 0
stratium/cmd/pap-cli/cmd/output.go:61.21,63.3 1 0
stratium/cmd/pap-cli/cmd/output.go:66.2,68.16 3 0
stratium/cmd/pap-cli/cmd/output.go:68.16,70.3 1 0
stratium/cmd/pap-cli/cmd/output.go:72.2,80.29 5 0
stratium/cmd/pap-cli/cmd/output.go:80.29,82.17 2 0
stratium/cmd/pap-cli/cmd/output.go:82.17,84.4 1 0
stratium/cmd/pap-cli/cmd/output.go:85.3,85.46 1 0
stratium/cmd/pap-cli/cmd/output.go:88.2,88.12 1 0
stratium/cmd/pap-cli/cmd/output.go:91.56,95.28 3 0
stratium/cmd/pap-cli/cmd/output.go:95.28,97.3 1 0
stratium/cmd/pap-cli/cmd/output.go:99.2,99.12 1 0
stratium/cmd/pap-cli/cmd/output.go:102.57,104.9 2 0
stratium/cmd/pap-cli/cmd/output.go:104.9,106.3 1 0
stratium/cmd/pap-cli/cmd/output.go:108.2,113.37 3 0
stratium/cmd/pap-cli/cmd/output.go:113.37,114.34 1 0
stratium/cmd/pap-cli/cmd/output.go:114.34,116.4 1 0
stratium/cmd/pap-cli/cmd/output.go:120.2,120.21 1 0
stratium/cmd/pap-cli/cmd/output.go:120.21,121.37 1 0
stratium/cmd/pap-cli/cmd/output.go:121.37,123.4 1 0
stratium/cmd/pap-cli/cmd/output.go:126.2,126.21 1 0
stratium/cmd/pap-cli/cmd/output.go:129.74,131.9 2 0
stratium/cmd/pap-cli/cmd/output.go:131.9,133.3 1 0
stratium/cmd/pap-cli/cmd/output.go:135.2,136.33 2 0
stratium/cmd/pap-cli/cmd/output.go:136.33,140.3 3 0
stratium/cmd/pap-cli/cmd/output.go:142.2,142.20 1 0
stratium/cmd/pap-cli/cmd/output.go:145.40,146.14 1 0
stratium/cmd/pap-cli/cmd/output.go:146.14,148.3 1 0
stratium/cmd/pap-cli/cmd/output.go:150.2,150.25 1 0
stratium/cmd/pap-cli/cmd/output.go:151.14,153.20 1 0
stratium/cmd/pap-cli/cmd/output.go:153.20,155.4 1 0
stratium/cmd/pap-cli/cmd/output.go:156.3,156.13 1 0
stratium/cmd/pap-cli/cmd/output.go:157.12,158.10 1 0
stratium/cmd/pap-cli/cmd/output.go:158.10,160.4 1 0
stratium/cmd/pap-cli/cmd/output.go:161.3,161.15 1 0
stratium/cmd/pap-cli/cmd/output.go:162.15,163.34 1 0
stratium/cmd/pap-cli/cmd/output.go:164.21,165.20 1 0
stratium/cmd/pap-cli/cmd/output.go:165.20,167.4 1 0
stratium/cmd/pap-cli/cmd/output.go:169.3,170.28 2 0
stratium/cmd/pap-cli/cmd/output.go:170.28,172.4 1 0
stratium/cmd/pap-cli/cmd/output.go:173.3,174.23 2 0
stratium/cmd/pap-cli/cmd/output.go:174.23,176.4 1 0
stratium/cmd/pap-cli/cmd/output.go:177.3,177.16 1 0
stratium/cmd/pap-cli/cmd/output.go:178.30,179.20 1 0
stratium/cmd/pap-cli/cmd/output.go:179.20,181.4 1 0
stratium/cmd/pap-cli/cmd/output.go:182.3,182.46 1 0
stratium/cmd/pap-cli/cmd/output.go:183.10,184.30 1 0
stratium/cmd/pap-cli/cmd/output.go:188.49,189.26 1 0
stratium/cmd/pap-cli/cmd/output.go:189.26,190.16 1 0
stratium/cmd/pap-cli/cmd/output.go:190.16,192.4 1 0
stratium/cmd/pap-cli/cmd/output.go:194.2,194.14 1 0
stratium/cmd/pap-cli/cmd/output.go:198.35,200.2 1 0
stratium/cmd/pap-cli/cmd/output.go:203.33,205.2 1 0
stratium/cmd/pap-cli/cmd/output.go:208.35,210.2 1 0
stratium/cmd/pap-cli/cmd/output.go:213.47,216.63 2 0
stratium/cmd/pap-cli/cmd/output.go:216.63,218.3 1 0
stratium/cmd/pap-cli/cmd/output.go:221.2,221.14 1 0
stratium/cmd/pap-cli/cmd/output.go:225.77,227.30 2 0
stratium/cmd/pap-cli/cmd/output.go:227.30,228.25 1 0
stratium/cmd/pap-cli/cmd/output.go:228.25,230.4 1 0
stratium/cmd/pap-cli/cmd/output.go:232.2,232.15 1 0
stratium/cmd/pap-cli/cmd/output.go:236.66,238.16 2 0
stratium/cmd/pap-cli/cmd/output.go:238.16,240.3 1 0
stratium/cmd/pap-cli/cmd/output.go:242.2,243.54 2 0
stratium/cmd/pap-cli/cmd/output.go:243.54,245.3 1 0
stratium/cmd/pap-cli/cmd/output.go:247.2,247.20 1 0
stratium/cmd/pap-cli/cmd/output.go:251.73,255.35 2 0
stratium/cmd/pap-cli/cmd/output.go:255.35,256.50 1 0
stratium/cmd/pap-cli/cmd/output.go:256.50,258.4 1 0
stratium/cmd/pap-cli/cmd/output.go:262.2,263.31 2 0
stratium/cmd/pap-cli/cmd/output.go:263.31,265.3 1 0
stratium/cmd/pap-cli/cmd/output.go:267.2,267.12 1 0
stratium/cmd/pap-cli/cmd/policy.go:103.13,140.2 25 0
stratium/cmd/pap-cli/cmd/policy.go:142.61,147.26 3 0
stratium/cmd/pap-cli/cmd/policy.go:147.26,149.3 1 0
stratium/cmd/pap-cli/cmd/policy.go:150.2,150.25 1 0
stratium/cmd/pap-cli/cmd/policy.go:150.25,152.3 1 0
stratium/cmd/pap-cli/cmd/policy.go:153.2,153.24 1 0
stratium/cmd/pap-cli/cmd/policy.go:153.24,155.3 1 0
stratium/cmd/pap-cli/cmd/policy.go:157.2,158.16 2 0
stratium/cmd/pap-cli/cmd/policy.go:158.16,160.3 1 0
stratium/cmd/pap-cli/cmd/policy.go:162.2,162.44 1 0
stratium/cmd/pap-cli/cmd/policy.go:162.44,164.3 1 0
stratium/cmd/pap-cli/cmd/policy.go:166.2,167.16 2 0
stratium/cmd/pap-cli/cmd/policy.go:167.16,169.3 1 0
stratium/cmd/pap-cli/cmd/policy.go:171.2,172.54 2 0
stratium/cmd/pap-cli/cmd/policy.go:172.54,174.3 1 0
stratium/cmd/pap-cli/cmd/policy.go:177.2,177.60 1 0
stratium/cmd/pap-cli/cmd/policy.go:177.60,178.25 1 0
stratium/cmd/pap-cli/cmd/policy.go:178.25,181.4 2 0
stratium/cmd/pap-cli/cmd/policy.go:182.3,182.24 1 0
stratium/cmd/pap-cli/cmd/policy.go:182.24,184.4 1 0
stratium/cmd/pap-cli/cmd/policy.go:187.2,187.27 1 0
stratium/cmd/pap-cli/cmd/policy.go:190.60,195.16 4 0
stratium/cmd/pap-cli/cmd/policy.go:195.16,197.3 1 0
stratium/cmd/pap-cli/cmd/policy.go:199.2,199.44 1 0
stratium/cmd/pap-cli/cmd/policy.go:199.44,201.3 1 0
stratium/cmd/pap-cli/cmd/policy.go:203.2,204.16 2 0
stratium/cmd/pap-cli/cmd/policy.go:204.16,206.3 1 0
stratium/cmd/pap-cli/cmd/policy.go:208.2,209.54 2 0
stratium/cmd/pap-cli/cmd/policy.go:209.54,211.3 1 0
stratium/cmd/pap-cli/cmd/policy.go:213.2,213.27 1 0
stratium/cmd/pap-cli/cmd/policy.go:216.63,222.22 3 0
stratium/cmd/pap-cli/cmd/policy.go:222.22,224.17 2 0
stratium/cmd/pap-cli/cmd/policy.go:224.17,226.4 1 0
stratium/cmd/pap-cli/cmd/policy.go:227.3,227.58 1 0
stratium/cmd/pap-cli/cmd/policy.go:227.58,229.4 1 0
stratium/cmd/pap-cli/cmd/policy.go:230.8,230.29 1 0
stratium/cmd/pap-cli/cmd/policy.go:230.29,231.72 1 0
stratium/cmd/pap-cli/cmd/policy.go:231.72,233.4 1 0
stratium/cmd/pap-cli/cmd/policy.go:234.8,236.46 1 0
stratium/cmd/pap-cli/cmd/policy.go:236.46,238.4 1 0
stratium/cmd/pap-cli/cmd/policy.go:239.3,247.4 1 0
stratium/cmd/pap-cli/cmd/policy.go:250.2,251.16 2 0
stratium/cmd/pap-cli/cmd/policy.go:251.16,253.3 1 0
stratium/cmd/pap-cli/cmd/policy.go:255.2,255.44 1 0
stratium/cmd/pap-cli/cmd/policy.go:255.44,257.3 1 0
stratium/cmd/pap-cli/cmd/policy.go:259.2,260.16 2 0
stratium/cmd/pap-cli/cmd/policy.go:260.16,262.3 1 0
stratium/cmd/pap-cli/cmd/policy.go:264.2,265.54 2 0
stratium/cmd/pap-cli/cmd/policy.go:265.54,267.3 1 0
stratium/cmd/pap-cli/cmd/policy.go:269.2,270.27 2 0
stratium/cmd/pap-cli/cmd/policy.go:273.63,280.22 4 0
stratium/cmd/pap-cli/cmd/policy.go:280.22,282.17 2 0
stratium/cmd/pap-cli/cmd/policy.go:282.17,284.4 1 0
stratium/cmd/pap-cli/cmd/policy.go:285.3,285.58 1 0
stratium/cmd/pap-cli/cmd/policy.go:285.58,287.4 1 0
stratium/cmd/pap-cli/cmd/policy.go:288.8,288.29 1 0
stratium/cmd/pap-cli/cmd/policy.go:288.29,289.72 1 0
stratium/cmd/pap-cli/cmd/policy.go:289.72,291.4 1 0
stratium/cmd/pap-cli/cmd/policy.go:292.8,294.3 1 0
stratium/cmd/pap-cli/cmd/policy.go:296.2,297.16 2 0
stratium/cmd/pap-cli/cmd/policy.go:297.16,299.3 1 0
stratium/cmd/pap-cli/cmd/policy.go:301.2,301.44 1 0
stratium/cmd/pap-cli/cmd/policy.go:301.44,303.3 1 0
stratium/cmd/pap-cli/cmd/policy.go:305.2,306.16 2 0
stratium/cmd/pap-cli/cmd/policy.go:306.16,308.3 1 0
stratium/cmd/pap-cli/cmd/policy.go:310.2,311.54 2 0
stratium/cmd/pap-cli/cmd/policy.go:311.54,313.3 1 0
stratium/cmd/pap-cli/cmd/policy.go:315.2,316.27 2 0
stratium/cmd/pap-cli/cmd/policy.go:319.63,323.18 3 0
stratium/cmd/pap-cli/cmd/policy.go:323.18,327.41 4 0
stratium/cmd/pap-cli/cmd/policy.go:327.41,330.4 2 0
stratium/cmd/pap-cli/cmd/policy.go:333.2,334.16 2 0
stratium/cmd/pap-cli/cmd/policy.go:334.16,336.3 1 0
stratium/cmd/pap-cli/cmd/policy.go:338.2,338.44 1 0
stratium/cmd/pap-cli/cmd/policy.go:338.44,340.3 1 0
stratium/cmd/pap-cli/cmd/policy.go:342.2,343.12 2 0
stratium/cmd/pap-cli/cmd/policy.go:346.65,352.22 3 0
stratium/cmd/pap-cli/cmd/policy.go:352.22,354.17 2 0
stratium/cmd/pap-cli/cmd/policy.go:354.17,356.4 1 0
stratium/cmd/pap-cli/cmd/policy.go:357.3,357.56 1 0
stratium/cmd/pap-cli/cmd/policy.go:357.56,359.4 1 0
stratium/cmd/pap-cli/cmd/policy.go:360.8,360.29 1 0
stratium/cmd/pap-cli/cmd/policy.go:360.29,361.70 1 0
stratium/cmd/pap-cli/cmd/policy.go:361.70,363.4 1 0
stratium/cmd/pap-cli/cmd/policy.go:364.8,366.3 1 0
stratium/cmd/pap-cli/cmd/policy.go:368.2,369.16 2 0
stratium/cmd/pap-cli/cmd/policy.go:369.16,371.3 1 0
stratium/cmd/pap-cli/cmd/policy.go:373.2,373.44 1 0
stratium/cmd/pap-cli/cmd/policy.go:373.44,375.3 1 0
stratium/cmd/pap-cli/cmd/policy.go:377.2,378.16 2 0
stratium/cmd/pap-cli/cmd/policy.go:378.16,380.3 1 0
stratium/cmd/pap-cli/cmd/policy.go:382.2,383.54 2 0
stratium/cmd/pap-cli/cmd/policy.go:383.54,385.3 1 0
stratium/cmd/pap-cli/cmd/policy.go:387.2,387.27 1 0
stratium/cmd/pap-cli/cmd/root.go:31.22,33.2 1 0
stratium/cmd/pap-cli/cmd/root.go:35.13,48.2 9 0
stratium/cmd/pap-cli/cmd/root.go:50.55,51.42 1 0
stratium/cmd/pap-cli/cmd/root.go:51.42,53.3 1 0
stratium/cmd/pap-cli/cmd/root.go:54.2,54.21 1 0
stratium/cmd/pap-cli/cmd/root.go:60.47,62.3 1 0
stratium/cmd/key-access-server/main.go:40.13,49.14 5 0
stratium/cmd/key-access-server/main.go:49.14,52.3 2 0
stratium/cmd/key-access-server/main.go:55.2,56.16 2 0
stratium/cmd/key-access-server/main.go:56.16,59.3 2 0
stratium/cmd/key-access-server/main.go:62.2,69.16 5 0
stratium/cmd/key-access-server/main.go:69.16,72.3 2 0
stratium/cmd/key-access-server/main.go:73.2,73.48 1 0
stratium/cmd/key-access-server/main.go:73.48,76.3 2 0
stratium/cmd/key-access-server/main.go:77.2,87.26 5 0
stratium/cmd/key-access-server/main.go:87.26,89.3 1 0
stratium/cmd/key-access-server/main.go:92.2,92.22 1 0
stratium/cmd/key-access-server/main.go:92.22,95.3 2 0
stratium/cmd/key-access-server/main.go:95.8,98.3 2 0
stratium/cmd/key-access-server/main.go:101.2,102.16 2 0
stratium/cmd/key-access-server/main.go:102.16,104.3 1 0
stratium/cmd/key-access-server/main.go:105.2,105.30 1 0
stratium/cmd/key-access-server/main.go:105.30,107.3 1 0
stratium/cmd/key-access-server/main.go:110.2,112.16 3 0
stratium/cmd/key-access-server/main.go:112.16,115.3 2 0
stratium/cmd/key-access-server/main.go:116.2,123.16 4 0
stratium/cmd/key-access-server/main.go:123.16,126.3 2 0
stratium/cmd/key-access-server/main.go:129.2,138.45 6 0
stratium/cmd/key-access-server/main.go:138.45,140.3 1 0
stratium/cmd/key-access-server/main.go:142.2,150.28 2 0
stratium/cmd/key-access-server/main.go:150.28,158.17 2 0
stratium/cmd/key-access-server/main.go:158.17,161.4 2 0
stratium/cmd/key-access-server/main.go:162.3,162.85 1 0
stratium/cmd/key-access-server/main.go:165.2,174.12 4 0
stratium/cmd/key-access-server/main.go:174.12,187.47 12 0
stratium/cmd/key-access-server/main.go:187.47,190.4 2 0
stratium/cmd/key-access-server/main.go:194.2,200.27 6 0
stratium/cmd/key-access-server/main.go:204.67,212.25 5 0
stratium/cmd/key-access-server/main.go:212.25,215.3 2 0
stratium/cmd/key-access-server/main.go:215.8,215.31 1 0
stratium/cmd/key-access-server/main.go:215.31,219.3 3 0
stratium/cmd/key-access-server/main.go:222.60,223.16 1 0
stratium/cmd/key-access-server/main.go:223.16,225.3 1 0
stratium/cmd/key-access-server/main.go:226.2,226.12 1 0
stratium/cmd/key-access-server/main.go:226.12,228.97 2 0
stratium/cmd/key-access-server/main.go:228.97,230.4 1 0
stratium/logging/logger.go:47.26,48.17 1 1
stratium/logging/logger.go:48.17,50.3 1 1
stratium/logging/logger.go:51.2,51.22 1 1
stratium/logging/logger.go:55.26,60.41 3 1
stratium/logging/logger.go:60.41,62.3 1 1
stratium/logging/logger.go:62.8,64.3 1 1
stratium/logging/logger.go:66.2,75.15 2 1
stratium/logging/logger.go:79.43,83.41 3 1
stratium/logging/logger.go:83.41,85.3 1 0
stratium/logging/logger.go:85.8,87.3 1 1
stratium/logging/logger.go:91.57,92.30 1 1
stratium/logging/logger.go:92.30,97.3 4 1
stratium/logging/logger.go:101.56,102.29 1 1
stratium/logging/logger.go:102.29,106.3 3 1
stratium/logging/logger.go:110.56,111.29 1 1
stratium/logging/logger.go:111.29,116.3 4 1
stratium/logging/logger.go:120.57,121.30 1 1
stratium/logging/logger.go:121.30,126.3 4 1
stratium/logging/logger.go:130.59,135.2 4 1
stratium/logging/logger.go:138.69,148.30 8 1
stratium/logging/logger.go:148.30,150.3 1 1
stratium/logging/logger.go:150.8,152.3 1 1
stratium/logging/logger.go:154.2,160.64 7 1
stratium/logging/logger.go:164.45,166.2 1 1
stratium/logging/logger.go:168.44,170.2 1 1
stratium/logging/logger.go:172.44,174.2 1 1
stratium/logging/logger.go:176.45,178.2 1 1
stratium/logging/logger.go:180.47,182.2 1 1
stratium/logging/logger.go:184.57,186.2 1 1
stratium/logging/logger.go:189.27,190.40 1 1
stratium/logging/logger.go:190.40,192.3 1 1
stratium/logging/logger.go:193.2,193.33 1 1
stratium/logging/logger.go:197.46,198.40 1 1
stratium/logging/logger.go:198.40,200.3 1 1
stratium/cmd/key-access-client/main.go:46.13,49.47 2 0
stratium/cmd/key-access-client/main.go:49.47,51.3 1 0
stratium/cmd/key-access-client/main.go:53.2,54.16 2 0
stratium/cmd/key-access-client/main.go:54.16,56.3 1 0
stratium/cmd/key-access-client/main.go:59.2,60.16 2 0
stratium/cmd/key-access-client/main.go:60.16,62.3 1 0
stratium/cmd/key-access-client/main.go:63.2,82.16 10 0
stratium/cmd/key-access-client/main.go:82.16,84.3 1 0
stratium/cmd/key-access-client/main.go:86.2,87.16 2 0
stratium/cmd/key-access-client/main.go:87.16,89.3 1 0
stratium/cmd/key-access-client/main.go:91.2,104.16 3 0
stratium/cmd/key-access-client/main.go:104.16,106.3 1 0
stratium/cmd/key-access-client/main.go:108.2,113.28 5 0
stratium/cmd/key-access-client/main.go:113.28,115.3 1 0
stratium/cmd/key-access-client/main.go:118.2,118.60 1 0
stratium/cmd/key-access-client/main.go:118.60,134.17 4 0
stratium/cmd/key-access-client/main.go:134.17,136.4 1 0
stratium/cmd/key-access-client/main.go:138.3,142.31 4 0
stratium/cmd/key-access-client/main.go:142.31,144.4 1 0
stratium/cmd/key-access-client/main.go:148.2,151.16 3 0
stratium/cmd/key-access-client/main.go:151.16,153.3 1 0
stratium/cmd/key-access-client/main.go:155.2,167.16 3 0
stratium/cmd/key-access-client/main.go:167.16,169.3 1 0
stratium/cmd/key-access-client/main.go:171.2,176.29 4 0
stratium/cmd/key-access-client/main.go:176.29,180.17 3 0
stratium/cmd/key-access-client/main.go:180.17,182.4 1 0
stratium/cmd/key-access-client/main.go:184.3,197.17 3 0
stratium/cmd/key-access-client/main.go:197.17,199.4 1 0
stratium/cmd/key-access-client/main.go:201.3,203.68 3 0
stratium/cmd/key-access-client/main.go:204.8,206.3 1 0
stratium/cmd/key-access-client/main.go:208.2,212.79 5 0
stratium/cmd/key-access-client/main.go:215.62,217.16 2 0
stratium/cmd/key-access-client/main.go:217.16,219.3 1 0
stratium/cmd/key-access-client/main.go:220.2,221.18 2 0
stratium/cmd/key-access-client/main.go:221.18,223.3 1 0
stratium/cmd/key-access-client/main.go:224.2,224.68 1 0
stratium/cmd/key-access-client/main.go:224.68,226.3 1 0
stratium/cmd/key-access-client/main.go:227.2,228.16 2 0
stratium/cmd/key-access-client/main.go:228.16,230.3 1 0
stratium/cmd/key-access-client/main.go:231.2,232.9 2 0
stratium/cmd/key-access-client/main.go:232.9,234.3 1 0
stratium/cmd/key-access-client/main.go:235.2,235.20 1 0
stratium/cmd/license-signer/main.go:23.13,46.279 21 0
stratium/cmd/license-signer/main.go:46.279,49.3 2 0
stratium/cmd/license-signer/main.go:52.303,54.41 2 0
stratium/cmd/license-signer/main.go:54.41,56.3 1 0
stratium/cmd/license-signer/main.go:57.2,57.42 1 0
stratium/cmd/license-signer/main.go:57.42,59.3 1 0
stratium/cmd/license-signer/main.go:61.2,61.18 1 0
stratium/cmd/license-signer/main.go:61.18,63.3 1 0
stratium/cmd/license-signer/main.go:65.2,65.38 1 0
stratium/cmd/license-signer/main.go:65.38,67.3 1 0
stratium/cmd/license-signer/main.go:69.2,71.40 3 0
stratium/cmd/license-signer/main.go:71.40,73.3 1 0
stratium/cmd/license-signer/main.go:74.2,75.42 2 0
stratium/cmd/license-signer/main.go:75.42,77.3 1 0
stratium/cmd/license-signer/main.go:79.2,80.17 2 0
stratium/cmd/license-signer/main.go:80.17,81.50 1 0
stratium/cmd/license-signer/main.go:81.50,83.4 1 0
stratium/cmd/license-signer/main.go:84.3,85.17 2 0
stratium/cmd/license-signer/main.go:85.17,87.4 1 0
stratium/cmd/license-signer/main.go:88.3,90.45 2 0
stratium/cmd/license-signer/main.go:90.45,92.4 1 0
stratium/cmd/license-signer/main.go:93.3,93.44 1 0
stratium/cmd/license-signer/main.go:93.44,95.4 1 0
stratium/cmd/license-signer/main.go:97.3,97.68 1 0
stratium/cmd/license-signer/main.go:97.68,99.4 1 0
stratium/cmd/license-signer/main.go:100.3,100.77 1 0
stratium/cmd/license-signer/main.go:100.77,102.4 1 0
stratium/cmd/license-signer/main.go:103.8,105.17 2 0
stratium/cmd/license-signer/main.go:105.17,107.4 1 0
stratium/cmd/license-signer/main.go:108.3,108.25 1 0
stratium/cmd/license-signer/main.go:111.2,111.62 1 0
stratium/cmd/license-signer/main.go:111.62,113.3 1 0
stratium/cmd/license-signer/main.go:115.2,116.25 2 0
stratium/cmd/license-signer/main.go:116.25,118.3 1 0
stratium/cmd/license-signer/main.go:119.2,119.23 1 0
stratium/cmd/license-signer/main.go:119.23,121.3 1 0
stratium/cmd/license-signer/main.go:121.8,123.3 1 0
stratium/cmd/license-signer/main.go:125.2,142.21 3 0
stratium/cmd/license-signer/main.go:142.21,144.17 2 0
stratium/cmd/license-signer/main.go:144.17,146.4 1 0
stratium/cmd/license-signer/main.go:147.3,147.48 1 0
stratium/cmd/license-signer/main.go:148.8,148.26 1 0
stratium/cmd/license-signer/main.go:148.26,150.3 1 0
stratium/cmd/license-signer/main.go:152.2,152.21 1 0
stratium/cmd/license-signer/main.go:152.21,154.17 2 0
stratium/cmd/license-signer/main.go:154.17,156.4 1 0
stratium/cmd/license-signer/main.go:157.3,157.48 1 0
stratium/cmd/license-signer/main.go:160.2,163.16 4 0
stratium/cmd/license-signer/main.go:163.16,165.3 1 0
stratium/cmd/license-signer/main.go:167.2,167.59 1 0
stratium/cmd/license-signer/main.go:167.59,168.77 1 0
stratium/cmd/license-signer/main.go:168.77,170.4 1 0
stratium/cmd/license-signer/main.go:173.2,173.23 1 0
stratium/cmd/license-signer/main.go:173.23,175.18 2 0
stratium/cmd/license-signer/main.go:175.18,178.4 2 0
stratium/cmd/license-signer/main.go:178.9,178.51 1 0
stratium/cmd/license-signer/main.go:178.51,180.4 1 0
stratium/cmd/license-signer/main.go:181.3,181.13 1 0
stratium/cmd/license-signer/main.go:184.2,184.71 1 0
stratium/cmd/license-signer/main.go:184.71,186.3 1 0
stratium/cmd/license-signer/main.go:188.2,189.17 2 0
stratium/cmd/license-signer/main.go:189.17,192.3 2 0
stratium/cmd/license-signer/main.go:192.8,192.50 1 0
stratium/cmd/license-signer/main.go:192.50,194.3 1 0
stratium/cmd/license-signer/main.go:195.2,195.21 1 0
stratium/cmd/license-signer/main.go:195.21,197.93 2 0
stratium/cmd/license-signer/main.go:197.93,199.4 1 0
stratium/cmd/license-signer/main.go:201.2,201.12 1 0
stratium/cmd/license-signer/main.go:204.59,206.16 2 0
stratium/cmd/license-signer/main.go:206.16,208.3 1 0
stratium/cmd/license-signer/main.go:210.2,211.16 2 0
stratium/cmd/license-signer/main.go:211.16,213.3 1 0
stratium/cmd/license-signer/main.go:215.2,215.24 1 0
stratium/cmd/license-signer/main.go:218.60,220.16 2 0
stratium/cmd/license-signer/main.go:220.16,222.3 1 0
stratium/cmd/license-signer/main.go:223.2,223.24 1 0
stratium/cmd/license-signer/main.go:226.69,232.2 2 0
stratium/cmd/license-signer/main.go:234.66,236.16 2 0
stratium/cmd/license-signer/main.go:236.16,238.3 1 0
stratium/cmd/license-signer/main.go:239.2,243.40 2 0
stratium/cmd/license-signer/main.go:246.74,248.19 2 0
stratium/cmd/license-signer/main.go:248.19,250.3 1 0
stratium/cmd/license-signer/main.go:251.2,252.21 2 0
stratium/cmd/license-signer/main.go:252.21,254.3 1 0
stratium/cmd/license-signer/main.go:255.2,255.62 1 0
stratium/cmd/license-signer/main.go:255.62,257.3 1 0
stratium/cmd/license-signer/main.go:258.2,258.12 1 0
stratium/cmd/license-signer/main.go:261.89,262.44 1 0
stratium/cmd/license-signer/main.go:262.44,264.3 1 0
stratium/cmd/license-signer/main.go:266.2,267.16 2 0
stratium/cmd/license-signer/main.go:267.16,269.3 1 0
stratium/cmd/license-signer/main.go:270.2,271.16 2 0
stratium/cmd/license-signer/main.go:271.16,273.3 1 0
stratium/cmd/license-signer/main.go:275.2,275.21 1 0
stratium/cmd/license-signer/main.go:275.21,276.54 1 0
stratium/cmd/license-signer/main.go:276.54,278.4 1 0
stratium/cmd/license-signer/main.go:279.3,279.99 1 0
stratium/cmd/license-signer/main.go:279.99,281.4 1 0
stratium/cmd/license-signer/main.go:282.3,282.105 1 0
stratium/cmd/license-signer/main.go:282.105,284.4 1 0
stratium/cmd/license-signer/main.go:285.3,285.100 1 0
stratium/cmd/license-signer/main.go:285.100,287.4 1 0
stratium/cmd/license-signer/main.go:288.3,289.13 2 0
stratium/cmd/license-signer/main.go:292.2,292.21 1 0
stratium/cmd/license-signer/main.go:292.21,293.94 1 0
stratium/cmd/license-signer/main.go:293.94,295.4 1 0
stratium/cmd/license-signer/main.go:296.3,297.13 2 0
stratium/cmd/license-signer/main.go:300.2,300.12 1 0
stratium/cmd/license-signer/main.go:303.92,304.40 1 0
stratium/cmd/license-signer/main.go:304.40,306.3 1 0
stratium/cmd/license-signer/main.go:307.2,308.16 2 0
stratium/cmd/license-signer/main.go:308.16,310.3 1 0
stratium/cmd/license-signer/main.go:311.2,314.77 3 0
stratium/cmd/license-signer/main.go:314.77,317.3 2 0
stratium/cmd/license-signer/main.go:318.2,318.83 1 0
stratium/cmd/license-signer/main.go:318.83,321.3 2 0
stratium/cmd/license-signer/main.go:322.2,322.75 1 0
stratium/cmd/license-signer/main.go:322.75,325.3 2 0
stratium/cmd/license-signer/main.go:326.2,326.42 1 0
stratium/cmd/license-signer/main.go:326.42,328.3 1 0
stratium/cmd/license-signer/main.go:329.2,329.12 1 0
stratium/cmd/license-signer/main.go:332.77,334.16 2 0
stratium/cmd/license-signer/main.go:334.16,336.3 1 0
stratium/cmd/license-signer/main.go:337.2,337.49 1 0
stratium/cmd/license-signer/main.go:337.49,339.3 1 0
stratium/cmd/license-signer/main.go:340.2,340.12 1 0
stratium/cmd/license-signer/main.go:343.57,344.19 1 0
stratium/cmd/license-signer/main.go:344.19,346.3 1 0
stratium/cmd/license-signer/main.go:348.2,349.20 2 0
stratium/cmd/license-signer/main.go:349.20,351.3 1 0
stratium/cmd/license-signer/main.go:352.2,352.20 1 0
stratium/cmd/license-signer/main.go:352.20,354.3 1 0
stratium/cmd/license-signer/main.go:356.2,357.37 2 0
stratium/cmd/license-signer/main.go:357.37,359.3 1 0
stratium/cmd/license-signer/main.go:361.2,362.30 2 0
stratium/cmd/license-signer/main.go:362.30,364.3 1 0
stratium/cmd/license-signer/main.go:366.2,367.25 2 0
stratium/cmd/license-signer/main.go:367.25,369.3 1 0
stratium/cmd/license-signer/main.go:371.2,401.3 1 0
stratium/cmd/license-signer/main.go:404.54,405.17 1 0
stratium/cmd/license-signer/main.go:405.17,407.3 1 0
stratium/cmd/license-signer/main.go:408.2,408.45 1 0
stratium/cmd/license-signer/main.go:411.41,412.17 1 0
stratium/cmd/license-signer/main.go:413.24,414.13 1 0
stratium/cmd/license-signer/main.go:415.10,416.84 1 0
stratium/cmd/license-signer/main.go:420.57,421.43 1 0
stratium/cmd/license-signer/main.go:421.43,423.3 1 0
stratium/cmd/license-signer/main.go:424.2,424.58 1 0
stratium/cmd/license-signer/main.go:427.38,429.19 2 0
stratium/cmd/license-signer/main.go:429.19,431.3 1 0
stratium/cmd/license-signer/main.go:433.2,435.29 3 0
stratium/cmd/license-signer/main.go:435.29,437.17 2 0
stratium/cmd/license-signer/main.go:437.17,439.4 1 0
stratium/cmd/license-signer/main.go:442.2,442.22 1 0
stratium/cmd/license-signer/main.go:442.22,444.3 1 0
stratium/cmd/license-signer/main.go:445.2,445.15 1 0
stratium/middleware/license.go:26.91,28.16 2 0
stratium/middleware/license.go:28.16,30.3 1 0
stratium/middleware/license.go:32.2,36.8 1 0
stratium/middleware/license.go:40.42,41.34 1 0
stratium/middleware/license.go:41.34,43.3 1 0
stratium/middleware/license.go:44.2,44.28 1 0
stratium/middleware/license.go:48.41,49.18 1 0
stratium/middleware/license.go:49.18,51.3 1 0
stratium/middleware/license.go:52.2,52.49 1 0
stratium/middleware/license.go:56.39,57.14 1 0
stratium/middleware/license.go:57.14,59.3 1 0
stratium/middleware/license.go:60.2,60.18 1 0
stratium/middleware/license.go:60.18,63.3 2 0
stratium/middleware/license.go:65.2,66.40 2 0
stratium/middleware/license.go:66.40,68.36 2 0
stratium/middleware/license.go:68.36,70.4 1 0
stratium/middleware/license.go:71.3,72.21 2 0
stratium/middleware/license.go:72.21,74.4 1 0
stratium/middleware/license.go:75.3,81.9 2 0
stratium/middleware/license.go:84.2,84.84 1 0
stratium/middleware/license.go:88.80,94.25 1 0
stratium/middleware/license.go:94.25,95.31 1 0
stratium/middleware/license.go:95.31,97.4 1 0
stratium/middleware/license.go:98.3,98.66 1 0
stratium/middleware/license.go:98.66,101.4 2 0
stratium/middleware/license.go:102.3,102.27 1 0
stratium/middleware/license.go:107.82,113.10 1 0
stratium/middleware/license.go:113.10,114.31 1 0
stratium/middleware/license.go:114.31,116.4 1 0
stratium/middleware/license.go:117.3,117.66 1 0
stratium/middleware/license.go:117.66,120.4 2 0
stratium/middleware/license.go:121.3,121.26 1 0
stratium/middleware/license.go:126.59,127.30 1 0
stratium/middleware/license.go:127.30,128.31 1 0
stratium/middleware/license.go:128.31,131.4 2 0
stratium/middleware/license.go:132.3,132.66 1 0
stratium/middleware/license.go:132.66,136.4 3 0
stratium/middleware/license.go:137.3,137.11 1 0
stratium/middleware/ratelimit.go:27.54,33.2 1 1
stratium/middleware/ratelimit.go:36.66,41.12 4 1
stratium/middleware/ratelimit.go:41.12,43.3 1 1
stratium/middleware/ratelimit.go:46.2,50.54 3 1
stratium/middleware/ratelimit.go:50.54,52.3 1 0
stratium/middleware/ratelimit.go:55.2,64.16 6 1
stratium/middleware/ratelimit.go:68.46,70.9 2 1
stratium/middleware/ratelimit.go:70.9,72.3 1 1
stratium/middleware/ratelimit.go:73.2,73.24 1 1
stratium/middleware/ratelimit.go:77.77,83.25 1 1
stratium/middleware/ratelimit.go:83.25,84.47 1 1
stratium/middleware/ratelimit.go:84.47,86.4 1 1
stratium/middleware/ratelimit.go:88.3,93.24 4 1
stratium/middleware/ratelimit.go:93.24,95.4 1 0
stratium/middleware/ratelimit.go:97.3,98.16 2 1
stratium/middleware/ratelimit.go:98.16,118.4 4 1
stratium/middleware/ratelimit.go:121.3,121.27 1 1
stratium/middleware/ratelimit.go:126.79,132.10 1 1
stratium/middleware/ratelimit.go:132.10,133.47 1 1
stratium/middleware/ratelimit.go:133.47,135.4 1 1
stratium/middleware/ratelimit.go:137.3,143.24 5 1
stratium/middleware/ratelimit.go:143.24,145.4 1 0
stratium/middleware/ratelimit.go:147.3,148.16 2 1
stratium/middleware/ratelimit.go:148.16,168.4 4 1
stratium/middleware/ratelimit.go:171.3,171.26 1 1
stratium/middleware/ratelimit.go:176.63,177.46 1 1
stratium/middleware/ratelimit.go:177.46,180.3 2 1
stratium/middleware/ratelimit.go:182.2,197.3 5 1
stratium/middleware/ratelimit.go:201.54,211.2 2 1
stratium/middleware/ratelimit.go:214.88,218.2 1 1
stratium/middleware/ratelimit.go:221.55,228.2 2 1
stratium/pkg/auth/auth.go:85.70,86.19 1 1
stratium/pkg/auth/auth.go:86.19,88.3 1 1
stratium/pkg/auth/auth.go:90.2,99.32 4 1
stratium/pkg/auth/auth.go:99.32,101.3 1 0
stratium/pkg/auth/auth.go:102.2,103.16 2 1
stratium/pkg/auth/auth.go:103.16,105.3 1 1
stratium/pkg/auth/auth.go:108.2,129.8 3 1
stratium/pkg/auth/auth.go:133.99,136.22 2 1
stratium/pkg/auth/auth.go:136.22,138.3 1 0
stratium/pkg/auth/auth.go:139.2,139.25 1 1
stratium/pkg/auth/auth.go:139.25,141.3 1 1
stratium/pkg/auth/auth.go:142.2,142.34 1 1
stratium/pkg/auth/auth.go:142.34,144.3 1 0
stratium/pkg/auth/auth.go:147.2,150.16 4 1
stratium/pkg/auth/auth.go:150.16,154.3 3 1
stratium/pkg/auth/auth.go:155.2,159.48 3 1
stratium/pkg/auth/auth.go:159.48,161.3 1 0
stratium/pkg/auth/auth.go:164.2,164.22 1 1
stratium/pkg/auth/auth.go:164.22,166.20 2 1
stratium/pkg/auth/auth.go:166.20,167.11 1 0
stratium/pkg/auth/auth.go:168.40,169.42 1 0
stratium/pkg/auth/auth.go:170.28,171.30 1 0
stratium/pkg/auth/auth.go:172.31,173.33 1 0
stratium/pkg/auth/auth.go:174.38,175.40 1 0
stratium/pkg/auth/auth.go:179.3,179.23 1 1
stratium/pkg/auth/auth.go:179.23,181.4 1 1
stratium/pkg/auth/auth.go:184.2,184.21 1 1
stratium/pkg/auth/auth.go:188.68,190.9 2 1
stratium/pkg/auth/auth.go:190.9,192.3 1 1
stratium/pkg/auth/auth.go:194.2,195.29 2 1
stratium/pkg/auth/auth.go:195.29,197.3 1 1
stratium/pkg/auth/auth.go:199.2,200.42 2 1
stratium/pkg/auth/auth.go:200.42,202.3 1 1
stratium/pkg/auth/auth.go:204.2,204.50 1 1
stratium/pkg/auth/auth.go:208.69,209.128 1 1
stratium/pkg/auth/auth.go:209.128,211.38 1 1
stratium/pkg/auth/auth.go:211.38,213.4 1 0
stratium/pkg/auth/auth.go:216.3,217.17 2 1
stratium/pkg/auth/auth.go:217.17,220.4 2 1
stratium/pkg/auth/auth.go:223.3,224.24 2 1
stratium/pkg/auth/auth.go:224.24,227.18 2 1
stratium/pkg/auth/auth.go:227.18,231.19 3 1
stratium/pkg/auth/auth.go:231.19,234.6 2 0
stratium/pkg/auth/auth.go:236.9,239.18 2 1
stratium/pkg/auth/auth.go:239.18,242.5 2 0
stratium/pkg/auth/auth.go:246.3,253.27 6 1
stratium/pkg/auth/auth.go:258.67,260.9 2 1
stratium/pkg/auth/auth.go:260.9,262.3 1 1
stratium/pkg/auth/auth.go:263.2,263.20 1 1
stratium/pkg/auth/auth.go:267.41,273.45 2 1
stratium/pkg/auth/auth.go:273.45,274.29 1 0
stratium/pkg/auth/auth.go:274.29,276.4 1 0
stratium/pkg/auth/auth.go:278.2,278.14 1 1
stratium/pkg/auth/auth.go:282.103,285.16 2 1
stratium/pkg/auth/auth.go:285.16,288.3 1 1
stratium/pkg/auth/auth.go:290.2,290.52 1 1
stratium/pkg/auth/auth.go:290.52,305.3 1 1
stratium/pkg/auth/auth.go:307.2,307.45 1 0
stratium/pkg/auth/auth.go:310.72,312.21 1 1
stratium/pkg/auth/auth.go:313.21,325.4 1 1
stratium/pkg/auth/auth.go:326.20,338.4 1 1
stratium/pkg/auth/auth.go:339.10,351.4 1 1
stratium/pkg/auth/auth.go:356.62,357.32 1 1
stratium/pkg/auth/auth.go:357.32,358.34 1 1
stratium/pkg/auth/auth.go:358.34,360.4 1 1
stratium/pkg/auth/auth.go:362.2,362.11 1 1
stratium/pkg/auth/auth.go:365.58,366.32 1 1
stratium/pkg/auth/auth.go:366.32,367.30 1 1
stratium/pkg/auth/auth.go:367.30,369.4 1 1
stratium/pkg/auth/auth.go:371.2,371.14 1 1
stratium/pkg/auth/auth.go:374.69,375.32 1 1
stratium/pkg/auth/auth.go:375.32,376.41 1 1
stratium/pkg/auth/auth.go:376.41,378.29 2 1
stratium/pkg/auth/auth.go:378.29,379.37 1 1
stratium/pkg/auth/auth.go:379.37,381.6 1 1
stratium/pkg/auth/auth.go:383.4,383.17 1 1
stratium/pkg/auth/auth.go:386.2,386.19 1 1
stratium/pkg/auth/keycloak.go:50.72,51.19 1 1
stratium/pkg/auth/keycloak.go:51.19,53.3 1 1
stratium/pkg/auth/keycloak.go:55.2,55.28 1 1
stratium/pkg/auth/keycloak.go:55.28,57.3 1 1
stratium/pkg/auth/keycloak.go:59.2,59.27 1 1
stratium/pkg/auth/keycloak.go:59.27,61.3 1 1
stratium/pkg/auth/keycloak.go:63.2,64.21 2 1
stratium/pkg/auth/keycloak.go:64.21,67.17 2 1
stratium/pkg/auth/keycloak.go:67.17,69.4 1 0
stratium/pkg/auth/keycloak.go:70.3,70.57 1 1
stratium/pkg/auth/keycloak.go:73.2,80.8 1 1
stratium/pkg/auth/keycloak.go:84.82,86.38 1 1
stratium/pkg/auth/keycloak.go:86.38,88.23 1 1
stratium/pkg/auth/keycloak.go:88.23,90.4 1 1
stratium/pkg/auth/keycloak.go:93.3,93.38 1 0
stratium/pkg/auth/keycloak.go:93.38,95.18 2 0
stratium/pkg/auth/keycloak.go:95.18,97.5 1 0
stratium/pkg/auth/keycloak.go:103.2,103.42 1 1
stratium/pkg/auth/keycloak.go:103.42,105.3 1 1
stratium/pkg/auth/keycloak.go:107.2,107.29 1 0
stratium/pkg/auth/keycloak.go:111.83,121.26 8 1
stratium/pkg/auth/keycloak.go:121.26,123.3 1 1
stratium/pkg/auth/keycloak.go:125.2,127.16 3 1
stratium/pkg/auth/keycloak.go:127.16,129.3 1 0
stratium/pkg/auth/keycloak.go:131.2,134.16 3 1
stratium/pkg/auth/keycloak.go:134.16,136.3 1 0
stratium/pkg/auth/keycloak.go:137.2,140.16 3 1
stratium/pkg/auth/keycloak.go:140.16,142.3 1 0
stratium/pkg/auth/keycloak.go:144.2,144.38 1 1
stratium/pkg/auth/keycloak.go:144.38,146.3 1 1
stratium/pkg/auth/keycloak.go:148.2,149.57 2 1
stratium/pkg/auth/keycloak.go:149.57,151.3 1 0
stratium/pkg/auth/keycloak.go:154.2,162.38 2 1
stratium/pkg/auth/keycloak.go:162.38,165.3 1 0
stratium/pkg/auth/keycloak.go:167.2,167.34 1 1
stratium/pkg/auth/keycloak.go:171.82,172.60 1 1
stratium/pkg/auth/keycloak.go:172.60,174.3 1 1
stratium/pkg/auth/keycloak.go:176.2,183.26 6 1
stratium/pkg/auth/keycloak.go:183.26,185.3 1 0
stratium/pkg/auth/keycloak.go:187.2,189.16 3 1
stratium/pkg/auth/keycloak.go:189.16,191.3 1 0
stratium/pkg/auth/keycloak.go:193.2,196.16 3 1
stratium/pkg/auth/keycloak.go:196.16,198.3 1 0
stratium/pkg/auth/keycloak.go:199.2,202.16 3 1
stratium/pkg/auth/keycloak.go:202.16,204.3 1 0
stratium/pkg/auth/keycloak.go:206.2,206.38 1 1
stratium/pkg/auth/keycloak.go:206.38,208.3 1 1
stratium/pkg/auth/keycloak.go:210.2,211.57 2 1
stratium/pkg/auth/keycloak.go:211.57,213.3 1 0
stratium/pkg/auth/keycloak.go:216.2,221.38 5 1
stratium/pkg/auth/keycloak.go:221.38,223.3 1 0
stratium/pkg/auth/keycloak.go:225.2,225.34 1 1
stratium/pkg/auth/keycloak.go:229.52,230.25 1 1
stratium/pkg/auth/keycloak.go:230.25,232.3 1 1
stratium/pkg/auth/keycloak.go:234.2,234.72 1 1
stratium/pkg/auth/keycloak.go:238.69,239.55 1 1
stratium/pkg/auth/keycloak.go:239.55,241.3 1 1
stratium/pkg/auth/keycloak.go:245.2,246.21 2 1
stratium/pkg/auth/keycloak.go:246.21,248.3 1 1
stratium/pkg/auth/keycloak.go:251.2,252.16 2 1
stratium/pkg/auth/keycloak.go:252.16,254.3 1 0
stratium/pkg/auth/keycloak.go:256.2,257.60 2 1
stratium/pkg/auth/keycloak.go:257.60,259.3 1 0
stratium/pkg/auth/keycloak.go:261.2,263.43 2 1
stratium/pkg/auth/keycloak.go:263.43,265.3 1 1
stratium/pkg/auth/keycloak.go:266.2,266.47 1 1
stratium/pkg/auth/keycloak.go:266.47,268.3 1 1
stratium/pkg/auth/keycloak.go:269.2,269.63 1 1
stratium/pkg/auth/keycloak.go:269.63,271.3 1 1
stratium/pkg/auth/keycloak.go:272.2,272.45 1 1
stratium/pkg/auth/keycloak.go:272.45,274.3 1 1
stratium/pkg/auth/keycloak.go:275.2,275.56 1 1
stratium/pkg/auth/keycloak.go:275.56,277.3 1 1
stratium/pkg/auth/keycloak.go:278.2,278.58 1 1
stratium/pkg/auth/keycloak.go:278.58,280.3 1 1
stratium/pkg/auth/keycloak.go:282.2,282.24 1 1
stratium/pkg/auth/keycloak.go:286.50,288.16 2 1
stratium/pkg/auth/keycloak.go:288.16,290.3 1 1
stratium/pkg/auth/keycloak.go:292.2,293.53 2 1
stratium/pkg/auth/keycloak.go:293.53,295.3 1 1
stratium/pkg/auth/keycloak.go:297.2,298.12 2 1
stratium/pkg/auth/keycloak.go:302.50,305.47 2 1
stratium/pkg/auth/keycloak.go:305.47,307.3 1 0
stratium/pkg/auth/keycloak.go:309.2,310.16 2 1
stratium/pkg/auth/keycloak.go:310.16,312.3 1 0
stratium/pkg/auth/keycloak.go:314.2,314.46 1 1
stratium/pkg/auth/keycloak.go:318.48,320.20 1 1
stratium/pkg/auth/keycloak.go:321.9,322.12 1 1
stratium/pkg/auth/keycloak.go:323.9,324.11 1 1
stratium/pkg/auth/keycloak.go:327.2,329.43 3 1
stratium/pkg/auth/telemetry.go:27.26,28.30 1 1
stratium/pkg/auth/telemetry.go:28.30,37.17 4 1
stratium/pkg/auth/telemetry.go:37.17,39.4 1 0
stratium/pkg/auth/telemetry.go:41.3,44.17 1 1
stratium/pkg/auth/telemetry.go:44.17,46.4 1 0
stratium/pkg/auth/telemetry.go:48.3,51.17 1 1
stratium/pkg/auth/telemetry.go:51.17,53.4 1 0
stratium/pkg/auth/telemetry.go:55.3,59.17 1 1
stratium/pkg/auth/telemetry.go:59.17,61.4 1 0
stratium/pkg/auth/telemetry.go:65.99,67.39 2 1
stratium/pkg/auth/telemetry.go:67.39,70.3 1 1
stratium/pkg/auth/telemetry.go:71.2,71.39 1 1
stratium/pkg/auth/telemetry.go:71.39,73.17 2 1
stratium/pkg/auth/telemetry.go:73.17,75.4 1 1
stratium/pkg/auth/telemetry.go:76.3,76.91 1 1
stratium/pkg/auth/telemetry.go:80.58,82.32 2 1
stratium/pkg/auth/telemetry.go:82.32,84.3 1 0
stratium/pkg/auth/telemetry.go:85.2,88.20 2 1
stratium/pkg/auth/telemetry.go:88.20,90.3 1 1
stratium/pkg/auth/telemetry.go:91.2,91.83 1 1
stratium/pkg/auth/telemetry.go:94.125,96.39 2 1
stratium/pkg/auth/telemetry.go:96.39,98.3 1 0
stratium/pkg/auth/telemetry.go:99.2,104.20 2 1
stratium/pkg/auth/telemetry.go:104.20,106.3 1 1
stratium/pkg/auth/telemetry.go:107.2,108.35 1 1
stratium/pkg/auth/telemetry.go:111.59,112.16 1 1
stratium/pkg/auth/telemetry.go:112.16,114.3 1 0
stratium/pkg/auth/telemetry.go:115.2,115.12 1 1
stratium/pkg/auth/telemetry.go:122.73,123.17 1 1
stratium/pkg/auth/telemetry.go:123.17,125.3 1 1
stratium/pkg/auth/telemetry.go:126.2,126.43 1 1
stratium/pkg/auth/telemetry.go:129.87,136.17 6 1
stratium/pkg/auth/telemetry.go:136.17,138.47 2 1
stratium/pkg/auth/telemetry.go:138.47,140.4 1 0
stratium/pkg/auth/telemetry.go:142.2,142.16 1 1
stratium/pkg/auth/telemetry.go:142.16,144.3 1 1
stratium/pkg/auth/telemetry.go:146.2,148.61 2 1
stratium/pkg/auth/telemetry.go:148.61,150.24 2 1
stratium/pkg/auth/telemetry.go:150.24,152.4 1 0
stratium/pkg/auth/telemetry.go:153.3,153.47 1 1
stratium/pkg/auth/telemetry.go:156.2,156.18 1 1
stratium/cmd/key-manager-server/main.go:38.13,46.14 4 0
stratium/cmd/key-manager-server/main.go:46.14,49.3 2 0
stratium/cmd/key-manager-server/main.go:52.2,53.16 2 0
stratium/cmd/key-manager-server/main.go:53.16,56.3 2 0
stratium/cmd/key-manager-server/main.go:59.2,66.16 5 0
stratium/cmd/key-manager-server/main.go:66.16,69.3 2 0
stratium/cmd/key-manager-server/main.go:70.2,70.48 1 0
stratium/cmd/key-manager-server/main.go:70.48,73.3 2 0
stratium/cmd/key-manager-server/main.go:74.2,84.24 5 0
stratium/cmd/key-manager-server/main.go:84.24,86.3 1 0
stratium/cmd/key-manager-server/main.go:88.2,92.16 3 0
stratium/cmd/key-manager-server/main.go:92.16,95.3 2 0
stratium/cmd/key-manager-server/main.go:98.2,99.16 2 0
stratium/cmd/key-manager-server/main.go:99.16,102.3 2 0
stratium/cmd/key-manager-server/main.go:103.2,110.16 4 0
stratium/cmd/key-manager-server/main.go:110.16,113.3 2 0
stratium/cmd/key-manager-server/main.go:116.2,125.46 6 0
stratium/cmd/key-manager-server/main.go:125.46,127.3 1 0
stratium/cmd/key-manager-server/main.go:129.2,136.28 2 0
stratium/cmd/key-manager-server/main.go:136.28,144.17 2 0
stratium/cmd/key-manager-server/main.go:144.17,147.4 2 0
stratium/cmd/key-manager-server/main.go:148.3,148.85 1 0
stratium/cmd/key-manager-server/main.go:151.2,159.12 4 0
stratium/cmd/key-manager-server/main.go:159.12,187.47 27 0
stratium/cmd/key-manager-server/main.go:187.47,190.4 2 0
stratium/cmd/key-manager-server/main.go:194.2,199.27 5 0
stratium/cmd/key-manager-server/main.go:203.67,212.25 6 0
stratium/cmd/key-manager-server/main.go:212.25,215.3 2 0
stratium/cmd/key-manager-server/main.go:215.8,215.31 1 0
stratium/cmd/key-manager-server/main.go:215.31,220.3 4 0
stratium/cmd/key-manager-server/main.go:223.60,224.16 1 0
stratium/cmd/key-manager-server/main.go:224.16,226.3 1 0
stratium/cmd/key-manager-server/main.go:227.2,227.12 1 0
stratium/cmd/key-manager-server/main.go:227.12,229.97 2 0
stratium/cmd/key-manager-server/main.go:229.97,231.4 1 0
stratium/pkg/crypto/rsa_crypto.go:12.89,14.9 2 1
stratium/pkg/crypto/rsa_crypto.go:14.9,16.3 1 1
stratium/pkg/crypto/rsa_crypto.go:18.2,19.16 2 1
stratium/pkg/crypto/rsa_crypto.go:19.16,21.3 1 1
stratium/pkg/crypto/rsa_crypto.go:23.2,23.24 1 1
stratium/pkg/crypto/rsa_crypto.go:27.93,29.9 2 1
stratium/pkg/crypto/rsa_crypto.go:29.9,31.3 1 1
stratium/pkg/crypto/rsa_crypto.go:33.2,34.16 2 1
stratium/pkg/crypto/rsa_crypto.go:34.16,36.3 1 1
stratium/pkg/crypto/rsa_crypto.go:38.2,38.23 1 1
stratium/pkg/crypto/rsa_crypto.go:42.84,44.9 2 1
stratium/pkg/crypto/rsa_crypto.go:44.9,46.3 1 1
stratium/pkg/crypto/rsa_crypto.go:48.2,50.16 3 1
stratium/pkg/crypto/rsa_crypto.go:50.16,52.3 1 0
stratium/pkg/crypto/rsa_crypto.go:54.2,54.23 1 1
stratium/pkg/crypto/rsa_crypto.go:58.87,60.9 2 1
stratium/pkg/crypto/rsa_crypto.go:60.9,62.3 1 1
stratium/pkg/crypto/rsa_crypto.go:64.2,66.16 3 1
stratium/pkg/crypto/rsa_crypto.go:66.16,68.3 1 1
stratium/pkg/crypto/rsa_crypto.go:70.2,70.12 1 1
stratium/pkg/crypto/rsa_crypto.go:74.60,76.16 2 1
stratium/pkg/crypto/rsa_crypto.go:76.16,78.3 1 1
stratium/pkg/crypto/rsa_crypto.go:80.2,80.24 1 1
stratium/pkg/extractors/attribute_extractor.go:15.80,18.16 2 1
stratium/pkg/extractors/attribute_extractor.go:18.16,20.3 1 1
stratium/pkg/extractors/attribute_extractor.go:20.8,20.34 1 1
stratium/pkg/extractors/attribute_extractor.go:20.34,22.3 1 1
stratium/pkg/extractors/attribute_extractor.go:25.2,26.66 2 1
stratium/pkg/extractors/attribute_extractor.go:26.66,28.3 1 1
stratium/pkg/extractors/attribute_extractor.go:31.2,31.45 1 1
stratium/pkg/extractors/attribute_extractor.go:35.88,36.19 1 1
stratium/pkg/extractors/attribute_extractor.go:36.19,38.3 1 1
stratium/pkg/extractors/attribute_extractor.go:40.2,40.24 1 1
stratium/pkg/extractors/attribute_extractor.go:40.24,42.3 1 1
stratium/pkg/extractors/attribute_extractor.go:44.2,47.50 2 1
stratium/pkg/extractors/attribute_extractor.go:47.50,50.17 2 1
stratium/pkg/extractors/attribute_extractor.go:50.17,53.12 1 0
stratium/pkg/extractors/attribute_extractor.go:57.3,57.26 1 1
stratium/pkg/extractors/attribute_extractor.go:60.2,60.24 1 1
stratium/pkg/extractors/attribute_extractor.go:66.76,67.24 1 1
stratium/pkg/extractors/attribute_extractor.go:67.24,69.3 1 1
stratium/pkg/extractors/attribute_extractor.go:72.2,90.17 8 1
stratium/pkg/extractors/attribute_extractor.go:90.17,92.3 1 1
stratium/pkg/extractors/attribute_extractor.go:94.2,94.24 1 1
stratium/pkg/extractors/attribute_extractor.go:99.64,100.24 1 1
stratium/pkg/extractors/attribute_extractor.go:100.24,102.3 1 1
stratium/pkg/extractors/attribute_extractor.go:105.2,111.68 5 1
stratium/pkg/extractors/attribute_extractor.go:111.68,113.3 1 1
stratium/pkg/extractors/attribute_extractor.go:116.2,119.16 3 1
stratium/pkg/extractors/attribute_extractor.go:119.16,121.3 1 0
stratium/pkg/extractors/attribute_extractor.go:123.2,123.18 1 1
stratium/pkg/extractors/jwt_extractor.go:16.50,18.2 1 1
stratium/pkg/extractors/jwt_extractor.go:22.107,23.23 1 1
stratium/pkg/extractors/jwt_extractor.go:23.23,25.3 1 0
stratium/pkg/extractors/jwt_extractor.go:28.2,35.16 5 1
stratium/pkg/extractors/jwt_extractor.go:35.16,37.3 1 0
stratium/pkg/extractors/jwt_extractor.go:39.2,40.9 2 1
stratium/pkg/extractors/jwt_extractor.go:40.9,42.3 1 0
stratium/pkg/extractors/jwt_extractor.go:44.2,44.43 1 1
stratium/pkg/extractors/jwt_extractor.go:49.119,51.64 1 1
stratium/pkg/extractors/jwt_extractor.go:51.64,53.3 1 1
stratium/pkg/extractors/jwt_extractor.go:54.2,54.67 1 1
stratium/pkg/extractors/jwt_extractor.go:54.67,56.3 1 0
stratium/pkg/extractors/jwt_extractor.go:59.2,59.61 1 1
stratium/pkg/extractors/jwt_extractor.go:59.61,61.3 1 1
stratium/pkg/extractors/jwt_extractor.go:64.2,64.76 1 1
stratium/pkg/extractors/jwt_extractor.go:64.76,66.3 1 0
stratium/pkg/extractors/jwt_extractor.go:68.2,68.58 1 1
stratium/pkg/extractors/jwt_extractor.go:72.73,75.33 2 1
stratium/pkg/extractors/jwt_extractor.go:75.33,78.3 1 1
stratium/pkg/extractors/jwt_extractor.go:80.2,80.19 1 1
stratium/pkg/extractors/jwt_extractor.go:84.53,85.27 1 1
stratium/pkg/extractors/jwt_extractor.go:86.14,87.11 1 1
stratium/pkg/extractors/jwt_extractor.go:88.15,89.30 1 1
stratium/pkg/extractors/jwt_extractor.go:90.11,91.30 1 1
stratium/pkg/extractors/jwt_extractor.go:92.13,93.30 1 1
stratium/pkg/extractors/jwt_extractor.go:94.12,95.30 1 1
stratium/pkg/extractors/jwt_extractor.go:96.21,99.26 2 1
stratium/pkg/extractors/jwt_extractor.go:99.26,101.4 1 1
stratium/pkg/extractors/jwt_extractor.go:102.3,102.34 1 1
stratium/pkg/extractors/jwt_extractor.go:103.10,104.30 1 0
stratium/pkg/extractors/jwt_extractor.go:109.77,111.22 2 0
stratium/pkg/extractors/jwt_extractor.go:111.22,113.3 1 0
stratium/pkg/extractors/jwt_extractor.go:114.2,114.15 1 0
stratium/pkg/extractors/jwt_extractor.go:117.77,131.27 2 0
stratium/pkg/extractors/jwt_extractor.go:131.27,133.3 1 0
stratium/pkg/extractors/jwt_extractor.go:135.2,135.28 1 0
stratium/pkg/extractors/jwt_extractor.go:135.28,137.3 1 0
stratium/pkg/extractors/jwt_extractor.go:139.2,139.14 1 0
stratium/pkg/extractors/jwt_extractor.go:171.74,188.50 2 1
stratium/pkg/extractors/jwt_extractor.go:188.50,190.3 1 1
stratium/pkg/extractors/jwt_extractor.go:193.2,193.47 1 1
stratium/pkg/extractors/jwt_extractor.go:193.47,195.3 1 1
stratium/pkg/extractors/jwt_extractor.go:198.2,198.76 1 1
stratium/pkg/extractors/jwt_extractor.go:198.76,200.3 1 1
stratium/pkg/extractors/jwt_extractor.go:202.2,202.15 1 1
stratium/pkg/extractors/jwt_extractor.go:206.90,209.39 2 1
stratium/pkg/extractors/jwt_extractor.go:209.39,210.57 1 1
stratium/pkg/extractors/jwt_extractor.go:210.57,212.4 1 1
stratium/pkg/extractors/jwt_extractor.go:215.2,215.22 1 1
stratium/pkg/extractors/jwt_extractor.go:215.22,217.3 1 1
stratium/pkg/extractors/jwt_extractor.go:219.2,219.12 1 1
stratium/pkg/licensing/claims.go:22.57,23.33 1 1
stratium/pkg/licensing/claims.go:23.33,25.3 1 0
stratium/pkg/licensing/claims.go:26.2,26.44 1 1
stratium/pkg/licensing/claims.go:26.44,28.21 2 1
stratium/pkg/licensing/claims.go:28.21,30.4 1 0
stratium/pkg/licensing/claims.go:31.3,31.46 1 1
stratium/pkg/licensing/claims.go:31.46,33.4 1 1
stratium/pkg/licensing/claims.go:35.2,35.14 1 1
stratium/pkg/licensing/claims.go:39.62,43.39 3 1
stratium/pkg/licensing/claims.go:43.39,45.3 1 0
stratium/pkg/licensing/claims.go:46.2,46.39 1 1
stratium/pkg/licensing/claims.go:46.39,48.3 1 0
stratium/pkg/licensing/claims.go:49.2,49.47 1 1
stratium/pkg/licensing/manager.go:40.61,50.18 2 1
stratium/pkg/licensing/manager.go:50.18,52.3 1 0
stratium/pkg/licensing/manager.go:54.2,54.20 1 1
stratium/pkg/licensing/manager.go:54.20,56.3 1 0
stratium/pkg/licensing/manager.go:57.2,57.29 1 1
stratium/pkg/licensing/manager.go:57.29,59.3 1 0
stratium/pkg/licensing/manager.go:61.2,61.29 1 1
stratium/pkg/licensing/manager.go:61.29,63.3 1 1
stratium/pkg/licensing/manager.go:65.2,66.16 2 1
stratium/pkg/licensing/manager.go:66.16,68.3 1 0
stratium/pkg/licensing/manager.go:69.2,71.42 2 1
stratium/pkg/licensing/manager.go:71.42,73.3 1 1
stratium/pkg/licensing/manager.go:75.2,75.21 1 1
stratium/pkg/licensing/manager.go:79.34,80.14 1 1
stratium/pkg/licensing/manager.go:80.14,82.3 1 0
stratium/pkg/licensing/manager.go:83.2,83.22 1 1
stratium/pkg/licensing/manager.go:87.33,91.2 3 1
stratium/pkg/licensing/manager.go:94.61,95.18 1 1
stratium/pkg/licensing/manager.go:95.18,97.3 1 0
stratium/pkg/licensing/manager.go:99.2,100.16 2 1
stratium/pkg/licensing/manager.go:100.16,102.3 1 0
stratium/pkg/licensing/manager.go:104.2,104.18 1 1
stratium/pkg/licensing/manager.go:104.18,106.3 1 0
stratium/pkg/licensing/manager.go:108.2,108.25 1 1
stratium/pkg/licensing/manager.go:108.25,110.3 1 0
stratium/pkg/licensing/manager.go:112.2,112.69 1 1
stratium/pkg/licensing/manager.go:112.69,114.3 1 0
stratium/pkg/licensing/manager.go:116.2,116.57 1 1
stratium/pkg/licensing/manager.go:116.57,118.3 1 1
stratium/pkg/licensing/manager.go:120.2,120.46 1 1
stratium/pkg/licensing/manager.go:120.46,122.3 1 1
stratium/pkg/licensing/manager.go:124.2,124.12 1 1
stratium/pkg/licensing/manager.go:127.52,133.69 5 1
stratium/pkg/licensing/manager.go:133.69,135.3 1 1
stratium/pkg/licensing/manager.go:137.2,140.71 3 0
stratium/pkg/licensing/manager.go:140.71,142.3 1 0
stratium/pkg/licensing/manager.go:144.2,144.42 1 0
stratium/pkg/licensing/manager.go:144.42,146.3 1 0
stratium/pkg/licensing/manager.go:148.2,148.21 1 0
stratium/pkg/licensing/manager.go:151.35,155.2 3 1
stratium/pkg/licensing/manager.go:157.41,160.16 3 1
stratium/pkg/licensing/manager.go:160.16,167.3 2 1
stratium/pkg/licensing/manager.go:169.2,175.12 2 1
stratium/pkg/licensing/manager.go:178.58,180.16 2 1
stratium/pkg/licensing/manager.go:180.16,182.3 1 0
stratium/pkg/licensing/manager.go:184.2,185.23 2 1
stratium/pkg/licensing/manager.go:185.23,187.3 1 0
stratium/pkg/licensing/manager.go:189.2,190.107 2 1
stratium/pkg/licensing/manager.go:190.107,192.3 1 1
stratium/pkg/licensing/manager.go:193.2,193.16 1 1
stratium/pkg/licensing/manager.go:193.16,195.3 1 1
stratium/pkg/licensing/manager.go:196.2,196.36 1 1
stratium/pkg/licensing/manager.go:196.36,198.3 1 0
stratium/pkg/licensing/manager.go:200.2,200.33 1 1
stratium/pkg/licensing/manager.go:203.54,205.16 2 1
stratium/pkg/licensing/manager.go:205.16,207.3 1 0
stratium/pkg/licensing/manager.go:209.2,210.16 2 1
stratium/pkg/licensing/manager.go:210.16,212.3 1 0
stratium/pkg/licensing/manager.go:214.2,214.23 1 1
stratium/pkg/licensing/manager.go:217.62,218.65 1 1
stratium/pkg/licensing/manager.go:218.65,220.3 1 0
stratium/pkg/licensing/manager.go:221.2,221.66 1 1
stratium/pkg/licensing/manager.go:221.66,223.3 1 0
stratium/pkg/licensing/manager.go:224.2,224.12 1 1
stratium/pkg/licensing/manager.go:227.55,228.16 1 0
stratium/pkg/licensing/manager.go:228.16,230.3 1 0
stratium/pkg/licensing/manager.go:231.2,231.12 1 0
stratium/pkg/cache/cache.go:33.88,44.47 4 1
stratium/pkg/cache/cache.go:44.47,46.3 1 1
stratium/pkg/cache/cache.go:48.2,49.18 2 1
stratium/pkg/cache/cache.go:49.18,51.3 1 1
stratium/pkg/cache/cache.go:53.2,56.8 1 1
stratium/pkg/cache/cache.go:60.94,63.53 2 1
stratium/pkg/cache/cache.go:63.53,65.3 1 1
stratium/pkg/cache/cache.go:67.2,67.12 1 1
stratium/pkg/cache/cache.go:71.82,76.21 3 1
stratium/pkg/cache/cache.go:76.21,78.3 1 1
stratium/pkg/cache/cache.go:80.2,80.35 1 1
stratium/pkg/cache/cache.go:80.35,82.3 1 1
stratium/pkg/cache/cache.go:84.2,84.19 1 1
stratium/pkg/cache/cache.go:84.19,85.58 1 1
stratium/pkg/cache/cache.go:85.58,87.4 1 0
stratium/pkg/cache/cache.go:90.2,90.12 1 1
stratium/pkg/cache/cache.go:94.47,96.2 1 1
stratium/pkg/cache/cache.go:102.54,104.2 1 1
stratium/pkg/cache/cache.go:107.93,109.2 1 1
stratium/pkg/cache/cache.go:112.81,114.2 1 1
stratium/pkg/cache/cache.go:117.46,119.2 1 1
stratium/pkg/models/audit.go:68.56,81.2 1 0
stratium/pkg/models/audit.go:84.50,95.2 2 0
stratium/pkg/models/audit.go:97.48,98.15 1 0
stratium/pkg/models/audit.go:98.15,100.3 1 0
stratium/pkg/models/audit.go:101.2,102.11 2 0
stratium/pkg/models/entitlement.go:68.81,85.2 2 1
stratium/pkg/models/entitlement.go:88.84,89.21 1 1
stratium/pkg/models/entitlement.go:89.21,91.3 1 1
stratium/pkg/models/entitlement.go:92.2,92.28 1 1
stratium/pkg/models/entitlement.go:92.28,94.3 1 0
stratium/pkg/models/entitlement.go:95.2,95.34 1 1
stratium/pkg/models/entitlement.go:95.34,97.3 1 1
stratium/pkg/models/entitlement.go:98.2,98.35 1 1
stratium/pkg/models/entitlement.go:98.35,100.3 1 0
stratium/pkg/models/entitlement.go:101.2,101.24 1 1
stratium/pkg/models/entitlement.go:101.24,103.3 1 1
stratium/pkg/models/entitlement.go:104.2,104.27 1 1
stratium/pkg/models/entitlement.go:104.27,106.3 1 0
stratium/pkg/models/entitlement.go:107.2,107.24 1 1
stratium/pkg/models/entitlement.go:107.24,109.3 1 1
stratium/pkg/models/entitlement.go:110.2,110.26 1 1
stratium/pkg/models/entitlement.go:110.26,112.3 1 0
stratium/pkg/models/entitlement.go:113.2,114.26 2 1
stratium/pkg/models/entitlement.go:118.40,119.24 1 1
stratium/pkg/models/entitlement.go:119.24,121.3 1 1
stratium/pkg/models/entitlement.go:122.2,122.39 1 1
stratium/pkg/models/entitlement.go:126.39,128.2 1 1
stratium/pkg/models/entitlement.go:131.40,132.18 1 1
stratium/pkg/models/entitlement.go:132.18,134.3 1 1
stratium/pkg/models/entitlement.go:135.2,135.35 1 1
stratium/pkg/models/entitlement.go:135.35,137.3 1 1
stratium/pkg/models/entitlement.go:138.2,138.25 1 1
stratium/pkg/models/entitlement.go:138.25,140.3 1 1
stratium/pkg/models/entitlement.go:141.2,141.12 1 1
stratium/pkg/models/entitlement.go:145.53,149.23 3 1
stratium/pkg/models/entitlement.go:149.23,151.3 1 1
stratium/pkg/models/entitlement.go:153.2,154.23 2 1
stratium/pkg/models/entitlement.go:154.23,156.3 1 0
stratium/pkg/models/entitlement.go:158.2,168.4 1 1
stratium/pkg/models/policy.go:97.66,113.2 2 1
stratium/pkg/models/policy.go:116.74,117.21 1 1
stratium/pkg/models/policy.go:117.21,119.3 1 1
stratium/pkg/models/policy.go:120.2,120.28 1 1
stratium/pkg/models/policy.go:120.28,122.3 1 1
stratium/pkg/models/policy.go:123.2,123.25 1 1
stratium/pkg/models/policy.go:123.25,125.3 1 1
stratium/pkg/models/policy.go:126.2,126.30 1 1
stratium/pkg/models/policy.go:126.30,128.3 1 1
stratium/pkg/models/policy.go:129.2,129.23 1 1
stratium/pkg/models/policy.go:129.23,131.3 1 1
stratium/pkg/models/policy.go:132.2,132.25 1 1
stratium/pkg/models/policy.go:132.25,134.3 1 1
stratium/pkg/models/policy.go:135.2,135.24 1 1
stratium/pkg/models/policy.go:135.24,137.3 1 1
stratium/pkg/models/policy.go:138.2,139.26 2 1
stratium/pkg/models/policy.go:143.35,144.18 1 1
stratium/pkg/models/policy.go:144.18,146.3 1 1
stratium/pkg/models/policy.go:147.2,147.27 1 1
stratium/pkg/models/policy.go:147.27,149.3 1 1
stratium/pkg/models/policy.go:150.2,150.110 1 1
stratium/pkg/models/policy.go:150.110,152.3 1 1
stratium/pkg/models/policy.go:153.2,153.67 1 1
stratium/pkg/models/policy.go:153.67,155.3 1 1
stratium/pkg/models/policy.go:156.2,156.12 1 1
stratium/pkg/models/policy.go:160.48,164.23 3 1
stratium/pkg/models/policy.go:164.23,166.3 1 1
stratium/pkg/models/policy.go:168.2,169.23 2 1
stratium/pkg/models/policy.go:169.23,171.3 1 1
stratium/pkg/models/policy.go:173.2,183.4 1 1
stratium/pkg/models/stanag4774.pb.go:54.48,58.2 3 0
stratium/pkg/models/stanag4774.pb.go:60.41,62.2 1 0
stratium/pkg/models/stanag4774.pb.go:64.64,66.2 1 0
stratium/pkg/models/stanag4774.pb.go:68.52,70.2 1 0
stratium/pkg/models/stanag4774.pb.go:72.58,74.2 1 0
stratium/pkg/models/stanag4774.pb.go:77.56,79.2 1 0
stratium/pkg/models/stanag4774.pb.go:109.70,113.2 3 0
stratium/pkg/models/stanag4774.pb.go:115.52,117.2 1 0
stratium/pkg/models/stanag4774.pb.go:119.75,121.2 1 0
stratium/pkg/models/stanag4774.pb.go:123.63,125.2 1 0
stratium/pkg/models/stanag4774.pb.go:127.69,129.2 1 0
stratium/pkg/models/stanag4774.pb.go:132.67,134.2 1 0
stratium/pkg/models/stanag4774.pb.go:167.48,171.2 3 0
stratium/pkg/models/stanag4774.pb.go:173.41,175.2 1 0
stratium/pkg/models/stanag4774.pb.go:177.64,179.2 1 0
stratium/pkg/models/stanag4774.pb.go:181.52,183.2 1 0
stratium/pkg/models/stanag4774.pb.go:185.58,187.2 1 0
stratium/pkg/models/stanag4774.pb.go:190.56,192.2 1 0
stratium/pkg/models/stanag4774.pb.go:216.84,220.2 3 0
stratium/pkg/models/stanag4774.pb.go:222.59,224.2 1 0
stratium/pkg/models/stanag4774.pb.go:226.82,228.2 1 0
stratium/pkg/models/stanag4774.pb.go:230.70,232.2 1 0
stratium/pkg/models/stanag4774.pb.go:234.76,236.2 1 0
stratium/pkg/models/stanag4774.pb.go:239.74,241.2 1 0
stratium/pkg/models/stanag4774.pb.go:258.30,263.2 4 0
stratium/pkg/models/stanag4774.pb.go:265.38,267.2 1 0
stratium/pkg/models/stanag4774.pb.go:269.36,269.37 0 0
stratium/pkg/models/stanag4774.pb.go:271.58,273.14 2 0
stratium/pkg/models/stanag4774.pb.go:273.14,275.34 2 0
stratium/pkg/models/stanag4774.pb.go:275.34,277.4 1 0
stratium/pkg/models/stanag4774.pb.go:278.3,278.12 1 0
stratium/pkg/models/stanag4774.pb.go:280.2,280.24 1 0
stratium/pkg/models/stanag4774.pb.go:284.49,286.2 1 0
stratium/pkg/models/stanag4774.pb.go:288.51,289.14 1 0
stratium/pkg/models/stanag4774.pb.go:289.14,291.3 1 0
stratium/pkg/models/stanag4774.pb.go:292.2,292.11 1 0
stratium/pkg/models/stanag4774.pb.go:295.56,296.14 1 0
stratium/pkg/models/stanag4774.pb.go:296.14,298.3 1 0
stratium/pkg/models/stanag4774.pb.go:299.2,299.12 1 0
stratium/pkg/models/stanag4774.pb.go:302.57,303.14 1 0
stratium/pkg/models/stanag4774.pb.go:303.14,305.3 1 0
stratium/pkg/models/stanag4774.pb.go:306.2,306.43 1 0
stratium/pkg/models/stanag4774.pb.go:309.46,310.14 1 0
stratium/pkg/models/stanag4774.pb.go:310.14,312.3 1 0
stratium/pkg/models/stanag4774.pb.go:313.2,313.11 1 0
stratium/pkg/models/stanag4774.pb.go:316.61,317.14 1 0
stratium/pkg/models/stanag4774.pb.go:317.14,319.3 1 0
stratium/pkg/models/stanag4774.pb.go:320.2,320.12 1 0
stratium/pkg/models/stanag4774.pb.go:323.53,324.14 1 0
stratium/pkg/models/stanag4774.pb.go:324.14,326.3 1 0
stratium/pkg/models/stanag4774.pb.go:327.2,327.12 1 0
stratium/pkg/models/stanag4774.pb.go:330.56,331.14 1 0
stratium/pkg/models/stanag4774.pb.go:331.14,333.3 1 0
stratium/pkg/models/stanag4774.pb.go:334.2,334.12 1 0
stratium/pkg/models/stanag4774.pb.go:337.82,338.14 1 0
stratium/pkg/models/stanag4774.pb.go:338.14,340.3 1 0
stratium/pkg/models/stanag4774.pb.go:341.2,341.12 1 0
stratium/pkg/models/stanag4774.pb.go:344.57,345.14 1 0
stratium/pkg/models/stanag4774.pb.go:345.14,347.3 1 0
stratium/pkg/models/stanag4774.pb.go:348.2,348.43 1 0
stratium/pkg/models/stanag4774.pb.go:359.39,364.2 4 0
stratium/pkg/models/stanag4774.pb.go:366.47,368.2 1 0
stratium/pkg/models/stanag4774.pb.go:370.45,370.46 0 0
stratium/pkg/models/stanag4774.pb.go:372.67,374.14 2 0
stratium/pkg/models/stanag4774.pb.go:374.14,376.34 2 0
stratium/pkg/models/stanag4774.pb.go:376.34,378.4 1 0
stratium/pkg/models/stanag4774.pb.go:379.3,379.12 1 0
stratium/pkg/models/stanag4774.pb.go:381.2,381.24 1 0
stratium/pkg/models/stanag4774.pb.go:385.58,387.2 1 0
stratium/pkg/models/stanag4774.pb.go:389.74,390.14 1 0
stratium/pkg/models/stanag4774.pb.go:390.14,392.3 1 0
stratium/pkg/models/stanag4774.pb.go:393.2,393.54 1 0
stratium/pkg/models/stanag4774.pb.go:396.52,397.14 1 0
stratium/pkg/models/stanag4774.pb.go:397.14,399.3 1 0
stratium/pkg/models/stanag4774.pb.go:400.2,400.12 1 0
stratium/pkg/models/stanag4774.pb.go:494.62,495.59 1 0
stratium/pkg/models/stanag4774.pb.go:495.59,497.3 1 0
stratium/pkg/models/stanag4774.pb.go:498.2,498.55 1 0
stratium/pkg/models/stanag4774.pb.go:527.13,527.58 1 1
stratium/pkg/models/stanag4774.pb.go:528.48,529.47 1 1
stratium/pkg/models/stanag4774.pb.go:529.47,531.3 1 0
stratium/pkg/models/stanag4774.pb.go:532.2,550.50 6 1
stratium/pkg/models/types.go:86.32,87.18 1 1
stratium/pkg/models/types.go:87.18,89.3 1 1
stratium/pkg/models/types.go:90.2,90.34 1 1
stratium/pkg/models/types.go:93.32,95.2 1 1
stratium/pkg/models/ztdf.pb.go:43.38,47.2 3 0
stratium/pkg/models/ztdf.pb.go:49.36,51.2 1 0
stratium/pkg/models/ztdf.pb.go:53.59,55.2 1 0
stratium/pkg/models/ztdf.pb.go:57.47,59.2 1 0
stratium/pkg/models/ztdf.pb.go:61.53,63.2 1 0
stratium/pkg/models/ztdf.pb.go:66.51,68.2 1 0
stratium/pkg/models/ztdf.pb.go:89.68,93.2 3 0
stratium/pkg/models/ztdf.pb.go:95.51,97.2 1 0
stratium/pkg/models/ztdf.pb.go:99.74,101.2 1 0
stratium/pkg/models/ztdf.pb.go:103.62,105.2 1 0
stratium/pkg/models/ztdf.pb.go:107.68,109.2 1 0
stratium/pkg/models/ztdf.pb.go:112.66,114.2 1 0
stratium/pkg/models/ztdf.pb.go:135.66,139.2 3 0
stratium/pkg/models/ztdf.pb.go:141.50,143.2 1 0
stratium/pkg/models/ztdf.pb.go:145.73,147.2 1 0
stratium/pkg/models/ztdf.pb.go:149.61,151.2 1 0
stratium/pkg/models/ztdf.pb.go:153.67,155.2 1 0
stratium/pkg/models/ztdf.pb.go:158.65,160.2 1 0
stratium/pkg/models/ztdf.pb.go:187.90,191.2 3 0
stratium/pkg/models/ztdf.pb.go:193.62,195.2 1 0
stratium/pkg/models/ztdf.pb.go:197.85,199.2 1 0
stratium/pkg/models/ztdf.pb.go:201.73,203.2 1 0
stratium/pkg/models/ztdf.pb.go:205.79,207.2 1 0
stratium/pkg/models/ztdf.pb.go:210.77,212.2 1 0
stratium/pkg/models/ztdf.pb.go:230.114,234.2 3 0
stratium/pkg/models/ztdf.pb.go:236.74,238.2 1 0
stratium/pkg/models/ztdf.pb.go:240.97,242.2 1 0
stratium/pkg/models/ztdf.pb.go:244.85,246.2 1 0
stratium/pkg/models/ztdf.pb.go:248.91,250.2 1 0
stratium/pkg/models/ztdf.pb.go:253.89,255.2 1 0
stratium/pkg/models/ztdf.pb.go:276.134,280.2 3 0
stratium/pkg/models/ztdf.pb.go:282.84,284.2 1 0
stratium/pkg/models/ztdf.pb.go:286.107,288.2 1 0
stratium/pkg/models/ztdf.pb.go:290.95,292.2 1 0
stratium/pkg/models/ztdf.pb.go:294.101,296.2 1 0
stratium/pkg/models/ztdf.pb.go:299.99,301.2 1 0
stratium/pkg/models/ztdf.pb.go:319.142,323.2 3 0
stratium/pkg/models/ztdf.pb.go:325.88,327.2 1 0
stratium/pkg/models/ztdf.pb.go:329.111,331.2 1 0
stratium/pkg/models/ztdf.pb.go:333.99,335.2 1 0
stratium/pkg/models/ztdf.pb.go:337.105,339.2 1 0
stratium/pkg/models/ztdf.pb.go:342.103,344.2 1 0
stratium/pkg/models/ztdf.pb.go:368.146,372.2 3 0
stratium/pkg/models/ztdf.pb.go:374.90,376.2 1 0
stratium/pkg/models/ztdf.pb.go:378.113,380.2 1 0
stratium/pkg/models/ztdf.pb.go:382.101,384.2 1 0
stratium/pkg/models/ztdf.pb.go:386.107,388.2 1 0
stratium/pkg/models/ztdf.pb.go:391.105,393.2 1 0
stratium/pkg/models/ztdf.pb.go:407.29,412.2 4 0
stratium/pkg/models/ztdf.pb.go:414.37,416.2 1 0
stratium/pkg/models/ztdf.pb.go:418.35,418.36 0 0
stratium/pkg/models/ztdf.pb.go:420.57,422.14 2 0
stratium/pkg/models/ztdf.pb.go:422.14,424.34 2 0
stratium/pkg/models/ztdf.pb.go:424.34,426.4 1 0
stratium/pkg/models/ztdf.pb.go:427.3,427.12 1 0
stratium/pkg/models/ztdf.pb.go:429.2,429.24 1 0
stratium/pkg/models/ztdf.pb.go:433.48,435.2 1 0
stratium/pkg/models/ztdf.pb.go:437.36,438.14 1 0
stratium/pkg/models/ztdf.pb.go:438.14,440.3 1 0
stratium/pkg/models/ztdf.pb.go:441.2,441.11 1 0
stratium/pkg/models/ztdf.pb.go:444.55,445.14 1 0
stratium/pkg/models/ztdf.pb.go:445.14,447.3 1 0
stratium/pkg/models/ztdf.pb.go:448.2,448.27 1 0
stratium/pkg/models/ztdf.pb.go:451.57,452.14 1 0
stratium/pkg/models/ztdf.pb.go:452.14,454.3 1 0
stratium/pkg/models/ztdf.pb.go:455.2,455.26 1 0
stratium/pkg/models/ztdf.pb.go:458.51,459.14 1 0
stratium/pkg/models/ztdf.pb.go:459.14,461.3 1 0
stratium/pkg/models/ztdf.pb.go:462.2,462.29 1 0
stratium/pkg/models/ztdf.pb.go:465.57,466.14 1 0
stratium/pkg/models/ztdf.pb.go:466.14,468.3 1 0
stratium/pkg/models/ztdf.pb.go:469.2,469.12 1 0
stratium/pkg/models/ztdf.pb.go:472.62,473.14 1 0
stratium/pkg/models/ztdf.pb.go:473.14,475.3 1 0
stratium/pkg/models/ztdf.pb.go:476.2,476.12 1 0
stratium/pkg/models/ztdf.pb.go:490.41,495.2 4 0
stratium/pkg/models/ztdf.pb.go:497.49,499.2 1 0
stratium/pkg/models/ztdf.pb.go:501.47,501.48 0 0
stratium/pkg/models/ztdf.pb.go:503.69,505.14 2 0
stratium/pkg/models/ztdf.pb.go:505.14,507.34 2 0
stratium/pkg/models/ztdf.pb.go:507.34,509.4 1 0
stratium/pkg/models/ztdf.pb.go:510.3,510.12 1 0
stratium/pkg/models/ztdf.pb.go:512.2,512.24 1 0
stratium/pkg/models/ztdf.pb.go:516.60,518.2 1 0
stratium/pkg/models/ztdf.pb.go:520.91,521.14 1 0
stratium/pkg/models/ztdf.pb.go:521.14,523.3 1 0
stratium/pkg/models/ztdf.pb.go:524.2,524.36 1 0
stratium/pkg/models/ztdf.pb.go:527.89,528.14 1 0
stratium/pkg/models/ztdf.pb.go:528.14,530.3 1 0
stratium/pkg/models/ztdf.pb.go:531.2,531.12 1 0
stratium/pkg/models/ztdf.pb.go:534.75,535.14 1 0
stratium/pkg/models/ztdf.pb.go:535.14,537.3 1 0
stratium/pkg/models/ztdf.pb.go:538.2,538.12 1 0
stratium/pkg/models/ztdf.pb.go:541.103,542.14 1 0
stratium/pkg/models/ztdf.pb.go:542.14,544.3 1 0
stratium/pkg/models/ztdf.pb.go:545.2,545.12 1 0
stratium/pkg/models/ztdf.pb.go:548.52,549.14 1 0
stratium/pkg/models/ztdf.pb.go:549.14,551.3 1 0
stratium/pkg/models/ztdf.pb.go:552.2,552.11 1 0
stratium/pkg/models/ztdf.pb.go:564.30,569.2 4 0
stratium/pkg/models/ztdf.pb.go:571.38,573.2 1 0
stratium/pkg/models/ztdf.pb.go:575.36,575.37 0 0
stratium/pkg/models/ztdf.pb.go:577.58,579.14 2 0
stratium/pkg/models/ztdf.pb.go:579.14,581.34 2 0
stratium/pkg/models/ztdf.pb.go:581.34,583.4 1 0
stratium/pkg/models/ztdf.pb.go:584.3,584.12 1 0
stratium/pkg/models/ztdf.pb.go:586.2,586.24 1 0
stratium/pkg/models/ztdf.pb.go:590.49,592.2 1 0
stratium/pkg/models/ztdf.pb.go:594.39,595.14 1 0
stratium/pkg/models/ztdf.pb.go:595.14,597.3 1 0
stratium/pkg/models/ztdf.pb.go:598.2,598.11 1 0
stratium/pkg/models/ztdf.pb.go:601.49,602.14 1 0
stratium/pkg/models/ztdf.pb.go:602.14,604.3 1 0
stratium/pkg/models/ztdf.pb.go:605.2,605.12 1 0
stratium/pkg/models/ztdf.pb.go:608.49,609.14 1 0
stratium/pkg/models/ztdf.pb.go:609.14,611.3 1 0
stratium/pkg/models/ztdf.pb.go:612.2,612.11 1 0
stratium/pkg/models/ztdf.pb.go:627.36,632.2 4 0
stratium/pkg/models/ztdf.pb.go:634.44,636.2 1 0
stratium/pkg/models/ztdf.pb.go:638.42,638.43 0 0
stratium/pkg/models/ztdf.pb.go:640.64,642.14 2 0
stratium/pkg/models/ztdf.pb.go:642.14,644.34 2 0
stratium/pkg/models/ztdf.pb.go:644.34,646.4 1 0
stratium/pkg/models/ztdf.pb.go:647.3,647.12 1 0
stratium/pkg/models/ztdf.pb.go:649.2,649.24 1 0
stratium/pkg/models/ztdf.pb.go:653.55,655.2 1 0
stratium/pkg/models/ztdf.pb.go:657.45,658.14 1 0
stratium/pkg/models/ztdf.pb.go:658.14,660.3 1 0
stratium/pkg/models/ztdf.pb.go:661.2,661.11 1 0
stratium/pkg/models/ztdf.pb.go:664.44,665.14 1 0
stratium/pkg/models/ztdf.pb.go:665.14,667.3 1 0
stratium/pkg/models/ztdf.pb.go:668.2,668.11 1 0
stratium/pkg/models/ztdf.pb.go:671.49,672.14 1 0
stratium/pkg/models/ztdf.pb.go:672.14,674.3 1 0
stratium/pkg/models/ztdf.pb.go:675.2,675.11 1 0
stratium/pkg/models/ztdf.pb.go:678.50,679.14 1 0
stratium/pkg/models/ztdf.pb.go:679.14,681.3 1 0
stratium/pkg/models/ztdf.pb.go:682.2,682.14 1 0
stratium/pkg/models/ztdf.pb.go:685.49,686.14 1 0
stratium/pkg/models/ztdf.pb.go:686.14,688.3 1 0
stratium/pkg/models/ztdf.pb.go:689.2,689.11 1 0
stratium/pkg/models/ztdf.pb.go:692.55,693.14 1 0
stratium/pkg/models/ztdf.pb.go:693.14,695.3 1 0
stratium/pkg/models/ztdf.pb.go:696.2,696.11 1 0
stratium/pkg/models/ztdf.pb.go:708.28,713.2 4 0
stratium/pkg/models/ztdf.pb.go:715.36,717.2 1 0
stratium/pkg/models/ztdf.pb.go:719.34,719.35 0 0
stratium/pkg/models/ztdf.pb.go:721.56,723.14 2 0
stratium/pkg/models/ztdf.pb.go:723.14,725.34 2 0
stratium/pkg/models/ztdf.pb.go:725.34,727.4 1 0
stratium/pkg/models/ztdf.pb.go:728.3,728.12 1 0
stratium/pkg/models/ztdf.pb.go:730.2,730.24 1 0
stratium/pkg/models/ztdf.pb.go:734.47,736.2 1 0
stratium/pkg/models/ztdf.pb.go:738.49,739.14 1 0
stratium/pkg/models/ztdf.pb.go:739.14,741.3 1 0
stratium/pkg/models/ztdf.pb.go:742.2,742.12 1 0
stratium/pkg/models/ztdf.pb.go:745.70,746.14 1 0
stratium/pkg/models/ztdf.pb.go:746.14,748.3 1 0
stratium/pkg/models/ztdf.pb.go:749.2,749.12 1 0
stratium/pkg/models/ztdf.pb.go:752.51,753.14 1 0
stratium/pkg/models/ztdf.pb.go:753.14,755.3 1 0
stratium/pkg/models/ztdf.pb.go:756.2,756.12 1 0
stratium/pkg/models/ztdf.pb.go:766.27,771.2 4 0
stratium/pkg/models/ztdf.pb.go:773.35,775.2 1 0
stratium/pkg/models/ztdf.pb.go:777.33,777.34 0 0
stratium/pkg/models/ztdf.pb.go:779.55,781.14 2 0
stratium/pkg/models/ztdf.pb.go:781.14,783.34 2 0
stratium/pkg/models/ztdf.pb.go:783.34,785.4 1 0
stratium/pkg/models/ztdf.pb.go:786.3,786.12 1 0
stratium/pkg/models/ztdf.pb.go:788.2,788.24 1 0
stratium/pkg/models/ztdf.pb.go:792.46,794.2 1 0
stratium/pkg/models/ztdf.pb.go:796.36,797.14 1 0
stratium/pkg/models/ztdf.pb.go:797.14,799.3 1 0
stratium/pkg/models/ztdf.pb.go:800.2,800.12 1 0
stratium/pkg/models/ztdf.pb.go:811.37,816.2 4 0
stratium/pkg/models/ztdf.pb.go:818.45,820.2 1 0
stratium/pkg/models/ztdf.pb.go:822.43,822.44 0 0
stratium/pkg/models/ztdf.pb.go:824.65,826.14 2 0
stratium/pkg/models/ztdf.pb.go:826.14,828.34 2 0
stratium/pkg/models/ztdf.pb.go:828.34,830.4 1 0
stratium/pkg/models/ztdf.pb.go:831.3,831.12 1 0
stratium/pkg/models/ztdf.pb.go:833.2,833.24 1 0
stratium/pkg/models/ztdf.pb.go:837.56,839.2 1 0
stratium/pkg/models/ztdf.pb.go:841.53,842.14 1 0
stratium/pkg/models/ztdf.pb.go:842.14,844.3 1 0
stratium/pkg/models/ztdf.pb.go:845.2,845.12 1 0
stratium/pkg/models/ztdf.pb.go:848.51,849.14 1 0
stratium/pkg/models/ztdf.pb.go:849.14,851.3 1 0
stratium/pkg/models/ztdf.pb.go:852.2,852.12 1 0
stratium/pkg/models/ztdf.pb.go:865.39,870.2 4 0
stratium/pkg/models/ztdf.pb.go:872.47,874.2 1 0
stratium/pkg/models/ztdf.pb.go:876.45,876.46 0 0
stratium/pkg/models/ztdf.pb.go:878.67,880.14 2 0
stratium/pkg/models/ztdf.pb.go:880.14,882.34 2 0
stratium/pkg/models/ztdf.pb.go:882.34,884.4 1 0
stratium/pkg/models/ztdf.pb.go:885.3,885.12 1 0
stratium/pkg/models/ztdf.pb.go:887.2,887.24 1 0
stratium/pkg/models/ztdf.pb.go:891.58,893.2 1 0
stratium/pkg/models/ztdf.pb.go:895.79,896.14 1 0
stratium/pkg/models/ztdf.pb.go:896.14,898.3 1 0
stratium/pkg/models/ztdf.pb.go:899.2,899.44 1 0
stratium/pkg/models/ztdf.pb.go:902.50,903.14 1 0
stratium/pkg/models/ztdf.pb.go:903.14,905.3 1 0
stratium/pkg/models/ztdf.pb.go:906.2,906.11 1 0
stratium/pkg/models/ztdf.pb.go:909.59,910.14 1 0
stratium/pkg/models/ztdf.pb.go:910.14,912.3 1 0
stratium/pkg/models/ztdf.pb.go:913.2,913.12 1 0
stratium/pkg/models/ztdf.pb.go:916.53,917.14 1 0
stratium/pkg/models/ztdf.pb.go:917.14,919.3 1 0
stratium/pkg/models/ztdf.pb.go:920.2,920.11 1 0
stratium/pkg/models/ztdf.pb.go:931.46,936.2 4 0
stratium/pkg/models/ztdf.pb.go:938.54,940.2 1 0
stratium/pkg/models/ztdf.pb.go:942.52,942.53 0 0
stratium/pkg/models/ztdf.pb.go:944.74,946.14 2 0
stratium/pkg/models/ztdf.pb.go:946.14,948.34 2 0
stratium/pkg/models/ztdf.pb.go:948.34,950.4 1 0
stratium/pkg/models/ztdf.pb.go:951.3,951.12 1 0
stratium/pkg/models/ztdf.pb.go:953.2,953.24 1 0
stratium/pkg/models/ztdf.pb.go:957.65,959.2 1 0
stratium/pkg/models/ztdf.pb.go:961.57,962.14 1 0
stratium/pkg/models/ztdf.pb.go:962.14,964.3 1 0
stratium/pkg/models/ztdf.pb.go:965.2,965.11 1 0
stratium/pkg/models/ztdf.pb.go:968.60,969.14 1 0
stratium/pkg/models/ztdf.pb.go:969.14,971.3 1 0
stratium/pkg/models/ztdf.pb.go:972.2,972.11 1 0
stratium/pkg/models/ztdf.pb.go:990.57,995.2 4 0
stratium/pkg/models/ztdf.pb.go:997.65,999.2 1 0
stratium/pkg/models/ztdf.pb.go:1001.63,1001.64 0 0
stratium/pkg/models/ztdf.pb.go:1003.85,1005.14 2 0
stratium/pkg/models/ztdf.pb.go:1005.14,1007.34 2 0
stratium/pkg/models/ztdf.pb.go:1007.34,1009.4 1 0
stratium/pkg/models/ztdf.pb.go:1010.3,1010.12 1 0
stratium/pkg/models/ztdf.pb.go:1012.2,1012.24 1 0
stratium/pkg/models/ztdf.pb.go:1016.76,1018.2 1 0
stratium/pkg/models/ztdf.pb.go:1020.117,1021.14 1 0
stratium/pkg/models/ztdf.pb.go:1021.14,1023.3 1 0
stratium/pkg/models/ztdf.pb.go:1024.2,1024.54 1 0
stratium/pkg/models/ztdf.pb.go:1027.65,1028.14 1 0
stratium/pkg/models/ztdf.pb.go:1028.14,1030.3 1 0
stratium/pkg/models/ztdf.pb.go:1031.2,1031.11 1 0
stratium/pkg/models/ztdf.pb.go:1034.125,1035.14 1 0
stratium/pkg/models/ztdf.pb.go:1035.14,1037.3 1 0
stratium/pkg/models/ztdf.pb.go:1038.2,1038.50 1 0
stratium/pkg/models/ztdf.pb.go:1041.72,1042.14 1 0
stratium/pkg/models/ztdf.pb.go:1042.14,1044.3 1 0
stratium/pkg/models/ztdf.pb.go:1045.2,1045.11 1 0
stratium/pkg/models/ztdf.pb.go:1048.65,1049.14 1 0
stratium/pkg/models/ztdf.pb.go:1049.14,1051.3 1 0
stratium/pkg/models/ztdf.pb.go:1052.2,1052.11 1 0
stratium/pkg/models/ztdf.pb.go:1055.65,1056.14 1 0
stratium/pkg/models/ztdf.pb.go:1056.14,1058.3 1 0
stratium/pkg/models/ztdf.pb.go:1059.2,1059.11 1 0
stratium/pkg/models/ztdf.pb.go:1062.121,1063.14 1 0
stratium/pkg/models/ztdf.pb.go:1063.14,1065.3 1 0
stratium/pkg/models/ztdf.pb.go:1066.2,1066.12 1 0
stratium/pkg/models/ztdf.pb.go:1069.79,1070.14 1 0
stratium/pkg/models/ztdf.pb.go:1070.14,1072.3 1 0
stratium/pkg/models/ztdf.pb.go:1073.2,1073.11 1 0
stratium/pkg/models/ztdf.pb.go:1076.76,1077.14 1 0
stratium/pkg/models/ztdf.pb.go:1077.14,1079.3 1 0
stratium/pkg/models/ztdf.pb.go:1080.2,1080.11 1 0
stratium/pkg/models/ztdf.pb.go:1092.48,1097.2 4 0
stratium/pkg/models/ztdf.pb.go:1099.56,1101.2 1 0
stratium/pkg/models/ztdf.pb.go:1103.54,1103.55 0 0
stratium/pkg/models/ztdf.pb.go:1105.76,1107.14 2 0
stratium/pkg/models/ztdf.pb.go:1107.14,1109.34 2 0
stratium/pkg/models/ztdf.pb.go:1109.34,1111.4 1 0
stratium/pkg/models/ztdf.pb.go:1112.3,1112.12 1 0
stratium/pkg/models/ztdf.pb.go:1114.2,1114.24 1 0
stratium/pkg/models/ztdf.pb.go:1118.67,1120.2 1 0
stratium/pkg/models/ztdf.pb.go:1122.62,1123.14 1 0
stratium/pkg/models/ztdf.pb.go:1123.14,1125.3 1 0
stratium/pkg/models/ztdf.pb.go:1126.2,1126.11 1 0
stratium/pkg/models/ztdf.pb.go:1129.63,1130.14 1 0
stratium/pkg/models/ztdf.pb.go:1130.14,1132.3 1 0
stratium/pkg/models/ztdf.pb.go:1133.2,1133.14 1 0
stratium/pkg/models/ztdf.pb.go:1136.55,1137.14 1 0
stratium/pkg/models/ztdf.pb.go:1137.14,1139.3 1 0
stratium/pkg/models/ztdf.pb.go:1140.2,1140.11 1 0
stratium/pkg/models/ztdf.pb.go:1154.62,1159.2 4 0
stratium/pkg/models/ztdf.pb.go:1161.70,1163.2 1 0
stratium/pkg/models/ztdf.pb.go:1165.68,1165.69 0 0
stratium/pkg/models/ztdf.pb.go:1167.90,1169.14 2 0
stratium/pkg/models/ztdf.pb.go:1169.14,1171.34 2 0
stratium/pkg/models/ztdf.pb.go:1171.34,1173.4 1 0
stratium/pkg/models/ztdf.pb.go:1174.3,1174.12 1 0
stratium/pkg/models/ztdf.pb.go:1176.2,1176.24 1 0
stratium/pkg/models/ztdf.pb.go:1180.81,1182.2 1 0
stratium/pkg/models/ztdf.pb.go:1184.131,1185.14 1 0
stratium/pkg/models/ztdf.pb.go:1185.14,1187.3 1 0
stratium/pkg/models/ztdf.pb.go:1188.2,1188.12 1 0
stratium/pkg/models/ztdf.pb.go:1191.81,1192.14 1 0
stratium/pkg/models/ztdf.pb.go:1192.14,1194.3 1 0
stratium/pkg/models/ztdf.pb.go:1195.2,1195.11 1 0
stratium/pkg/models/ztdf.pb.go:1198.122,1199.14 1 0
stratium/pkg/models/ztdf.pb.go:1199.14,1201.3 1 0
stratium/pkg/models/ztdf.pb.go:1202.2,1202.12 1 0
stratium/pkg/models/ztdf.pb.go:1205.84,1206.14 1 0
stratium/pkg/models/ztdf.pb.go:1206.14,1208.3 1 0
stratium/pkg/models/ztdf.pb.go:1209.2,1209.10 1 0
stratium/pkg/models/ztdf.pb.go:1212.93,1213.14 1 0
stratium/pkg/models/ztdf.pb.go:1213.14,1215.3 1 0
stratium/pkg/models/ztdf.pb.go:1216.2,1216.10 1 0
stratium/pkg/models/ztdf.pb.go:1227.71,1232.2 4 0
stratium/pkg/models/ztdf.pb.go:1234.79,1236.2 1 0
stratium/pkg/models/ztdf.pb.go:1238.77,1238.78 0 0
stratium/pkg/models/ztdf.pb.go:1240.99,1242.14 2 0
stratium/pkg/models/ztdf.pb.go:1242.14,1244.34 2 0
stratium/pkg/models/ztdf.pb.go:1244.34,1246.4 1 0
stratium/pkg/models/ztdf.pb.go:1247.3,1247.12 1 0
stratium/pkg/models/ztdf.pb.go:1249.2,1249.24 1 0
stratium/pkg/models/ztdf.pb.go:1253.90,1255.2 1 0
stratium/pkg/models/ztdf.pb.go:1257.79,1258.14 1 0
stratium/pkg/models/ztdf.pb.go:1258.14,1260.3 1 0
stratium/pkg/models/ztdf.pb.go:1261.2,1261.11 1 0
stratium/pkg/models/ztdf.pb.go:1264.80,1265.14 1 0
stratium/pkg/models/ztdf.pb.go:1265.14,1267.3 1 0
stratium/pkg/models/ztdf.pb.go:1268.2,1268.11 1 0
stratium/pkg/models/ztdf.pb.go:1279.76,1284.2 4 0
stratium/pkg/models/ztdf.pb.go:1286.84,1288.2 1 0
stratium/pkg/models/ztdf.pb.go:1290.82,1290.83 0 0
stratium/pkg/models/ztdf.pb.go:1292.104,1294.14 2 0
stratium/pkg/models/ztdf.pb.go:1294.14,1296.34 2 0
stratium/pkg/models/ztdf.pb.go:1296.34,1298.4 1 0
stratium/pkg/models/ztdf.pb.go:1299.3,1299.12 1 0
stratium/pkg/models/ztdf.pb.go:1301.2,1301.24 1 0
stratium/pkg/models/ztdf.pb.go:1305.95,1307.2 1 0
stratium/pkg/models/ztdf.pb.go:1309.84,1310.14 1 0
stratium/pkg/models/ztdf.pb.go:1310.14,1312.3 1 0
stratium/pkg/models/ztdf.pb.go:1313.2,1313.11 1 0
stratium/pkg/models/ztdf.pb.go:1316.84,1317.14 1 0
stratium/pkg/models/ztdf.pb.go:1317.14,1319.3 1 0
stratium/pkg/models/ztdf.pb.go:1320.2,1320.11 1 0
stratium/pkg/models/ztdf.pb.go:1332.70,1337.2 4 0
stratium/pkg/models/ztdf.pb.go:1339.78,1341.2 1 0
stratium/pkg/models/ztdf.pb.go:1343.76,1343.77 0 0
stratium/pkg/models/ztdf.pb.go:1345.98,1347.14 2 0
stratium/pkg/models/ztdf.pb.go:1347.14,1349.34 2 0
stratium/pkg/models/ztdf.pb.go:1349.34,1351.4 1 0
stratium/pkg/models/ztdf.pb.go:1352.3,1352.12 1 0
stratium/pkg/models/ztdf.pb.go:1354.2,1354.24 1 0
stratium/pkg/models/ztdf.pb.go:1358.89,1360.2 1 0
stratium/pkg/models/ztdf.pb.go:1362.79,1363.14 1 0
stratium/pkg/models/ztdf.pb.go:1363.14,1365.3 1 0
stratium/pkg/models/ztdf.pb.go:1366.2,1366.11 1 0
stratium/pkg/models/ztdf.pb.go:1369.85,1370.14 1 0
stratium/pkg/models/ztdf.pb.go:1370.14,1372.3 1 0
stratium/pkg/models/ztdf.pb.go:1373.2,1373.10 1 0
stratium/pkg/models/ztdf.pb.go:1376.94,1377.14 1 0
stratium/pkg/models/ztdf.pb.go:1377.14,1379.3 1 0
stratium/pkg/models/ztdf.pb.go:1380.2,1380.10 1 0
stratium/pkg/models/ztdf.pb.go:1391.35,1396.2 4 0
stratium/pkg/models/ztdf.pb.go:1398.43,1400.2 1 0
stratium/pkg/models/ztdf.pb.go:1402.41,1402.42 0 0
stratium/pkg/models/ztdf.pb.go:1404.63,1406.14 2 0
stratium/pkg/models/ztdf.pb.go:1406.14,1408.34 2 0
stratium/pkg/models/ztdf.pb.go:1408.34,1410.4 1 0
stratium/pkg/models/ztdf.pb.go:1411.3,1411.12 1 0
stratium/pkg/models/ztdf.pb.go:1413.2,1413.24 1 0
stratium/pkg/models/ztdf.pb.go:1417.54,1419.2 1 0
stratium/pkg/models/ztdf.pb.go:1421.76,1422.14 1 0
stratium/pkg/models/ztdf.pb.go:1422.14,1424.3 1 0
stratium/pkg/models/ztdf.pb.go:1425.2,1425.12 1 0
stratium/pkg/models/ztdf.pb.go:1428.48,1429.14 1 0
stratium/pkg/models/ztdf.pb.go:1429.14,1431.3 1 0
stratium/pkg/models/ztdf.pb.go:1432.2,1432.12 1 0
stratium/pkg/models/ztdf.pb.go:1446.45,1451.2 4 0
stratium/pkg/models/ztdf.pb.go:1453.53,1455.2 1 0
stratium/pkg/models/ztdf.pb.go:1457.51,1457.52 0 0
stratium/pkg/models/ztdf.pb.go:1459.73,1461.14 2 0
stratium/pkg/models/ztdf.pb.go:1461.14,1463.34 2 0
stratium/pkg/models/ztdf.pb.go:1463.34,1465.4 1 0
stratium/pkg/models/ztdf.pb.go:1466.3,1466.12 1 0
stratium/pkg/models/ztdf.pb.go:1468.2,1468.24 1 0
stratium/pkg/models/ztdf.pb.go:1472.64,1474.2 1 0
stratium/pkg/models/ztdf.pb.go:1476.59,1477.14 1 0
stratium/pkg/models/ztdf.pb.go:1477.14,1479.3 1 0
stratium/pkg/models/ztdf.pb.go:1480.2,1480.11 1 0
stratium/pkg/models/ztdf.pb.go:1483.61,1484.14 1 0
stratium/pkg/models/ztdf.pb.go:1484.14,1486.3 1 0
stratium/pkg/models/ztdf.pb.go:1487.2,1487.11 1 0
stratium/pkg/models/ztdf.pb.go:1490.57,1491.14 1 0
stratium/pkg/models/ztdf.pb.go:1491.14,1493.3 1 0
stratium/pkg/models/ztdf.pb.go:1494.2,1494.14 1 0
stratium/pkg/models/ztdf.pb.go:1497.56,1498.14 1 0
stratium/pkg/models/ztdf.pb.go:1498.14,1500.3 1 0
stratium/pkg/models/ztdf.pb.go:1501.2,1501.11 1 0
stratium/pkg/models/ztdf.pb.go:1504.57,1505.14 1 0
stratium/pkg/models/ztdf.pb.go:1505.14,1507.3 1 0
stratium/pkg/models/ztdf.pb.go:1508.2,1508.11 1 0
stratium/pkg/models/ztdf.pb.go:1519.65,1524.2 4 0
stratium/pkg/models/ztdf.pb.go:1526.73,1528.2 1 0
stratium/pkg/models/ztdf.pb.go:1530.71,1530.72 0 0
stratium/pkg/models/ztdf.pb.go:1532.93,1534.14 2 0
stratium/pkg/models/ztdf.pb.go:1534.14,1536.34 2 0
stratium/pkg/models/ztdf.pb.go:1536.34,1538.4 1 0
stratium/pkg/models/ztdf.pb.go:1539.3,1539.12 1 0
stratium/pkg/models/ztdf.pb.go:1541.2,1541.24 1 0
stratium/pkg/models/ztdf.pb.go:1545.84,1547.2 1 0
stratium/pkg/models/ztdf.pb.go:1549.135,1550.14 1 0
stratium/pkg/models/ztdf.pb.go:1550.14,1552.3 1 0
stratium/pkg/models/ztdf.pb.go:1553.2,1553.61 1 0
stratium/pkg/models/ztdf.pb.go:1556.83,1557.14 1 0
stratium/pkg/models/ztdf.pb.go:1557.14,1559.3 1 0
stratium/pkg/models/ztdf.pb.go:1560.2,1560.12 1 0
stratium/pkg/models/ztdf.pb.go:1795.56,1796.53 1 0
stratium/pkg/models/ztdf.pb.go:1796.53,1798.3 1 0
stratium/pkg/models/ztdf.pb.go:1799.2,1799.49 1 0
stratium/pkg/models/ztdf.pb.go:1865.13,1865.52 1 1
stratium/pkg/models/ztdf.pb.go:1866.42,1867.41 1 1
stratium/pkg/models/ztdf.pb.go:1867.41,1869.3 1 0
stratium/pkg/models/ztdf.pb.go:1870.2,1888.44 6 1
stratium/pkg/policy_engine/engine.go:45.40,51.2 1 1
stratium/pkg/policy_engine/engine.go:54.89,55.18 1 1
stratium/pkg/policy_engine/engine.go:56.32,57.26 1 1
stratium/pkg/policy_engine/engine.go:58.34,59.27 1 1
stratium/pkg/policy_engine/engine.go:59.27,61.4 1 0
stratium/pkg/policy_engine/engine.go:62.3,62.28 1 1
stratium/pkg/policy_engine/engine.go:63.33,64.27 1 1
stratium/pkg/policy_engine/engine.go:65.10,66.46 1 1
stratium/pkg/policy_engine/json_engine.go:17.35,19.2 1 1
stratium/pkg/policy_engine/json_engine.go:47.118,48.43 1 1
stratium/pkg/policy_engine/json_engine.go:48.43,50.3 1 1
stratium/pkg/policy_engine/json_engine.go:53.2,54.71 2 1
stratium/pkg/policy_engine/json_engine.go:54.71,56.3 1 1
stratium/pkg/policy_engine/json_engine.go:59.2,59.26 1 1
stratium/pkg/policy_engine/json_engine.go:59.26,61.3 1 1
stratium/pkg/policy_engine/json_engine.go:63.2,63.28 1 1
stratium/pkg/policy_engine/json_engine.go:63.28,65.3 1 1
stratium/pkg/policy_engine/json_engine.go:68.2,68.36 1 1
stratium/pkg/policy_engine/json_engine.go:68.36,69.20 1 1
stratium/pkg/policy_engine/json_engine.go:69.20,71.4 1 1
stratium/pkg/policy_engine/json_engine.go:72.3,72.54 1 1
stratium/pkg/policy_engine/json_engine.go:72.54,74.4 1 1
stratium/pkg/policy_engine/json_engine.go:77.2,77.12 1 1
stratium/pkg/policy_engine/json_engine.go:81.126,82.50 1 1
stratium/pkg/policy_engine/json_engine.go:82.50,84.3 1 1
stratium/pkg/policy_engine/json_engine.go:87.2,88.82 2 1
stratium/pkg/policy_engine/json_engine.go:88.82,90.3 1 1
stratium/pkg/policy_engine/json_engine.go:92.2,100.40 3 1
stratium/pkg/policy_engine/json_engine.go:100.40,101.34 1 1
stratium/pkg/policy_engine/json_engine.go:101.34,104.30 2 1
stratium/pkg/policy_engine/json_engine.go:104.30,107.31 3 1
stratium/pkg/policy_engine/json_engine.go:107.31,109.6 1 1
stratium/pkg/policy_engine/json_engine.go:110.10,110.36 1 1
stratium/pkg/policy_engine/json_engine.go:110.36,113.31 3 1
stratium/pkg/policy_engine/json_engine.go:113.31,115.6 1 0
stratium/pkg/policy_engine/json_engine.go:117.5,119.23 3 1
stratium/pkg/policy_engine/json_engine.go:124.2,124.25 1 1
stratium/pkg/policy_engine/json_engine.go:124.25,126.3 1 1
stratium/pkg/policy_engine/json_engine.go:128.2,131.20 3 1
stratium/pkg/policy_engine/json_engine.go:135.79,137.2 1 1
stratium/pkg/policy_engine/json_engine.go:140.97,142.31 1 1
stratium/pkg/policy_engine/json_engine.go:142.31,143.41 1 1
stratium/pkg/policy_engine/json_engine.go:143.41,144.42 1 1
stratium/pkg/policy_engine/json_engine.go:144.42,146.5 1 0
stratium/pkg/policy_engine/json_engine.go:148.3,148.14 1 1
stratium/pkg/policy_engine/json_engine.go:152.2,152.31 1 1
stratium/pkg/policy_engine/json_engine.go:152.31,153.41 1 1
stratium/pkg/policy_engine/json_engine.go:153.41,154.41 1 1
stratium/pkg/policy_engine/json_engine.go:154.41,156.5 1 1
stratium/pkg/policy_engine/json_engine.go:158.3,158.15 1 0
stratium/pkg/policy_engine/json_engine.go:162.2,165.33 2 1
stratium/pkg/policy_engine/json_engine.go:165.33,166.60 1 1
stratium/pkg/policy_engine/json_engine.go:166.60,168.4 1 1
stratium/pkg/policy_engine/json_engine.go:172.2,172.34 1 1
stratium/pkg/policy_engine/json_engine.go:172.34,173.62 1 1
stratium/pkg/policy_engine/json_engine.go:173.62,175.4 1 1
stratium/pkg/policy_engine/json_engine.go:179.2,179.30 1 1
stratium/pkg/policy_engine/json_engine.go:179.30,180.54 1 1
stratium/pkg/policy_engine/json_engine.go:180.54,182.4 1 1
stratium/pkg/policy_engine/json_engine.go:186.2,186.37 1 1
stratium/pkg/policy_engine/json_engine.go:186.37,187.68 1 1
stratium/pkg/policy_engine/json_engine.go:187.68,189.4 1 0
stratium/pkg/policy_engine/json_engine.go:192.2,192.16 1 1
stratium/pkg/policy_engine/json_engine.go:196.109,197.43 1 1
stratium/pkg/policy_engine/json_engine.go:197.43,199.14 2 1
stratium/pkg/policy_engine/json_engine.go:199.14,201.4 1 1
stratium/pkg/policy_engine/json_engine.go:204.3,204.50 1 1
stratium/pkg/policy_engine/json_engine.go:204.50,206.4 1 1
stratium/pkg/policy_engine/json_engine.go:208.2,208.13 1 1
stratium/pkg/policy_engine/json_engine.go:212.82,214.57 1 1
stratium/pkg/policy_engine/json_engine.go:214.57,216.34 1 1
stratium/pkg/policy_engine/json_engine.go:216.34,218.4 1 1
stratium/pkg/policy_engine/json_engine.go:219.3,219.34 1 1
stratium/pkg/policy_engine/json_engine.go:219.34,221.4 1 1
stratium/pkg/policy_engine/json_engine.go:222.3,222.34 1 1
stratium/pkg/policy_engine/json_engine.go:222.34,223.45 1 1
stratium/pkg/policy_engine/json_engine.go:223.45,224.33 1 1
stratium/pkg/policy_engine/json_engine.go:224.33,225.33 1 1
stratium/pkg/policy_engine/json_engine.go:225.33,227.7 1 1
stratium/pkg/policy_engine/json_engine.go:229.5,229.17 1 0
stratium/pkg/policy_engine/json_engine.go:232.3,232.36 1 1
stratium/pkg/policy_engine/json_engine.go:232.36,233.47 1 1
stratium/pkg/policy_engine/json_engine.go:233.47,234.34 1 1
stratium/pkg/policy_engine/json_engine.go:234.34,235.33 1 1
stratium/pkg/policy_engine/json_engine.go:235.33,237.7 1 0
stratium/pkg/policy_engine/json_engine.go:239.5,239.16 1 1
stratium/pkg/policy_engine/json_engine.go:242.3,242.46 1 1
stratium/pkg/policy_engine/json_engine.go:242.46,246.4 3 1
stratium/pkg/policy_engine/json_engine.go:247.3,247.50 1 1
stratium/pkg/policy_engine/json_engine.go:247.50,251.4 3 1
stratium/pkg/policy_engine/json_engine.go:252.3,252.46 1 1
stratium/pkg/policy_engine/json_engine.go:252.46,256.4 3 1
stratium/pkg/policy_engine/json_engine.go:258.3,258.38 1 0
stratium/pkg/policy_engine/json_engine.go:262.2,262.37 1 1
stratium/pkg/policy_engine/json_engine.go:266.52,268.2 1 1
stratium/pkg/policy_engine/json_engine.go:271.78,273.41 1 1
stratium/pkg/policy_engine/json_engine.go:273.41,275.3 1 1
stratium/pkg/policy_engine/json_engine.go:278.2,278.50 1 1
stratium/pkg/policy_engine/json_engine.go:278.50,279.35 1 1
stratium/pkg/policy_engine/json_engine.go:279.35,280.44 1 1
stratium/pkg/policy_engine/json_engine.go:280.44,281.50 1 1
stratium/pkg/policy_engine/json_engine.go:281.50,283.6 1 1
stratium/pkg/policy_engine/json_engine.go:286.3,286.15 1 1
stratium/pkg/policy_engine/json_engine.go:290.2,290.57 1 1
stratium/pkg/policy_engine/json_engine.go:290.57,292.3 1 1
stratium/pkg/policy_engine/json_engine.go:294.2,294.14 1 0
stratium/pkg/policy_engine/json_engine.go:298.159,299.43 1 1
stratium/pkg/policy_engine/json_engine.go:299.43,301.3 1 1
stratium/pkg/policy_engine/json_engine.go:304.2,310.43 2 1
stratium/pkg/policy_engine/opa_engine.go:16.32,18.2 1 1
stratium/pkg/policy_engine/opa_engine.go:21.125,22.49 1 1
stratium/pkg/policy_engine/opa_engine.go:22.49,24.3 1 1
stratium/pkg/policy_engine/opa_engine.go:27.2,34.16 3 1
stratium/pkg/policy_engine/opa_engine.go:34.16,36.3 1 1
stratium/pkg/policy_engine/opa_engine.go:39.2,48.16 3 1
stratium/pkg/policy_engine/opa_engine.go:48.16,50.3 1 0
stratium/pkg/policy_engine/opa_engine.go:53.2,57.57 4 1
stratium/pkg/policy_engine/opa_engine.go:57.57,59.64 1 1
stratium/pkg/policy_engine/opa_engine.go:59.64,61.13 2 1
stratium/pkg/policy_engine/opa_engine.go:61.13,63.5 1 1
stratium/pkg/policy_engine/opa_engine.go:63.10,65.5 1 1
stratium/pkg/policy_engine/opa_engine.go:68.3,69.44 2 1
stratium/pkg/policy_engine/opa_engine.go:70.8,72.3 1 1
stratium/pkg/policy_engine/opa_engine.go:74.2,79.8 1 1
stratium/pkg/policy_engine/opa_engine.go:83.117,84.42 1 1
stratium/pkg/policy_engine/opa_engine.go:84.42,86.3 1 1
stratium/pkg/policy_engine/opa_engine.go:89.2,95.16 3 1
stratium/pkg/policy_engine/opa_engine.go:95.16,97.3 1 1
stratium/pkg/policy_engine/opa_engine.go:99.2,99.12 1 1
stratium/pkg/policy_engine/opa_engine.go:103.158,104.42 1 1
stratium/pkg/policy_engine/opa_engine.go:104.42,106.3 1 1
stratium/pkg/policy_engine/opa_engine.go:109.2,115.43 2 1
stratium/pkg/policy_engine/xacml_engine.go:16.36,18.2 1 1
stratium/pkg/policy_engine/xacml_engine.go:39.119,40.44 1 1
stratium/pkg/policy_engine/xacml_engine.go:40.44,42.3 1 1
stratium/pkg/policy_engine/xacml_engine.go:45.2,46.70 2 1
stratium/pkg/policy_engine/xacml_engine.go:46.70,48.3 1 1
stratium/pkg/policy_engine/xacml_engine.go:51.2,51.27 1 1
stratium/pkg/policy_engine/xacml_engine.go:51.27,53.3 1 1
stratium/pkg/policy_engine/xacml_engine.go:55.2,55.28 1 1
stratium/pkg/policy_engine/xacml_engine.go:55.28,57.3 1 1
stratium/pkg/policy_engine/xacml_engine.go:60.2,60.36 1 1
stratium/pkg/policy_engine/xacml_engine.go:60.36,61.24 1 1
stratium/pkg/policy_engine/xacml_engine.go:61.24,63.4 1 1
stratium/pkg/policy_engine/xacml_engine.go:64.3,64.55 1 1
stratium/pkg/policy_engine/xacml_engine.go:64.55,66.4 1 1
stratium/pkg/policy_engine/xacml_engine.go:69.2,69.12 1 1
stratium/pkg/policy_engine/xacml_engine.go:73.127,74.51 1 1
stratium/pkg/policy_engine/xacml_engine.go:74.51,76.3 1 1
stratium/pkg/policy_engine/xacml_engine.go:79.2,80.82 2 1
stratium/pkg/policy_engine/xacml_engine.go:80.82,82.3 1 1
stratium/pkg/policy_engine/xacml_engine.go:86.2,93.41 2 1
stratium/pkg/policy_engine/xacml_engine.go:93.41,98.18 2 1
stratium/pkg/policy_engine/xacml_engine.go:98.18,99.31 1 1
stratium/pkg/policy_engine/xacml_engine.go:99.31,102.5 2 1
stratium/pkg/policy_engine/xacml_engine.go:102.10,102.36 1 0
stratium/pkg/policy_engine/xacml_engine.go:102.36,106.10 3 0
stratium/pkg/policy_engine/xacml_engine.go:111.2,111.25 1 1
stratium/pkg/policy_engine/xacml_engine.go:111.25,113.3 1 1
stratium/pkg/policy_engine/xacml_engine.go:115.2,118.20 3 1
stratium/pkg/policy_engine/xacml_engine.go:123.81,128.26 1 1
stratium/pkg/policy_engine/xacml_engine.go:128.26,130.3 1 0
stratium/pkg/policy_engine/xacml_engine.go:134.2,137.40 2 1
stratium/pkg/policy_engine/xacml_engine.go:137.40,140.66 2 1
stratium/pkg/policy_engine/xacml_engine.go:140.66,142.4 1 1
stratium/pkg/policy_engine/xacml_engine.go:146.2,146.41 1 1
stratium/pkg/policy_engine/xacml_engine.go:146.41,149.66 2 1
stratium/pkg/policy_engine/xacml_engine.go:149.66,151.4 1 0
stratium/pkg/policy_engine/xacml_engine.go:155.2,155.69 1 1
stratium/pkg/policy_engine/xacml_engine.go:155.69,157.3 1 0
stratium/pkg/policy_engine/xacml_engine.go:159.2,159.14 1 1
stratium/pkg/policy_engine/xacml_engine.go:163.160,164.44 1 1
stratium/pkg/policy_engine/xacml_engine.go:164.44,166.3 1 1
stratium/pkg/policy_engine/xacml_engine.go:169.2,175.43 2 1
stratium/pkg/repository/interface.go:119.45,123.2 1 1
stratium/pkg/repository/interface.go:126.36,128.2 1 1
stratium/pkg/repository/interface.go:131.54,133.2 1 1
stratium/pkg/security/encryption/encryption.go:34.52,35.24 1 1
stratium/pkg/security/encryption/encryption.go:36.16,37.23 1 1
stratium/pkg/security/encryption/encryption.go:38.16,39.23 1 1
stratium/pkg/security/encryption/encryption.go:40.17,41.24 1 1
stratium/pkg/security/encryption/encryption.go:42.15,43.22 1 1
stratium/pkg/security/encryption/encryption.go:44.15,45.22 1 1
stratium/pkg/security/encryption/encryption.go:46.15,47.22 1 1
stratium/pkg/security/encryption/encryption.go:48.16,49.23 1 1
stratium/pkg/security/encryption/encryption.go:50.16,51.23 1 1
stratium/pkg/security/encryption/encryption.go:52.16,53.23 1 1
stratium/pkg/security/encryption/encryption.go:54.10,55.58 1 1
stratium/pkg/security/encryption/encryption.go:60.41,63.2 2 1
stratium/pkg/security/encryption/ecc/ecc_provider.go:24.72,28.19 3 1
stratium/pkg/security/encryption/ecc/ecc_provider.go:29.27,31.26 2 1
stratium/pkg/security/encryption/ecc/ecc_provider.go:32.27,34.26 2 1
stratium/pkg/security/encryption/ecc/ecc_provider.go:35.27,37.26 2 1
stratium/pkg/security/encryption/ecc/ecc_provider.go:38.10,39.73 1 1
stratium/pkg/security/encryption/ecc/ecc_provider.go:42.2,43.16 2 1
stratium/pkg/security/encryption/ecc/ecc_provider.go:43.16,45.3 1 0
stratium/pkg/security/encryption/ecc/ecc_provider.go:47.2,52.8 1 1
stratium/pkg/security/encryption/ecc/ecc_provider.go:56.58,59.2 2 1
stratium/pkg/security/encryption/ecc/ecc_provider.go:62.74,65.16 2 1
stratium/pkg/security/encryption/ecc/ecc_provider.go:65.16,67.3 1 0
stratium/pkg/security/encryption/ecc/ecc_provider.go:70.2,71.16 2 1
stratium/pkg/security/encryption/ecc/ecc_provider.go:71.16,73.3 1 0
stratium/pkg/security/encryption/ecc/ecc_provider.go:76.2,80.16 3 1
stratium/pkg/security/encryption/ecc/ecc_provider.go:80.16,82.3 1 0
stratium/pkg/security/encryption/ecc/ecc_provider.go:84.2,85.16 2 1
stratium/pkg/security/encryption/ecc/ecc_provider.go:85.16,87.3 1 0
stratium/pkg/security/encryption/ecc/ecc_provider.go:90.2,91.44 2 1
stratium/pkg/security/encryption/ecc/ecc_provider.go:91.44,93.3 1 0
stratium/pkg/security/encryption/ecc/ecc_provider.go:96.2,104.20 6 1
stratium/pkg/security/encryption/ecc/ecc_provider.go:108.75,113.21 3 1
stratium/pkg/security/encryption/ecc/ecc_provider.go:114.14,115.30 1 1
stratium/pkg/security/encryption/ecc/ecc_provider.go:116.14,117.30 1 1
stratium/pkg/security/encryption/ecc/ecc_provider.go:118.14,119.31 1 1
stratium/pkg/security/encryption/ecc/ecc_provider.go:120.10,121.67 1 0
stratium/pkg/security/encryption/ecc/ecc_provider.go:124.2,124.46 1 1
stratium/pkg/security/encryption/ecc/ecc_provider.go:124.46,126.3 1 1
stratium/pkg/security/encryption/ecc/ecc_provider.go:128.2,133.16 4 1
stratium/pkg/security/encryption/ecc/ecc_provider.go:133.16,135.3 1 1
stratium/pkg/security/encryption/ecc/ecc_provider.go:138.2,139.16 2 1
stratium/pkg/security/encryption/ecc/ecc_provider.go:139.16,141.3 1 0
stratium/pkg/security/encryption/ecc/ecc_provider.go:144.2,148.16 3 1
stratium/pkg/security/encryption/ecc/ecc_provider.go:148.16,150.3 1 0
stratium/pkg/security/encryption/ecc/ecc_provider.go:152.2,153.16 2 1
stratium/pkg/security/encryption/ecc/ecc_provider.go:153.16,155.3 1 0
stratium/pkg/security/encryption/ecc/ecc_provider.go:158.2,159.36 2 1
stratium/pkg/security/encryption/ecc/ecc_provider.go:159.36,161.3 1 0
stratium/pkg/security/encryption/ecc/ecc_provider.go:163.2,168.16 4 1
stratium/pkg/security/encryption/ecc/ecc_provider.go:168.16,170.3 1 1
stratium/pkg/security/encryption/ecc/ecc_provider.go:172.2,172.23 1 1
stratium/pkg/security/encryption/ecc/ecc_provider.go:176.56,184.53 3 0
stratium/pkg/security/encryption/ecc/ecc_provider.go:184.53,186.3 1 0
stratium/pkg/security/encryption/ecc/ecc_provider.go:188.2,192.44 4 0
stratium/pkg/security/encryption/ecc/ecc_provider.go:196.42,198.2 1 1
stratium/pkg/security/encryption/ecc/ecc_provider.go:201.51,203.2 1 1
stratium/pkg/security/encryption/ecc/ecc_provider.go:206.53,208.2 1 1
stratium/pkg/security/encryption/factory/provider_factory.go:24.59,26.2 1 1
stratium/pkg/security/encryption/factory/provider_factory.go:34.66,36.2 1 1
stratium/pkg/security/encryption/factory/provider_factory.go:39.84,42.30 2 1
stratium/pkg/security/encryption/factory/provider_factory.go:42.30,44.3 1 0
stratium/pkg/security/encryption/factory/provider_factory.go:46.2,46.43 1 1
stratium/pkg/security/encryption/factory/provider_factory.go:49.85,52.16 2 1
stratium/pkg/security/encryption/factory/provider_factory.go:52.16,55.3 1 0
stratium/pkg/security/encryption/factory/provider_factory.go:56.2,56.23 1 1
stratium/pkg/security/encryption/factory/provider_factory.go:65.66,67.2 1 1
stratium/pkg/security/encryption/factory/provider_factory.go:70.82,71.13 1 1
stratium/pkg/security/encryption/factory/provider_factory.go:73.70,75.17 2 1
stratium/pkg/security/encryption/factory/provider_factory.go:75.17,77.4 1 0
stratium/pkg/security/encryption/factory/provider_factory.go:78.3,81.9 1 1
stratium/pkg/security/encryption/factory/provider_factory.go:84.66,86.17 2 1
stratium/pkg/security/encryption/factory/provider_factory.go:86.17,88.4 1 0
stratium/pkg/security/encryption/factory/provider_factory.go:89.3,92.9 1 1
stratium/pkg/security/encryption/factory/provider_factory.go:95.69,97.17 2 1
stratium/pkg/security/encryption/factory/provider_factory.go:97.17,99.4 1 0
stratium/pkg/security/encryption/factory/provider_factory.go:100.3,103.9 1 1
stratium/pkg/security/encryption/factory/provider_factory.go:105.10,106.70 1 1
stratium/pkg/security/encryption/factory/provider_factory.go:111.56,112.13 1 1
stratium/pkg/security/encryption/factory/provider_factory.go:113.70,114.15 1 1
stratium/pkg/security/encryption/factory/provider_factory.go:115.66,116.15 1 1
stratium/pkg/security/encryption/factory/provider_factory.go:117.69,118.15 1 1
stratium/pkg/security/encryption/factory/provider_factory.go:119.10,120.19 1 1
stratium/pkg/repository/postgres/audit_repo.go:21.62,23.2 1 1
stratium/pkg/repository/postgres/audit_repo.go:26.88,28.16 2 1
stratium/pkg/repository/postgres/audit_repo.go:28.16,30.3 1 1
stratium/pkg/repository/postgres/audit_repo.go:32.2,33.16 2 1
stratium/pkg/repository/postgres/audit_repo.go:33.16,35.3 1 0
stratium/pkg/repository/postgres/audit_repo.go:37.2,53.16 3 1
stratium/pkg/repository/postgres/audit_repo.go:53.16,55.3 1 0
stratium/pkg/repository/postgres/audit_repo.go:56.2,56.12 1 1
stratium/pkg/repository/postgres/audit_repo.go:60.96,68.26 4 1
stratium/pkg/repository/postgres/audit_repo.go:68.26,70.3 1 1
stratium/pkg/repository/postgres/audit_repo.go:71.2,71.16 1 1
stratium/pkg/repository/postgres/audit_repo.go:71.16,73.3 1 0
stratium/pkg/repository/postgres/audit_repo.go:74.2,74.27 1 1
stratium/pkg/repository/postgres/audit_repo.go:78.115,88.27 4 1
stratium/pkg/repository/postgres/audit_repo.go:88.27,92.3 3 1
stratium/pkg/repository/postgres/audit_repo.go:93.2,93.25 1 1
stratium/pkg/repository/postgres/audit_repo.go:93.25,97.3 3 0
stratium/pkg/repository/postgres/audit_repo.go:98.2,98.23 1 1
stratium/pkg/repository/postgres/audit_repo.go:98.23,102.3 3 0
stratium/pkg/repository/postgres/audit_repo.go:103.2,103.21 1 1
stratium/pkg/repository/postgres/audit_repo.go:103.21,107.3 3 1
stratium/pkg/repository/postgres/audit_repo.go:108.2,108.26 1 1
stratium/pkg/repository/postgres/audit_repo.go:108.26,112.3 3 1
stratium/pkg/repository/postgres/audit_repo.go:113.2,113.24 1 1
stratium/pkg/repository/postgres/audit_repo.go:113.24,117.3 3 1
stratium/pkg/repository/postgres/audit_repo.go:120.2,123.19 2 1
stratium/pkg/repository/postgres/audit_repo.go:123.19,127.3 3 1
stratium/pkg/repository/postgres/audit_repo.go:128.2,128.20 1 1
stratium/pkg/repository/postgres/audit_repo.go:128.20,131.3 2 1
stratium/pkg/repository/postgres/audit_repo.go:133.2,135.16 3 1
stratium/pkg/repository/postgres/audit_repo.go:135.16,137.3 1 0
stratium/pkg/repository/postgres/audit_repo.go:139.2,139.40 1 1
stratium/pkg/repository/postgres/audit_repo.go:143.139,153.16 4 1
stratium/pkg/repository/postgres/audit_repo.go:153.16,155.3 1 0
stratium/pkg/repository/postgres/audit_repo.go:157.2,157.40 1 1
stratium/pkg/repository/postgres/audit_repo.go:161.121,172.16 4 1
stratium/pkg/repository/postgres/audit_repo.go:172.16,174.3 1 0
stratium/pkg/repository/postgres/audit_repo.go:176.2,176.40 1 1
stratium/pkg/repository/postgres/audit_repo.go:180.101,185.27 4 1
stratium/pkg/repository/postgres/audit_repo.go:185.27,189.3 3 1
stratium/pkg/repository/postgres/audit_repo.go:190.2,190.25 1 1
stratium/pkg/repository/postgres/audit_repo.go:190.25,194.3 3 0
stratium/pkg/repository/postgres/audit_repo.go:195.2,195.23 1 1
stratium/pkg/repository/postgres/audit_repo.go:195.23,199.3 3 0
stratium/pkg/repository/postgres/audit_repo.go:200.2,200.21 1 1
stratium/pkg/repository/postgres/audit_repo.go:200.21,204.3 3 0
stratium/pkg/repository/postgres/audit_repo.go:205.2,205.26 1 1
stratium/pkg/repository/postgres/audit_repo.go:205.26,209.3 3 1
stratium/pkg/repository/postgres/audit_repo.go:210.2,210.24 1 1
stratium/pkg/repository/postgres/audit_repo.go:210.24,213.3 2 1
stratium/pkg/repository/postgres/audit_repo.go:215.2,217.16 3 1
stratium/pkg/repository/postgres/audit_repo.go:217.16,219.3 1 0
stratium/pkg/repository/postgres/audit_repo.go:221.2,221.19 1 1
stratium/pkg/repository/postgres/audit_repo.go:238.59,240.24 2 1
stratium/pkg/repository/postgres/audit_repo.go:240.24,241.61 1 1
stratium/pkg/repository/postgres/audit_repo.go:241.61,243.4 1 1
stratium/pkg/repository/postgres/audit_repo.go:246.2,247.23 2 1
stratium/pkg/repository/postgres/audit_repo.go:247.23,248.59 1 1
stratium/pkg/repository/postgres/audit_repo.go:248.59,250.4 1 1
stratium/pkg/repository/postgres/audit_repo.go:253.2,264.8 1 1
stratium/pkg/repository/postgres/audit_repo.go:267.75,269.27 2 1
stratium/pkg/repository/postgres/audit_repo.go:269.27,271.17 2 1
stratium/pkg/repository/postgres/audit_repo.go:271.17,273.4 1 0
stratium/pkg/repository/postgres/audit_repo.go:274.3,274.42 1 1
stratium/pkg/repository/postgres/audit_repo.go:276.2,276.23 1 1
stratium/pkg/repository/postgres/entitlement_repo.go:22.74,24.2 1 1
stratium/pkg/repository/postgres/entitlement_repo.go:27.100,29.16 2 1
stratium/pkg/repository/postgres/entitlement_repo.go:29.16,31.3 1 1
stratium/pkg/repository/postgres/entitlement_repo.go:33.2,34.16 2 1
stratium/pkg/repository/postgres/entitlement_repo.go:34.16,36.3 1 1
stratium/pkg/repository/postgres/entitlement_repo.go:38.2,39.16 2 1
stratium/pkg/repository/postgres/entitlement_repo.go:39.16,41.3 1 0
stratium/pkg/repository/postgres/entitlement_repo.go:43.2,44.16 2 1
stratium/pkg/repository/postgres/entitlement_repo.go:44.16,46.3 1 0
stratium/pkg/repository/postgres/entitlement_repo.go:48.2,67.16 3 1
stratium/pkg/repository/postgres/entitlement_repo.go:67.16,69.3 1 0
stratium/pkg/repository/postgres/entitlement_repo.go:70.2,70.12 1 1
stratium/pkg/repository/postgres/entitlement_repo.go:74.105,82.26 4 1
stratium/pkg/repository/postgres/entitlement_repo.go:82.26,84.3 1 1
stratium/pkg/repository/postgres/entitlement_repo.go:85.2,85.16 1 1
stratium/pkg/repository/postgres/entitlement_repo.go:85.16,87.3 1 0
stratium/pkg/repository/postgres/entitlement_repo.go:88.2,88.30 1 1
stratium/pkg/repository/postgres/entitlement_repo.go:92.106,100.26 4 1
stratium/pkg/repository/postgres/entitlement_repo.go:100.26,102.3 1 1
stratium/pkg/repository/postgres/entitlement_repo.go:103.2,103.16 1 1
stratium/pkg/repository/postgres/entitlement_repo.go:103.16,105.3 1 0
stratium/pkg/repository/postgres/entitlement_repo.go:106.2,106.30 1 1
stratium/pkg/repository/postgres/entitlement_repo.go:110.127,120.24 4 1
stratium/pkg/repository/postgres/entitlement_repo.go:120.24,124.3 3 1
stratium/pkg/repository/postgres/entitlement_repo.go:126.2,126.22 1 1
stratium/pkg/repository/postgres/entitlement_repo.go:126.22,131.3 4 1
stratium/pkg/repository/postgres/entitlement_repo.go:134.2,137.19 2 1
stratium/pkg/repository/postgres/entitlement_repo.go:137.19,141.3 3 1
stratium/pkg/repository/postgres/entitlement_repo.go:142.2,142.20 1 1
stratium/pkg/repository/postgres/entitlement_repo.go:142.20,145.3 2 1
stratium/pkg/repository/postgres/entitlement_repo.go:147.2,149.16 3 1
stratium/pkg/repository/postgres/entitlement_repo.go:149.16,151.3 1 0
stratium/pkg/repository/postgres/entitlement_repo.go:153.2,153.46 1 1
stratium/pkg/repository/postgres/entitlement_repo.go:157.100,159.16 2 1
stratium/pkg/repository/postgres/entitlement_repo.go:159.16,161.3 1 0
stratium/pkg/repository/postgres/entitlement_repo.go:163.2,164.16 2 1
stratium/pkg/repository/postgres/entitlement_repo.go:164.16,166.3 1 0
stratium/pkg/repository/postgres/entitlement_repo.go:168.2,169.16 2 1
stratium/pkg/repository/postgres/entitlement_repo.go:169.16,171.3 1 0
stratium/pkg/repository/postgres/entitlement_repo.go:173.2,174.16 2 1
stratium/pkg/repository/postgres/entitlement_repo.go:174.16,176.3 1 0
stratium/pkg/repository/postgres/entitlement_repo.go:178.2,196.16 3 1
stratium/pkg/repository/postgres/entitlement_repo.go:196.16,198.3 1 0
stratium/pkg/repository/postgres/entitlement_repo.go:200.2,201.16 2 1
stratium/pkg/repository/postgres/entitlement_repo.go:201.16,203.3 1 0
stratium/pkg/repository/postgres/entitlement_repo.go:204.2,204.15 1 1
stratium/pkg/repository/postgres/entitlement_repo.go:204.15,206.3 1 1
stratium/pkg/repository/postgres/entitlement_repo.go:208.2,208.12 1 1
stratium/pkg/repository/postgres/entitlement_repo.go:212.81,215.16 3 1
stratium/pkg/repository/postgres/entitlement_repo.go:215.16,217.3 1 0
stratium/pkg/repository/postgres/entitlement_repo.go:219.2,220.16 2 1
stratium/pkg/repository/postgres/entitlement_repo.go:220.16,222.3 1 0
stratium/pkg/repository/postgres/entitlement_repo.go:223.2,223.15 1 1
stratium/pkg/repository/postgres/entitlement_repo.go:223.15,225.3 1 1
stratium/pkg/repository/postgres/entitlement_repo.go:227.2,227.12 1 1
stratium/pkg/repository/postgres/entitlement_repo.go:231.135,233.16 2 1
stratium/pkg/repository/postgres/entitlement_repo.go:233.16,235.3 1 0
stratium/pkg/repository/postgres/entitlement_repo.go:240.2,250.22 3 1
stratium/pkg/repository/postgres/entitlement_repo.go:250.22,252.17 2 1
stratium/pkg/repository/postgres/entitlement_repo.go:252.17,254.4 1 0
stratium/pkg/repository/postgres/entitlement_repo.go:255.3,256.34 2 1
stratium/pkg/repository/postgres/entitlement_repo.go:259.2,263.16 4 1
stratium/pkg/repository/postgres/entitlement_repo.go:263.16,265.3 1 0
stratium/pkg/repository/postgres/entitlement_repo.go:267.2,267.46 1 1
stratium/pkg/repository/postgres/entitlement_repo.go:271.96,282.16 4 1
stratium/pkg/repository/postgres/entitlement_repo.go:282.16,284.3 1 0
stratium/pkg/repository/postgres/entitlement_repo.go:286.2,286.46 1 1
stratium/pkg/repository/postgres/entitlement_repo.go:290.110,295.24 4 1
stratium/pkg/repository/postgres/entitlement_repo.go:295.24,299.3 3 1
stratium/pkg/repository/postgres/entitlement_repo.go:301.2,301.22 1 1
stratium/pkg/repository/postgres/entitlement_repo.go:301.22,305.3 3 1
stratium/pkg/repository/postgres/entitlement_repo.go:307.2,309.16 3 1
stratium/pkg/repository/postgres/entitlement_repo.go:309.16,311.3 1 0
stratium/pkg/repository/postgres/entitlement_repo.go:313.2,313.19 1 1
stratium/pkg/repository/postgres/entitlement_repo.go:333.65,335.34 2 1
stratium/pkg/repository/postgres/entitlement_repo.go:335.34,336.76 1 1
stratium/pkg/repository/postgres/entitlement_repo.go:336.76,338.4 1 1
stratium/pkg/repository/postgres/entitlement_repo.go:340.2,340.25 1 1
stratium/pkg/repository/postgres/entitlement_repo.go:340.25,342.3 1 0
stratium/pkg/repository/postgres/entitlement_repo.go:344.2,345.35 2 1
stratium/pkg/repository/postgres/entitlement_repo.go:345.35,346.78 1 1
stratium/pkg/repository/postgres/entitlement_repo.go:346.78,348.4 1 1
stratium/pkg/repository/postgres/entitlement_repo.go:350.2,350.26 1 1
stratium/pkg/repository/postgres/entitlement_repo.go:350.26,352.3 1 0
stratium/pkg/repository/postgres/entitlement_repo.go:354.2,355.24 2 1
stratium/pkg/repository/postgres/entitlement_repo.go:355.24,356.61 1 1
stratium/pkg/repository/postgres/entitlement_repo.go:356.61,358.4 1 1
stratium/pkg/repository/postgres/entitlement_repo.go:360.2,360.20 1 1
stratium/pkg/repository/postgres/entitlement_repo.go:360.20,362.3 1 0
stratium/pkg/repository/postgres/entitlement_repo.go:364.2,365.27 2 1
stratium/pkg/repository/postgres/entitlement_repo.go:365.27,366.67 1 1
stratium/pkg/repository/postgres/entitlement_repo.go:366.67,368.4 1 1
stratium/pkg/repository/postgres/entitlement_repo.go:370.2,370.23 1 1
stratium/pkg/repository/postgres/entitlement_repo.go:370.23,372.3 1 0
stratium/pkg/repository/postgres/entitlement_repo.go:374.2,375.23 2 1
stratium/pkg/repository/postgres/entitlement_repo.go:375.23,377.3 1 1
stratium/pkg/repository/postgres/entitlement_repo.go:379.2,393.8 1 1
stratium/pkg/repository/postgres/entitlement_repo.go:396.84,398.27 2 1
stratium/pkg/repository/postgres/entitlement_repo.go:398.27,400.17 2 1
stratium/pkg/repository/postgres/entitlement_repo.go:400.17,402.4 1 1
stratium/pkg/repository/postgres/entitlement_repo.go:403.3,403.51 1 1
stratium/pkg/repository/postgres/entitlement_repo.go:405.2,405.26 1 1
stratium/pkg/repository/postgres/entitlement_repo.go:408.53,409.28 1 1
stratium/pkg/repository/postgres/entitlement_repo.go:409.28,411.3 1 1
stratium/pkg/repository/postgres/entitlement_repo.go:412.2,413.11 2 1
stratium/pkg/repository/postgres/policy_repo.go:20.64,22.2 1 1
stratium/pkg/repository/postgres/policy_repo.go:25.85,44.16 3 1
stratium/pkg/repository/postgres/policy_repo.go:44.16,46.3 1 1
stratium/pkg/repository/postgres/policy_repo.go:47.2,47.12 1 1
stratium/pkg/repository/postgres/policy_repo.go:51.95,59.26 4 1
stratium/pkg/repository/postgres/policy_repo.go:59.26,61.3 1 1
stratium/pkg/repository/postgres/policy_repo.go:62.2,62.16 1 1
stratium/pkg/repository/postgres/policy_repo.go:62.16,64.3 1 0
stratium/pkg/repository/postgres/policy_repo.go:65.2,65.21 1 1
stratium/pkg/repository/postgres/policy_repo.go:69.96,77.26 4 1
stratium/pkg/repository/postgres/policy_repo.go:77.26,79.3 1 0
stratium/pkg/repository/postgres/policy_repo.go:80.2,80.16 1 1
stratium/pkg/repository/postgres/policy_repo.go:80.16,82.3 1 0
stratium/pkg/repository/postgres/policy_repo.go:83.2,83.21 1 1
stratium/pkg/repository/postgres/policy_repo.go:87.113,99.25 5 1
stratium/pkg/repository/postgres/policy_repo.go:99.25,103.3 3 1
stratium/pkg/repository/postgres/policy_repo.go:104.2,104.24 1 1
stratium/pkg/repository/postgres/policy_repo.go:104.24,108.3 3 1
stratium/pkg/repository/postgres/policy_repo.go:109.2,109.23 1 1
stratium/pkg/repository/postgres/policy_repo.go:109.23,113.3 3 0
stratium/pkg/repository/postgres/policy_repo.go:116.2,119.19 2 1
stratium/pkg/repository/postgres/policy_repo.go:119.19,123.3 3 1
stratium/pkg/repository/postgres/policy_repo.go:124.2,124.20 1 1
stratium/pkg/repository/postgres/policy_repo.go:124.20,127.3 2 1
stratium/pkg/repository/postgres/policy_repo.go:129.2,130.16 2 1
stratium/pkg/repository/postgres/policy_repo.go:130.16,132.3 1 0
stratium/pkg/repository/postgres/policy_repo.go:134.2,134.22 1 1
stratium/pkg/repository/postgres/policy_repo.go:138.85,156.16 3 1
stratium/pkg/repository/postgres/policy_repo.go:156.16,158.3 1 0
stratium/pkg/repository/postgres/policy_repo.go:160.2,161.16 2 1
stratium/pkg/repository/postgres/policy_repo.go:161.16,163.3 1 0
stratium/pkg/repository/postgres/policy_repo.go:164.2,164.15 1 1
stratium/pkg/repository/postgres/policy_repo.go:164.15,166.3 1 1
stratium/pkg/repository/postgres/policy_repo.go:168.2,168.12 1 1
stratium/pkg/repository/postgres/policy_repo.go:172.76,175.16 3 1
stratium/pkg/repository/postgres/policy_repo.go:175.16,177.3 1 0
stratium/pkg/repository/postgres/policy_repo.go:179.2,180.16 2 1
stratium/pkg/repository/postgres/policy_repo.go:180.16,182.3 1 0
stratium/pkg/repository/postgres/policy_repo.go:183.2,183.15 1 1
stratium/pkg/repository/postgres/policy_repo.go:183.15,185.3 1 1
stratium/pkg/repository/postgres/policy_repo.go:187.2,187.12 1 1
stratium/pkg/repository/postgres/policy_repo.go:191.87,200.16 4 1
stratium/pkg/repository/postgres/policy_repo.go:200.16,202.3 1 0
stratium/pkg/repository/postgres/policy_repo.go:203.2,203.22 1 1
stratium/pkg/repository/postgres/policy_repo.go:207.101,212.25 4 1
stratium/pkg/repository/postgres/policy_repo.go:212.25,216.3 3 1
stratium/pkg/repository/postgres/policy_repo.go:217.2,217.24 1 1
stratium/pkg/repository/postgres/policy_repo.go:217.24,221.3 3 1
stratium/pkg/repository/postgres/policy_repo.go:222.2,222.23 1 1
stratium/pkg/repository/postgres/policy_repo.go:222.23,225.3 2 0
stratium/pkg/repository/postgres/policy_repo.go:227.2,229.16 3 1
stratium/pkg/repository/postgres/policy_repo.go:229.16,231.3 1 0
stratium/pkg/repository/postgres/policy_repo.go:233.2,233.19 1 1
stratium/pkg/repository/postgres/postgres.go:20.34,22.2 1 1
stratium/pkg/repository/postgres/postgres.go:25.76,27.16 2 0
stratium/pkg/repository/postgres/postgres.go:27.16,29.3 1 0
stratium/pkg/repository/postgres/postgres.go:32.2,36.12 4 0
stratium/pkg/repository/postgres/postgres.go:40.36,41.17 1 1
stratium/pkg/repository/postgres/postgres.go:41.17,43.3 1 1
stratium/pkg/repository/postgres/postgres.go:44.2,44.12 1 1
stratium/pkg/repository/postgres/postgres.go:48.54,49.17 1 1
stratium/pkg/repository/postgres/postgres.go:49.17,51.3 1 1
stratium/pkg/repository/postgres/postgres.go:52.2,52.30 1 1
stratium/pkg/repository/postgres/postgres.go:56.83,58.16 2 1
stratium/pkg/repository/postgres/postgres.go:58.16,60.3 1 1
stratium/pkg/repository/postgres/postgres.go:62.2,67.8 1 1
stratium/pkg/repository/postgres/postgres.go:71.36,73.2 1 1
stratium/pkg/repository/postgres/postgres.go:84.37,86.2 1 1
stratium/pkg/repository/postgres/postgres.go:89.39,91.2 1 1
stratium/pkg/repository/postgres/postgres.go:94.69,96.2 1 1
stratium/pkg/repository/postgres/postgres.go:99.79,101.2 1 1
stratium/pkg/repository/postgres/postgres.go:104.67,106.2 1 1
stratium/pkg/repository/postgres/postgres.go:109.71,112.69 2 0
stratium/pkg/repository/postgres/postgres.go:112.69,114.3 1 0
stratium/pkg/repository/postgres/postgres.go:116.2,121.18 5 0
stratium/pkg/security/encryption/rsa/rsa_provider.go:19.69,21.19 2 1
stratium/pkg/security/encryption/rsa/rsa_provider.go:22.26,23.17 1 1
stratium/pkg/security/encryption/rsa/rsa_provider.go:24.26,25.17 1 1
stratium/pkg/security/encryption/rsa/rsa_provider.go:26.26,27.17 1 1
stratium/pkg/security/encryption/rsa/rsa_provider.go:28.10,29.77 1 1
stratium/pkg/security/encryption/rsa/rsa_provider.go:31.2,32.16 2 1
stratium/pkg/security/encryption/rsa/rsa_provider.go:32.16,34.3 1 0
stratium/pkg/security/encryption/rsa/rsa_provider.go:36.2,40.8 1 1
stratium/pkg/security/encryption/rsa/rsa_provider.go:44.74,47.16 2 1
stratium/pkg/security/encryption/rsa/rsa_provider.go:47.16,49.3 1 0
stratium/pkg/security/encryption/rsa/rsa_provider.go:50.2,50.24 1 1
stratium/pkg/security/encryption/rsa/rsa_provider.go:54.75,57.16 2 1
stratium/pkg/security/encryption/rsa/rsa_provider.go:57.16,59.3 1 1
stratium/pkg/security/encryption/rsa/rsa_provider.go:60.2,60.23 1 1
stratium/pkg/security/encryption/rsa/rsa_provider.go:64.56,66.2 1 1
stratium/pkg/security/encryption/rsa/rsa_provider.go:69.57,71.2 1 1
stratium/pkg/security/encryption/rsa/rsa_provider.go:74.37,76.2 1 1
stratium/pkg/security/encryption/rsa/rsa_provider.go:79.46,82.2 1 1
stratium/pkg/security/encryption/rsa/rsa_provider.go:85.67,87.36 2 1
stratium/pkg/security/encryption/rsa/rsa_provider.go:87.36,89.3 1 0
stratium/pkg/security/encryption/rsa/rsa_provider.go:91.2,92.52 2 1
stratium/pkg/security/encryption/rsa/rsa_provider.go:92.52,94.27 2 1
stratium/pkg/security/encryption/rsa/rsa_provider.go:94.27,96.4 1 1
stratium/pkg/security/encryption/rsa/rsa_provider.go:98.3,100.17 3 1
stratium/pkg/security/encryption/rsa/rsa_provider.go:100.17,102.4 1 0
stratium/pkg/security/encryption/rsa/rsa_provider.go:105.3,113.45 4 1
stratium/pkg/security/encryption/rsa/rsa_provider.go:116.2,116.20 1 1
stratium/pkg/security/encryption/rsa/rsa_provider.go:120.68,124.31 3 1
stratium/pkg/security/encryption/rsa/rsa_provider.go:124.31,125.33 1 1
stratium/pkg/security/encryption/rsa/rsa_provider.go:125.33,127.4 1 1
stratium/pkg/security/encryption/rsa/rsa_provider.go:130.3,136.41 3 1
stratium/pkg/security/encryption/rsa/rsa_provider.go:136.41,138.4 1 1
stratium/pkg/security/encryption/rsa/rsa_provider.go:141.3,143.17 3 1
stratium/pkg/security/encryption/rsa/rsa_provider.go:143.17,145.4 1 0
stratium/pkg/security/encryption/rsa/rsa_provider.go:147.3,148.22 2 1
stratium/pkg/security/encryption/rsa/rsa_provider.go:151.2,151.20 1 1
stratium/pkg/security/encryption/kem/factory.go:21.70,25.13 3 1
stratium/pkg/security/encryption/kem/factory.go:26.27,27.40 1 1
stratium/pkg/security/encryption/kem/factory.go:28.27,29.40 1 1
stratium/pkg/security/encryption/kem/factory.go:30.28,31.41 1 1
stratium/pkg/security/encryption/kem/factory.go:32.10,33.95 1 1
stratium/pkg/security/encryption/kem/factory.go:36.2,36.16 1 1
stratium/pkg/security/encryption/kem/factory.go:36.16,38.3 1 0
stratium/pkg/security/encryption/kem/factory.go:39.2,39.22 1 1
stratium/pkg/security/encryption/kem/kyber1024.go:27.57,30.16 2 1
stratium/pkg/security/encryption/kem/kyber1024.go:30.16,32.3 1 0
stratium/pkg/security/encryption/kem/kyber1024.go:36.2,43.8 1 1
stratium/pkg/security/encryption/kem/kyber1024.go:48.80,57.2 4 1
stratium/pkg/security/encryption/kem/kyber1024.go:60.68,66.2 3 1
stratium/pkg/security/encryption/kem/kyber1024.go:68.76,70.16 2 1
stratium/pkg/security/encryption/kem/kyber1024.go:70.16,72.3 1 0
stratium/pkg/security/encryption/kem/kyber1024.go:74.2,75.16 2 1
stratium/pkg/security/encryption/kem/kyber1024.go:75.16,77.3 1 0
stratium/pkg/security/encryption/kem/kyber1024.go:79.2,80.44 2 1
stratium/pkg/security/encryption/kem/kyber1024.go:80.44,82.3 1 0
stratium/pkg/security/encryption/kem/kyber1024.go:85.2,86.24 2 1
stratium/pkg/security/encryption/kem/kyber1024.go:89.76,91.16 2 1
stratium/pkg/security/encryption/kem/kyber1024.go:91.16,93.3 1 0
stratium/pkg/security/encryption/kem/kyber1024.go:95.2,96.16 2 1
stratium/pkg/security/encryption/kem/kyber1024.go:96.16,98.3 1 0
stratium/pkg/security/encryption/kem/kyber1024.go:100.2,101.25 2 1
stratium/pkg/security/encryption/kem/kyber1024.go:101.25,103.3 1 0
stratium/pkg/security/encryption/kem/kyber1024.go:106.2,109.16 3 1
stratium/pkg/security/encryption/kem/kyber1024.go:109.16,111.3 1 0
stratium/pkg/security/encryption/kem/kyber1024.go:113.2,113.23 1 1
stratium/pkg/security/encryption/kem/kyber512.go:27.55,30.16 2 1
stratium/pkg/security/encryption/kem/kyber512.go:30.16,32.3 1 0
stratium/pkg/security/encryption/kem/kyber512.go:36.2,43.8 1 1
stratium/pkg/security/encryption/kem/kyber512.go:48.79,57.2 4 1
stratium/pkg/security/encryption/kem/kyber512.go:60.67,66.2 3 1
stratium/pkg/security/encryption/kem/kyber512.go:68.75,70.16 2 1
stratium/pkg/security/encryption/kem/kyber512.go:70.16,72.3 1 0
stratium/pkg/security/encryption/kem/kyber512.go:74.2,75.16 2 1
stratium/pkg/security/encryption/kem/kyber512.go:75.16,77.3 1 0
stratium/pkg/security/encryption/kem/kyber512.go:79.2,80.44 2 1
stratium/pkg/security/encryption/kem/kyber512.go:80.44,82.3 1 0
stratium/pkg/security/encryption/kem/kyber512.go:85.2,86.24 2 1
stratium/pkg/security/encryption/kem/kyber512.go:89.75,91.16 2 1
stratium/pkg/security/encryption/kem/kyber512.go:91.16,93.3 1 0
stratium/pkg/security/encryption/kem/kyber512.go:95.2,96.16 2 1
stratium/pkg/security/encryption/kem/kyber512.go:96.16,98.3 1 0
stratium/pkg/security/encryption/kem/kyber512.go:100.2,101.25 2 1
stratium/pkg/security/encryption/kem/kyber512.go:101.25,103.3 1 0
stratium/pkg/security/encryption/kem/kyber512.go:106.2,109.16 3 1
stratium/pkg/security/encryption/kem/kyber512.go:109.16,111.3 1 0
stratium/pkg/security/encryption/kem/kyber512.go:113.2,113.23 1 1
stratium/pkg/security/encryption/kem/kyber768.go:27.55,30.16 2 1
stratium/pkg/security/encryption/kem/kyber768.go:30.16,32.3 1 0
stratium/pkg/security/encryption/kem/kyber768.go:36.2,43.8 1 1
stratium/pkg/security/encryption/kem/kyber768.go:48.79,57.2 4 1
stratium/pkg/security/encryption/kem/kyber768.go:60.67,66.2 3 1
stratium/pkg/security/encryption/kem/kyber768.go:68.75,70.16 2 1
stratium/pkg/security/encryption/kem/kyber768.go:70.16,72.3 1 0
stratium/pkg/security/encryption/kem/kyber768.go:74.2,75.16 2 1
stratium/pkg/security/encryption/kem/kyber768.go:75.16,77.3 1 0
stratium/pkg/security/encryption/kem/kyber768.go:79.2,80.44 2 1
stratium/pkg/security/encryption/kem/kyber768.go:80.44,82.3 1 0
stratium/pkg/security/encryption/kem/kyber768.go:85.2,86.24 2 1
stratium/pkg/security/encryption/kem/kyber768.go:89.75,91.16 2 1
stratium/pkg/security/encryption/kem/kyber768.go:91.16,93.3 1 0
stratium/pkg/security/encryption/kem/kyber768.go:95.2,96.16 2 1
stratium/pkg/security/encryption/kem/kyber768.go:96.16,98.3 1 0
stratium/pkg/security/encryption/kem/kyber768.go:100.2,101.25 2 1
stratium/pkg/security/encryption/kem/kyber768.go:101.25,103.3 1 0
stratium/pkg/security/encryption/kem/kyber768.go:106.2,109.16 3 1
stratium/pkg/security/encryption/kem/kyber768.go:109.16,111.3 1 0
stratium/pkg/security/encryption/kem/kyber768.go:113.2,113.23 1 1
stratium/pkg/security/tlspolicy/client.go:15.65,18.57 2 0
stratium/pkg/security/tlspolicy/client.go:18.57,20.3 1 0
stratium/pkg/security/tlspolicy/client.go:20.8,20.23 1 0
stratium/pkg/security/tlspolicy/client.go:20.23,22.3 1 0
stratium/pkg/security/tlspolicy/client.go:24.2,25.22 2 0
stratium/pkg/security/tlspolicy/client.go:25.22,27.3 1 0
stratium/pkg/security/tlspolicy/client.go:28.2,28.22 1 0
stratium/pkg/security/tlspolicy/client.go:28.22,30.3 1 0
stratium/pkg/security/tlspolicy/client.go:31.2,31.22 1 0
stratium/pkg/security/tlspolicy/client.go:31.22,33.3 1 0
stratium/pkg/security/tlspolicy/client.go:35.2,35.22 1 0
stratium/pkg/security/tlspolicy/client.go:35.22,37.17 2 0
stratium/pkg/security/tlspolicy/client.go:37.17,39.4 1 0
stratium/pkg/security/tlspolicy/client.go:40.3,40.21 1 0
stratium/pkg/security/tlspolicy/client.go:43.2,43.50 1 0
stratium/pkg/security/tlspolicy/client.go:43.50,45.3 1 0
stratium/pkg/security/tlspolicy/client.go:47.2,47.17 1 0
stratium/pkg/security/tlspolicy/client.go:51.56,52.24 1 1
stratium/pkg/security/tlspolicy/client.go:52.24,54.3 1 1
stratium/pkg/security/tlspolicy/client.go:55.2,55.24 1 0
stratium/pkg/security/tlspolicy/client.go:55.24,57.3 1 0
stratium/pkg/security/tlspolicy/client.go:58.2,58.12 1 0
stratium/pkg/security/tlspolicy/client.go:62.46,63.57 1 0
stratium/pkg/security/tlspolicy/client.go:63.57,65.3 1 0
stratium/pkg/security/tlspolicy/client.go:66.2,66.32 1 0
stratium/pkg/security/tlspolicy/client.go:70.57,71.18 1 0
stratium/pkg/security/tlspolicy/client.go:71.18,73.3 1 0
stratium/pkg/security/tlspolicy/client.go:74.2,75.16 2 0
stratium/pkg/security/tlspolicy/client.go:75.16,77.3 1 0
stratium/pkg/security/tlspolicy/client.go:78.2,79.36 2 0
stratium/pkg/security/tlspolicy/client.go:79.36,81.3 1 0
stratium/pkg/security/tlspolicy/client.go:82.2,82.18 1 0
stratium/pkg/security/tlspolicy/server.go:11.116,12.37 1 0
stratium/pkg/security/tlspolicy/server.go:12.37,14.3 1 0
stratium/pkg/security/tlspolicy/server.go:16.2,17.16 2 0
stratium/pkg/security/tlspolicy/server.go:17.16,19.3 1 0
stratium/pkg/security/tlspolicy/server.go:21.2,25.18 2 0
stratium/pkg/security/tlspolicy/server.go:25.18,27.17 2 0
stratium/pkg/security/tlspolicy/server.go:27.17,29.4 1 0
stratium/pkg/security/tlspolicy/server.go:30.3,30.25 1 0
stratium/pkg/security/tlspolicy/server.go:33.2,33.23 1 0
stratium/pkg/security/tlspolicy/server.go:33.23,35.17 2 0
stratium/pkg/security/tlspolicy/server.go:35.17,37.4 1 0
stratium/pkg/security/tlspolicy/server.go:38.3,38.25 1 0
stratium/pkg/security/tlspolicy/server.go:41.2,41.62 1 0
stratium/pkg/security/tlspolicy/server.go:41.62,43.3 1 0
stratium/pkg/security/tlspolicy/server.go:45.2,45.17 1 0
stratium/pkg/security/tlspolicy/server.go:48.56,49.16 1 0
stratium/pkg/security/tlspolicy/server.go:49.16,51.3 1 0
stratium/pkg/security/tlspolicy/server.go:52.2,53.16 2 0
stratium/pkg/security/tlspolicy/server.go:53.16,55.3 1 0
stratium/pkg/security/tlspolicy/server.go:56.2,57.36 2 0
stratium/pkg/security/tlspolicy/server.go:57.36,59.3 1 0
stratium/pkg/security/tlspolicy/server.go:60.2,60.18 1 0
stratium/pkg/security/tlspolicy/tlspolicy_nonfips.go:8.49,10.2 1 1
stratium/services/pap/audit_handlers.go:13.48,15.48 2 0
stratium/services/pap/audit_handlers.go:15.48,18.3 2 0
stratium/services/pap/audit_handlers.go:21.2,21.20 1 0
stratium/services/pap/audit_handlers.go:21.20,23.3 1 0
stratium/services/pap/audit_handlers.go:24.2,24.21 1 0
stratium/services/pap/audit_handlers.go:24.21,26.3 1 0
stratium/services/pap/audit_handlers.go:28.2,29.16 2 0
stratium/services/pap/audit_handlers.go:29.16,32.3 2 0
stratium/services/pap/audit_handlers.go:34.2,35.16 2 0
stratium/services/pap/audit_handlers.go:35.16,38.3 2 0
stratium/services/pap/audit_handlers.go:40.2,45.4 1 0
stratium/services/pap/audit_handlers.go:49.46,51.16 2 0
stratium/services/pap/audit_handlers.go:51.16,54.3 2 0
stratium/services/pap/audit_handlers.go:56.2,57.16 2 0
stratium/services/pap/audit_handlers.go:57.16,60.3 2 0
stratium/services/pap/audit_handlers.go:62.2,62.33 1 0
stratium/services/pap/auth.go:43.63,45.32 2 0
stratium/services/pap/auth.go:45.32,47.3 1 0
stratium/services/pap/auth.go:49.2,50.16 2 0
stratium/services/pap/auth.go:50.16,52.3 1 0
stratium/services/pap/auth.go:54.2,73.8 3 0
stratium/services/pap/auth.go:77.37,79.2 1 0
stratium/services/pap/auth.go:82.99,84.14 1 0
stratium/services/pap/auth.go:84.14,91.3 1 0
stratium/services/pap/auth.go:94.2,95.16 2 0
stratium/services/pap/auth.go:95.16,97.3 1 0
stratium/services/pap/auth.go:99.2,100.48 2 0
stratium/services/pap/auth.go:100.48,102.3 1 0
stratium/services/pap/auth.go:104.2,104.21 1 0
stratium/services/pap/auth.go:108.51,109.30 1 0
stratium/services/pap/auth.go:109.30,112.23 2 0
stratium/services/pap/auth.go:112.23,116.4 3 0
stratium/services/pap/auth.go:119.3,120.46 2 0
stratium/services/pap/auth.go:120.46,124.4 3 0
stratium/services/pap/auth.go:126.3,130.17 3 0
stratium/services/pap/auth.go:130.17,135.4 4 0
stratium/services/pap/auth.go:138.3,143.11 5 0
stratium/services/pap/auth.go:151.40,155.2 1 0
stratium/services/pap/auth.go:158.103,165.2 1 0
stratium/services/pap/auth.go:168.55,169.30 1 0
stratium/services/pap/auth.go:169.30,175.3 4 0
stratium/services/pap/entitlement_handlers.go:13.52,15.47 2 0
stratium/services/pap/entitlement_handlers.go:15.47,18.3 2 0
stratium/services/pap/entitlement_handlers.go:20.2,21.16 2 0
stratium/services/pap/entitlement_handlers.go:21.16,24.3 2 0
stratium/services/pap/entitlement_handlers.go:27.2,28.47 2 0
stratium/services/pap/entitlement_handlers.go:28.47,31.3 2 0
stratium/services/pap/entitlement_handlers.go:33.2,33.84 1 0
stratium/services/pap/entitlement_handlers.go:33.84,36.3 2 0
stratium/services/pap/entitlement_handlers.go:39.2,44.41 2 0
stratium/services/pap/entitlement_handlers.go:48.51,50.48 2 0
stratium/services/pap/entitlement_handlers.go:50.48,53.3 2 0
stratium/services/pap/entitlement_handlers.go:56.2,56.20 1 0
stratium/services/pap/entitlement_handlers.go:56.20,58.3 1 0
stratium/services/pap/entitlement_handlers.go:59.2,59.21 1 0
stratium/services/pap/entitlement_handlers.go:59.21,61.3 1 0
stratium/services/pap/entitlement_handlers.go:63.2,64.16 2 0
stratium/services/pap/entitlement_handlers.go:64.16,67.3 2 0
stratium/services/pap/entitlement_handlers.go:69.2,70.16 2 0
stratium/services/pap/entitlement_handlers.go:70.16,73.3 2 0
stratium/services/pap/entitlement_handlers.go:75.2,80.4 1 0
stratium/services/pap/entitlement_handlers.go:84.49,86.16 2 0
stratium/services/pap/entitlement_handlers.go:86.16,89.3 2 0
stratium/services/pap/entitlement_handlers.go:91.2,92.16 2 0
stratium/services/pap/entitlement_handlers.go:92.16,93.43 1 0
stratium/services/pap/entitlement_handlers.go:93.43,96.4 2 0
stratium/services/pap/entitlement_handlers.go:97.3,98.9 2 0
stratium/services/pap/entitlement_handlers.go:101.2,101.36 1 0
stratium/services/pap/entitlement_handlers.go:105.52,107.16 2 0
stratium/services/pap/entitlement_handlers.go:107.16,110.3 2 0
stratium/services/pap/entitlement_handlers.go:112.2,113.47 2 0
stratium/services/pap/entitlement_handlers.go:113.47,116.3 2 0
stratium/services/pap/entitlement_handlers.go:118.2,119.16 2 0
stratium/services/pap/entitlement_handlers.go:119.16,122.3 2 0
stratium/services/pap/entitlement_handlers.go:125.2,126.16 2 0
stratium/services/pap/entitlement_handlers.go:126.16,127.43 1 0
stratium/services/pap/entitlement_handlers.go:127.43,130.4 2 0
stratium/services/pap/entitlement_handlers.go:131.3,132.9 2 0
stratium/services/pap/entitlement_handlers.go:136.2,137.54 2 0
stratium/services/pap/entitlement_handlers.go:137.54,139.3 1 0
stratium/services/pap/entitlement_handlers.go:140.2,140.63 1 0
stratium/services/pap/entitlement_handlers.go:140.63,142.3 1 0
stratium/services/pap/entitlement_handlers.go:145.2,147.47 2 0
stratium/services/pap/entitlement_handlers.go:147.47,150.3 2 0
stratium/services/pap/entitlement_handlers.go:153.2,153.84 1 0
stratium/services/pap/entitlement_handlers.go:153.84,156.3 2 0
stratium/services/pap/entitlement_handlers.go:159.2,161.36 2 0
stratium/services/pap/entitlement_handlers.go:165.52,167.16 2 0
stratium/services/pap/entitlement_handlers.go:167.16,170.3 2 0
stratium/services/pap/entitlement_handlers.go:172.2,173.16 2 0
stratium/services/pap/entitlement_handlers.go:173.16,176.3 2 0
stratium/services/pap/entitlement_handlers.go:179.2,180.16 2 0
stratium/services/pap/entitlement_handlers.go:180.16,181.43 1 0
stratium/services/pap/entitlement_handlers.go:181.43,184.4 2 0
stratium/services/pap/entitlement_handlers.go:185.3,186.9 2 0
stratium/services/pap/entitlement_handlers.go:190.2,190.75 1 0
stratium/services/pap/entitlement_handlers.go:190.75,193.3 2 0
stratium/services/pap/entitlement_handlers.go:196.2,200.77 2 0
stratium/services/pap/entitlement_handlers.go:204.59,206.47 2 0
stratium/services/pap/entitlement_handlers.go:206.47,209.3 2 0
stratium/services/pap/entitlement_handlers.go:210.2,210.62 1 0
stratium/services/pap/entitlement_handlers.go:210.62,213.3 2 0
stratium/services/pap/entitlement_handlers.go:215.2,216.16 2 0
stratium/services/pap/entitlement_handlers.go:216.16,219.3 2 0
stratium/services/pap/entitlement_handlers.go:221.2,224.4 1 0
stratium/services/pap/policy_handlers.go:14.47,16.47 2 0
stratium/services/pap/policy_handlers.go:16.47,19.3 2 0
stratium/services/pap/policy_handlers.go:20.2,20.58 1 0
stratium/services/pap/policy_handlers.go:20.58,23.3 2 0
stratium/services/pap/policy_handlers.go:26.2,27.16 2 0
stratium/services/pap/policy_handlers.go:27.16,30.3 2 0
stratium/services/pap/policy_handlers.go:33.2,34.16 2 0
stratium/services/pap/policy_handlers.go:34.16,37.3 2 0
stratium/services/pap/policy_handlers.go:39.2,39.100 1 0
stratium/services/pap/policy_handlers.go:39.100,42.3 2 0
stratium/services/pap/policy_handlers.go:45.2,46.74 2 0
stratium/services/pap/policy_handlers.go:46.74,49.3 2 0
stratium/services/pap/policy_handlers.go:52.2,59.86 2 0
stratium/services/pap/policy_handlers.go:59.86,62.3 1 0
stratium/services/pap/policy_handlers.go:64.2,64.36 1 0
stratium/services/pap/policy_handlers.go:68.47,70.48 2 0
stratium/services/pap/policy_handlers.go:70.48,73.3 2 0
stratium/services/pap/policy_handlers.go:76.2,76.20 1 0
stratium/services/pap/policy_handlers.go:76.20,78.3 1 0
stratium/services/pap/policy_handlers.go:79.2,79.21 1 0
stratium/services/pap/policy_handlers.go:79.21,81.3 1 0
stratium/services/pap/policy_handlers.go:83.2,84.16 2 0
stratium/services/pap/policy_handlers.go:84.16,87.3 2 0
stratium/services/pap/policy_handlers.go:89.2,90.16 2 0
stratium/services/pap/policy_handlers.go:90.16,93.3 2 0
stratium/services/pap/policy_handlers.go:95.2,100.4 1 0
stratium/services/pap/policy_handlers.go:104.44,106.16 2 0
stratium/services/pap/policy_handlers.go:106.16,109.3 2 0
stratium/services/pap/policy_handlers.go:111.2,112.16 2 0
stratium/services/pap/policy_handlers.go:112.16,113.38 1 0
stratium/services/pap/policy_handlers.go:113.38,116.4 2 0
stratium/services/pap/policy_handlers.go:117.3,118.9 2 0
stratium/services/pap/policy_handlers.go:121.2,121.31 1 0
stratium/services/pap/policy_handlers.go:125.47,127.16 2 0
stratium/services/pap/policy_handlers.go:127.16,130.3 2 0
stratium/services/pap/policy_handlers.go:132.2,133.47 2 0
stratium/services/pap/policy_handlers.go:133.47,136.3 2 0
stratium/services/pap/policy_handlers.go:137.2,137.58 1 0
stratium/services/pap/policy_handlers.go:137.58,140.3 2 0
stratium/services/pap/policy_handlers.go:142.2,143.16 2 0
stratium/services/pap/policy_handlers.go:143.16,146.3 2 0
stratium/services/pap/policy_handlers.go:149.2,150.16 2 0
stratium/services/pap/policy_handlers.go:150.16,151.38 1 0
stratium/services/pap/policy_handlers.go:151.38,154.4 2 0
stratium/services/pap/policy_handlers.go:155.3,156.9 2 0
stratium/services/pap/policy_handlers.go:160.2,160.30 1 0
stratium/services/pap/policy_handlers.go:160.30,162.26 2 0
stratium/services/pap/policy_handlers.go:162.26,164.4 1 0
stratium/services/pap/policy_handlers.go:166.3,167.17 2 0
stratium/services/pap/policy_handlers.go:167.17,170.4 2 0
stratium/services/pap/policy_handlers.go:172.3,172.98 1 0
stratium/services/pap/policy_handlers.go:172.98,175.4 2 0
stratium/services/pap/policy_handlers.go:179.2,180.49 2 0
stratium/services/pap/policy_handlers.go:180.49,182.3 1 0
stratium/services/pap/policy_handlers.go:183.2,183.58 1 0
stratium/services/pap/policy_handlers.go:183.58,185.3 1 0
stratium/services/pap/policy_handlers.go:188.2,191.74 2 0
stratium/services/pap/policy_handlers.go:191.74,194.3 2 0
stratium/services/pap/policy_handlers.go:197.2,200.101 2 0
stratium/services/pap/policy_handlers.go:200.101,203.3 1 0
stratium/services/pap/policy_handlers.go:205.2,205.86 1 0
stratium/services/pap/policy_handlers.go:205.86,207.3 1 0
stratium/services/pap/policy_handlers.go:209.2,209.31 1 0
stratium/services/pap/policy_handlers.go:213.47,215.16 2 0
stratium/services/pap/policy_handlers.go:215.16,218.3 2 0
stratium/services/pap/policy_handlers.go:220.2,221.16 2 0
stratium/services/pap/policy_handlers.go:221.16,224.3 2 0
stratium/services/pap/policy_handlers.go:227.2,228.16 2 0
stratium/services/pap/policy_handlers.go:228.16,229.38 1 0
stratium/services/pap/policy_handlers.go:229.38,232.4 2 0
stratium/services/pap/policy_handlers.go:233.3,234.9 2 0
stratium/services/pap/policy_handlers.go:238.2,238.70 1 0
stratium/services/pap/policy_handlers.go:238.70,241.3 2 0
stratium/services/pap/policy_handlers.go:244.2,249.101 2 0
stratium/services/pap/policy_handlers.go:249.101,251.3 1 0
stratium/services/pap/policy_handlers.go:253.2,253.86 1 0
stratium/services/pap/policy_handlers.go:253.86,255.3 1 0
stratium/services/pap/policy_handlers.go:257.2,257.72 1 0
stratium/services/pap/policy_handlers.go:261.49,267.47 2 0
stratium/services/pap/policy_handlers.go:267.47,270.3 2 0
stratium/services/pap/policy_handlers.go:271.2,271.84 1 0
stratium/services/pap/policy_handlers.go:271.84,274.3 2 0
stratium/services/pap/policy_handlers.go:276.2,277.16 2 0
stratium/services/pap/policy_handlers.go:277.16,280.3 2 0
stratium/services/pap/policy_handlers.go:282.2,282.100 1 0
stratium/services/pap/policy_handlers.go:282.100,289.3 2 0
stratium/services/pap/policy_handlers.go:291.2,294.4 1 0
stratium/services/pap/policy_handlers.go:298.45,308.47 2 0
stratium/services/pap/policy_handlers.go:308.47,311.3 2 0
stratium/services/pap/policy_handlers.go:312.2,312.142 1 0
stratium/services/pap/policy_handlers.go:312.142,315.3 2 0
stratium/services/pap/policy_handlers.go:317.2,320.16 3 0
stratium/services/pap/policy_handlers.go:320.16,323.3 2 0
stratium/services/pap/policy_handlers.go:326.2,335.16 3 0
stratium/services/pap/policy_handlers.go:335.16,338.3 2 0
stratium/services/pap/policy_handlers.go:341.2,352.4 2 0
stratium/services/pap/server.go:35.54,38.2 2 0
stratium/services/pap/server.go:41.154,53.2 3 0
stratium/services/pap/server.go:56.215,68.2 3 0
stratium/services/pap/server.go:71.56,86.41 3 0
stratium/services/pap/server.go:86.41,88.3 1 0
stratium/services/pap/server.go:89.2,99.2 8 0
stratium/services/pap/server.go:99.2,100.62 1 0
stratium/services/pap/server.go:100.62,102.4 1 0
stratium/services/pap/server.go:106.3,106.29 1 0
stratium/services/pap/server.go:106.29,108.4 1 0
stratium/services/pap/server.go:108.9,110.4 1 0
stratium/services/pap/server.go:113.3,114.3 2 0
stratium/services/pap/server.go:114.3,122.4 7 0
stratium/services/pap/server.go:125.3,126.3 2 0
stratium/services/pap/server.go:126.3,133.4 6 0
stratium/services/pap/server.go:136.3,137.3 2 0
stratium/services/pap/server.go:137.3,140.4 2 0
stratium/services/pap/server.go:145.43,147.21 2 0
stratium/services/pap/server.go:147.21,149.45 2 0
stratium/services/pap/server.go:152.2,157.18 2 0
stratium/services/pap/server.go:157.18,158.25 1 0
stratium/services/pap/server.go:158.25,160.4 1 0
stratium/services/pap/server.go:161.3,162.46 2 0
stratium/services/pap/server.go:165.2,165.36 1 0
stratium/services/pap/server.go:169.46,171.58 1 0
stratium/services/pap/server.go:171.58,178.3 2 0
stratium/services/pap/server.go:180.2,184.4 1 0
stratium/services/pap/server.go:189.69,191.13 2 0
stratium/services/pap/server.go:191.13,193.3 1 0
stratium/services/pap/server.go:195.2,196.9 2 0
stratium/services/pap/server.go:196.9,198.3 1 0
stratium/services/pap/server.go:200.2,200.21 1 0
stratium/services/pap/server.go:203.202,215.72 2 0
stratium/services/pap/server.go:215.72,217.3 1 0
stratium/services/pap/server.go:220.58,222.16 2 1
stratium/services/pap/server.go:222.16,224.3 1 1
stratium/services/pap/server.go:225.2,225.22 1 1
stratium/services/pap/validation.go:10.73,11.65 1 1
stratium/services/pap/validation.go:11.65,13.3 1 1
stratium/services/pap/validation.go:14.2,14.61 1 1
stratium/services/pap/validation.go:14.61,16.3 1 1
stratium/services/pap/validation.go:17.2,17.84 1 1
stratium/services/pap/validation.go:17.84,19.3 1 1
stratium/services/pap/validation.go:20.2,20.57 1 1
stratium/services/pap/validation.go:20.57,22.3 1 1
stratium/services/pap/validation.go:23.2,23.12 1 1
stratium/services/pap/validation.go:26.73,27.21 1 1
stratium/services/pap/validation.go:27.21,28.67 1 1
stratium/services/pap/validation.go:28.67,30.4 1 1
stratium/services/pap/validation.go:32.2,32.25 1 1
stratium/services/pap/validation.go:32.25,33.63 1 1
stratium/services/pap/validation.go:33.63,35.4 1 1
stratium/services/pap/validation.go:37.2,37.30 1 1
stratium/services/pap/validation.go:37.30,38.86 1 1
stratium/services/pap/validation.go:38.86,40.4 1 1
stratium/services/pap/validation.go:42.2,42.23 1 1
stratium/services/pap/validation.go:42.23,43.59 1 1
stratium/services/pap/validation.go:43.59,45.4 1 0
stratium/services/pap/validation.go:47.2,47.12 1 1
stratium/services/pap/validation.go:50.93,51.57 1 1
stratium/services/pap/validation.go:51.57,53.3 1 1
stratium/services/pap/validation.go:54.2,54.80 1 1
stratium/services/pap/validation.go:54.80,56.3 1 1
stratium/services/pap/validation.go:57.2,57.12 1 1
stratium/services/pap/validation.go:60.169,61.57 1 1
stratium/services/pap/validation.go:61.57,63.3 1 1
stratium/services/pap/validation.go:64.2,64.80 1 1
stratium/services/pap/validation.go:64.80,66.3 1 1
stratium/services/pap/validation.go:67.2,67.92 1 1
stratium/services/pap/validation.go:67.92,69.3 1 1
stratium/services/pap/validation.go:70.2,70.94 1 1
stratium/services/pap/validation.go:70.94,72.3 1 1
stratium/services/pap/validation.go:73.2,73.65 1 1
stratium/services/pap/validation.go:73.65,75.3 1 1
stratium/services/pap/validation.go:76.2,76.12 1 1
stratium/services/pap/validation.go:79.81,80.96 1 1
stratium/services/pap/validation.go:80.96,82.3 1 1
stratium/services/pap/validation.go:83.2,83.69 1 1
stratium/services/pap/validation.go:83.69,85.3 1 1
stratium/services/pap/validation.go:86.2,86.12 1 1
stratium/services/pap/validation.go:89.67,90.18 1 1
stratium/services/pap/validation.go:91.87,92.13 1 1
stratium/services/pap/validation.go:93.10,94.64 1 1
stratium/services/pap/validation.go:98.61,99.16 1 1
stratium/services/pap/validation.go:100.57,101.13 1 1
stratium/services/pap/validation.go:102.10,103.52 1 1
stratium/services/pap/validation.go:107.60,108.36 1 1
stratium/services/pap/validation.go:108.36,110.3 1 1
stratium/services/pap/validation.go:111.2,111.12 1 1
stratium/services/pap/validation.go:114.87,115.21 1 1
stratium/services/pap/validation.go:115.21,117.3 1 1
stratium/services/pap/validation.go:118.2,118.12 1 1
stratium/pkg/validators/stanag_4774.go:31.63,33.16 2 1
stratium/pkg/validators/stanag_4774.go:33.16,36.3 2 1
stratium/pkg/validators/stanag_4774.go:37.2,41.16 4 1
stratium/pkg/validators/stanag_4774.go:41.16,44.3 2 1
stratium/pkg/validators/stanag_4774.go:46.2,48.3 1 1
stratium/pkg/validators/stanag_4774.go:51.96,59.16 5 1
stratium/pkg/validators/stanag_4774.go:59.16,61.3 1 1
stratium/pkg/validators/stanag_4774.go:62.2,65.16 3 1
stratium/pkg/validators/stanag_4774.go:65.16,67.3 1 1
stratium/pkg/validators/stanag_4774.go:68.2,71.16 3 1
stratium/pkg/validators/stanag_4774.go:71.16,73.3 1 1
stratium/pkg/validators/stanag_4774.go:74.2,77.16 3 1
stratium/pkg/validators/stanag_4774.go:77.16,79.3 1 1
stratium/pkg/validators/stanag_4774.go:80.2,83.16 3 1
stratium/pkg/validators/stanag_4774.go:83.16,85.3 1 1
stratium/pkg/validators/stanag_4774.go:86.2,88.67 2 1
stratium/pkg/validators/stanag_4774.go:88.67,90.3 1 1
stratium/pkg/validators/stanag_4774.go:92.2,92.19 1 1
stratium/pkg/validators/stanag_4774.go:95.49,98.45 3 1
stratium/pkg/validators/stanag_4774.go:98.45,101.3 2 1
stratium/pkg/validators/stanag_4774.go:101.8,103.3 1 1
stratium/pkg/validators/stanag_4774.go:106.61,109.36 3 1
stratium/pkg/validators/stanag_4774.go:109.36,115.3 2 1
stratium/pkg/validators/stanag_4774.go:115.8,117.3 1 1
stratium/pkg/validators/stanag_4774.go:120.98,122.16 2 1
stratium/pkg/validators/stanag_4774.go:122.16,126.3 3 1
stratium/pkg/validators/stanag_4774.go:128.2,130.23 2 1
stratium/pkg/validators/stanag_4774.go:130.23,131.21 1 1
stratium/pkg/validators/stanag_4774.go:132.23,133.65 1 1
stratium/pkg/validators/stanag_4774.go:134.21,135.63 1 1
stratium/pkg/validators/stanag_4774.go:136.23,137.65 1 1
stratium/pkg/validators/stanag_4774.go:138.17,139.59 1 1
stratium/pkg/validators/stanag_4774.go:140.21,141.63 1 1
stratium/pkg/validators/stanag_4774.go:145.2,146.55 2 1
stratium/pkg/validators/stanag_4774.go:149.123,151.16 2 1
stratium/pkg/validators/stanag_4774.go:151.16,155.3 3 1
stratium/pkg/validators/stanag_4774.go:157.2,159.23 2 1
stratium/pkg/validators/stanag_4774.go:159.23,163.32 3 1
stratium/pkg/validators/stanag_4774.go:163.32,164.17 1 1
stratium/pkg/validators/stanag_4774.go:165.18,166.120 1 1
stratium/pkg/validators/stanag_4774.go:167.19,168.121 1 1
stratium/pkg/validators/stanag_4774.go:169.18,170.120 1 1
stratium/pkg/validators/stanag_4774.go:171.16,172.118 1 1
stratium/pkg/validators/stanag_4774.go:176.3,176.41 1 1
stratium/pkg/validators/stanag_4774.go:179.2,180.98 2 1
stratium/pkg/validators/stanag_4774.go:183.98,185.16 2 1
stratium/pkg/validators/stanag_4774.go:185.16,189.3 3 1
stratium/pkg/validators/stanag_4774.go:191.2,193.23 2 1
stratium/pkg/validators/stanag_4774.go:193.23,195.16 2 1
stratium/pkg/validators/stanag_4774.go:196.21,197.63 1 1
stratium/pkg/validators/stanag_4774.go:198.21,199.63 1 1
stratium/pkg/validators/stanag_4774.go:200.18,201.60 1 1
stratium/pkg/validators/stanag_4774.go:202.19,203.61 1 1
stratium/pkg/validators/stanag_4774.go:204.16,205.58 1 1
stratium/pkg/validators/stanag_4774.go:209.2,210.55 2 1
stratium/pkg/validators/stanag_4774.go:213.102,215.16 2 1
stratium/pkg/validators/stanag_4774.go:215.16,219.3 3 1
stratium/pkg/validators/stanag_4774.go:221.2,223.20 2 1
stratium/pkg/validators/stanag_4774.go:223.20,225.3 1 1
stratium/pkg/validators/stanag_4774.go:227.2,233.49 4 1
stratium/pkg/validators/stanag_4774.go:233.49,235.3 1 1
stratium/pkg/validators/stanag_4774.go:237.2,241.22 2 1
stratium/pkg/validators/stanag_4774.go:244.94,246.16 2 1
stratium/pkg/validators/stanag_4774.go:246.16,250.3 3 1
stratium/pkg/validators/stanag_4774.go:252.2,254.20 2 1
stratium/pkg/validators/stanag_4774.go:254.20,256.3 1 1
stratium/pkg/validators/stanag_4774.go:258.2,262.36 4 1
stratium/pkg/validators/stanag_4774.go:262.36,264.3 1 1
stratium/pkg/validators/stanag_4774.go:266.2,270.49 3 1
stratium/pkg/validators/stanag_4774.go:270.49,272.3 1 1
stratium/pkg/validators/stanag_4774.go:274.2,279.22 2 1
stratium/pkg/validators/stanag_4774.go:308.69,310.16 2 1
stratium/pkg/validators/stanag_4774.go:310.16,313.3 2 1
stratium/pkg/validators/stanag_4774.go:314.2,318.16 4 1
stratium/pkg/validators/stanag_4774.go:318.16,321.3 2 1
stratium/pkg/validators/stanag_4774.go:323.2,323.19 1 1
stratium/pkg/validators/stanag_4774.go:326.79,332.2 4 1
stratium/pkg/validators/stanag_4774.go:334.85,336.2 1 1
stratium/pkg/validators/stanag_4774.go:338.90,343.78 3 1
stratium/pkg/validators/stanag_4774.go:343.78,344.45 1 1
stratium/pkg/validators/stanag_4774.go:344.45,346.4 1 1
stratium/pkg/validators/stanag_4774.go:349.2,349.43 1 1
stratium/pkg/validators/stanag_4774.go:349.43,351.3 1 1
stratium/pkg/validators/stanag_4774.go:353.2,353.14 1 1
stratium/pkg/validators/stanag_4774.go:356.75,357.62 1 1
stratium/pkg/validators/stanag_4774.go:357.62,359.3 1 1
stratium/pkg/validators/stanag_4774.go:361.2,361.23 1 1
stratium/pkg/validators/stanag_4774.go:361.23,362.62 1 1
stratium/pkg/validators/stanag_4774.go:362.62,364.4 1 1
stratium/pkg/validators/stanag_4774.go:367.2,367.15 1 1
stratium/pkg/validators/stanag_4774.go:370.79,372.28 2 1
stratium/pkg/validators/stanag_4774.go:372.28,374.3 1 1
stratium/pkg/validators/stanag_4774.go:376.2,377.26 2 1
stratium/pkg/validators/stanag_4774.go:377.26,379.3 1 1
stratium/pkg/validators/stanag_4774.go:381.2,381.57 1 1
stratium/pkg/validators/stanag_4774.go:381.57,382.18 1 1
stratium/pkg/validators/stanag_4774.go:383.15,384.20 1 1
stratium/pkg/validators/stanag_4774.go:384.20,386.5 1 1
stratium/pkg/validators/stanag_4774.go:387.15,388.20 1 1
stratium/pkg/validators/stanag_4774.go:388.20,390.5 1 1
stratium/pkg/validators/stanag_4774.go:391.18,392.23 1 1
stratium/pkg/validators/stanag_4774.go:392.23,394.5 1 1
stratium/pkg/validators/stanag_4774.go:395.15,396.20 1 1
stratium/pkg/validators/stanag_4774.go:396.20,398.5 1 1
stratium/pkg/validators/stanag_4774.go:399.14,400.19 1 1
stratium/pkg/validators/stanag_4774.go:400.19,402.5 1 1
stratium/pkg/validators/stanag_4774.go:403.27,404.32 1 1
stratium/pkg/validators/stanag_4774.go:404.32,406.5 1 1
stratium/pkg/validators/stanag_4774.go:407.17,408.22 1 1
stratium/pkg/validators/stanag_4774.go:408.22,410.5 1 1
stratium/pkg/validators/stanag_4774.go:411.18,412.23 1 1
stratium/pkg/validators/stanag_4774.go:412.23,414.5 1 1
stratium/pkg/validators/stanag_4774.go:418.2,418.13 1 1
stratium/pkg/validators/stanag_4774.go:421.64,437.2 1 1
stratium/pkg/validators/stanag_4774.go:439.72,441.26 2 1
stratium/pkg/validators/stanag_4774.go:441.26,443.3 1 1
stratium/pkg/validators/stanag_4774.go:445.2,445.67 1 1
stratium/pkg/validators/stanag_4774.go:445.67,446.23 1 1
stratium/pkg/validators/stanag_4774.go:447.15,448.20 1 1
stratium/pkg/validators/stanag_4774.go:448.20,450.5 1 1
stratium/pkg/validators/stanag_4774.go:451.15,452.20 1 1
stratium/pkg/validators/stanag_4774.go:452.20,454.5 1 1
stratium/pkg/validators/stanag_4774.go:455.18,456.23 1 1
stratium/pkg/validators/stanag_4774.go:456.23,458.5 1 1
stratium/pkg/validators/stanag_4774.go:459.15,460.20 1 1
stratium/pkg/validators/stanag_4774.go:460.20,462.5 1 1
stratium/pkg/validators/stanag_4774.go:463.14,464.19 1 1
stratium/pkg/validators/stanag_4774.go:464.19,466.5 1 1
stratium/pkg/validators/stanag_4774.go:467.27,468.32 1 1
stratium/pkg/validators/stanag_4774.go:468.32,470.5 1 1
stratium/pkg/validators/stanag_4774.go:471.17,472.22 1 1
stratium/pkg/validators/stanag_4774.go:472.22,474.5 1 1
stratium/pkg/validators/stanag_4774.go:475.18,476.23 1 1
stratium/pkg/validators/stanag_4774.go:476.23,478.5 1 1
stratium/pkg/validators/stanag_4774.go:479.27,480.32 1 1
stratium/pkg/validators/stanag_4774.go:480.32,482.5 1 1
stratium/pkg/validators/stanag_4774.go:483.14,484.19 1 1
stratium/pkg/validators/stanag_4774.go:484.19,486.5 1 1
stratium/pkg/validators/stanag_4774.go:487.14,488.19 1 1
stratium/pkg/validators/stanag_4774.go:488.19,490.5 1 1
stratium/pkg/validators/stanag_4774.go:491.36,492.41 1 1
stratium/pkg/validators/stanag_4774.go:492.41,494.5 1 1
stratium/pkg/validators/stanag_4774.go:495.13,496.18 1 1
stratium/pkg/validators/stanag_4774.go:496.18,498.5 1 1
stratium/pkg/validators/stanag_4774.go:499.14,500.19 1 1
stratium/pkg/validators/stanag_4774.go:500.19,502.5 1 1
stratium/pkg/validators/stanag_4774.go:503.30,504.30 1 1
stratium/pkg/validators/stanag_4774.go:504.30,506.5 1 1
stratium/pkg/validators/stanag_4774.go:510.2,510.13 1 1
stratium/pkg/validators/stanag_4774.go:513.101,514.24 1 1
stratium/pkg/validators/stanag_4774.go:515.57,516.14 1 1
stratium/pkg/validators/stanag_4774.go:517.55,518.14 1 1
stratium/pkg/validators/stanag_4774.go:519.57,520.70 1 1
stratium/pkg/validators/stanag_4774.go:521.51,522.65 1 1
stratium/pkg/validators/stanag_4774.go:523.55,524.60 1 1
stratium/pkg/validators/stanag_4774.go:525.10,526.15 1 1
stratium/pkg/validators/stanag_4774.go:530.72,531.149 1 1
stratium/pkg/validators/stanag_4774.go:531.149,533.3 1 1
stratium/pkg/validators/stanag_4774.go:535.2,537.67 2 1
stratium/pkg/validators/stanag_4774.go:537.67,538.21 1 1
stratium/pkg/validators/stanag_4774.go:539.60,541.10 2 1
stratium/pkg/validators/stanag_4774.go:541.10,543.5 1 1
stratium/pkg/validators/stanag_4774.go:544.4,544.22 1 1
stratium/pkg/validators/stanag_4774.go:545.59,547.10 2 1
stratium/pkg/validators/stanag_4774.go:547.10,549.5 1 1
stratium/pkg/validators/stanag_4774.go:550.4,550.22 1 1
stratium/pkg/validators/stanag_4774.go:551.59,553.10 2 1
stratium/pkg/validators/stanag_4774.go:553.10,555.5 1 1
stratium/pkg/validators/stanag_4774.go:556.4,556.22 1 1
stratium/pkg/validators/stanag_4774.go:557.57,559.10 2 1
stratium/pkg/validators/stanag_4774.go:559.10,561.5 1 1
stratium/pkg/validators/stanag_4774.go:562.4,562.22 1 1
stratium/pkg/validators/stanag_4774.go:566.2,566.14 1 1
stratium/pkg/validators/stanag_4774.go:569.60,570.71 1 1
stratium/pkg/validators/stanag_4774.go:570.71,572.3 1 1
stratium/pkg/validators/stanag_4774.go:574.2,574.164 1 1
stratium/pkg/validators/utilities.go:8.35,10.31 2 1
stratium/pkg/validators/utilities.go:10.31,11.18 1 1
stratium/pkg/validators/utilities.go:11.18,13.4 1 1
stratium/pkg/validators/utilities.go:14.3,14.19 1 1
stratium/pkg/validators/utilities.go:17.2,18.34 2 1
stratium/pkg/validators/utilities.go:18.34,20.22 2 1
stratium/pkg/validators/utilities.go:20.22,22.4 1 1
stratium/pkg/validators/utilities.go:24.3,24.48 1 1
stratium/pkg/validators/utilities.go:24.48,26.23 2 1
stratium/pkg/validators/utilities.go:26.23,28.5 1 1
stratium/pkg/validators/utilities.go:30.8,30.132 1 1
stratium/pkg/validators/utilities.go:30.132,32.3 1 1
stratium/pkg/validators/utilities.go:34.2,34.13 1 1
stratium/pkg/validators/ztdf.go:37.51,39.16 2 1
stratium/pkg/validators/ztdf.go:39.16,42.3 2 1
stratium/pkg/validators/ztdf.go:43.2,47.16 4 1
stratium/pkg/validators/ztdf.go:47.16,50.3 2 1
stratium/pkg/validators/ztdf.go:52.2,54.3 1 1
stratium/pkg/validators/ztdf.go:57.85,58.23 1 1
stratium/pkg/validators/ztdf.go:58.23,60.3 1 1
stratium/pkg/validators/ztdf.go:62.2,65.16 3 1
stratium/pkg/validators/ztdf.go:65.16,68.3 2 0
stratium/pkg/validators/ztdf.go:70.2,72.16 3 1
stratium/pkg/validators/ztdf.go:72.16,75.3 2 0
stratium/pkg/validators/ztdf.go:77.2,77.43 1 1
stratium/pkg/validators/ztdf.go:77.43,79.3 1 1
stratium/pkg/validators/ztdf.go:81.2,85.41 4 1
stratium/pkg/validators/ztdf.go:85.41,88.17 3 1
stratium/pkg/validators/ztdf.go:88.17,91.4 2 0
stratium/pkg/validators/ztdf.go:93.3,98.25 3 1
stratium/pkg/validators/ztdf.go:98.25,99.73 1 1
stratium/pkg/validators/ztdf.go:99.73,100.50 1 1
stratium/pkg/validators/ztdf.go:100.50,102.6 1 1
stratium/pkg/validators/ztdf.go:106.3,112.45 5 1
stratium/pkg/validators/ztdf.go:115.2,115.24 1 1
stratium/pkg/validators/ztdf.go:118.89,121.11 2 1
stratium/pkg/validators/ztdf.go:122.18,123.35 1 1
stratium/pkg/validators/ztdf.go:124.15,125.32 1 1
stratium/pkg/validators/ztdf.go:128.2,128.31 1 1
stratium/pkg/validators/ztdf.go:131.91,134.11 2 1
stratium/pkg/validators/ztdf.go:135.13,136.30 1 1
stratium/pkg/validators/ztdf.go:137.17,138.34 1 1
stratium/pkg/validators/ztdf.go:141.2,141.33 1 1
stratium/pkg/validators/ztdf.go:144.85,147.11 2 1
stratium/pkg/validators/ztdf.go:148.19,149.37 1 1
stratium/pkg/validators/ztdf.go:150.21,151.36 1 1
stratium/pkg/validators/ztdf.go:154.2,154.35 1 1
stratium/pkg/validators/ztdf.go:157.85,162.16 3 1
stratium/pkg/validators/ztdf.go:163.25,164.64 1 1
stratium/pkg/validators/ztdf.go:165.24,166.63 1 1
stratium/pkg/validators/ztdf.go:167.22,168.63 1 1
stratium/pkg/validators/ztdf.go:169.16,170.55 1 1
stratium/pkg/validators/ztdf.go:173.2,173.18 1 1
stratium/pkg/validators/ztdf.go:176.72,182.16 3 1
stratium/pkg/validators/ztdf.go:182.16,185.3 2 1
stratium/pkg/validators/ztdf.go:187.2,191.53 3 1
stratium/pkg/validators/ztdf.go:191.53,192.84 1 1
stratium/pkg/validators/ztdf.go:192.84,194.18 2 1
stratium/pkg/validators/ztdf.go:194.18,197.5 2 0
stratium/pkg/validators/ztdf.go:199.4,199.99 1 1
stratium/pkg/validators/ztdf.go:199.99,201.5 1 1
stratium/pkg/validators/ztdf.go:201.11,206.5 4 1
stratium/pkg/validators/ztdf.go:208.4,208.62 1 1
stratium/pkg/validators/ztdf.go:212.2,212.22 1 1
stratium/pkg/validators/ztdf.go:215.52,216.61 1 1
stratium/pkg/validators/ztdf.go:216.61,218.3 1 1
stratium/pkg/validators/ztdf.go:220.2,220.45 1 1
stratium/pkg/validators/ztdf.go:223.55,224.38 1 1
stratium/pkg/validators/ztdf.go:224.38,226.3 1 1
stratium/pkg/validators/ztdf.go:228.2,230.50 1 1
stratium/pkg/validators/ztdf.go:233.62,234.73 1 1
stratium/pkg/validators/ztdf.go:234.73,236.3 1 1
stratium/pkg/validators/ztdf.go:236.10,238.3 1 1
stratium/pkg/validators/ztdf.go:240.2,242.39 2 1
stratium/pkg/validators/ztdf.go:242.39,244.3 1 1
stratium/pkg/validators/ztdf.go:246.2,246.23 1 1
stratium/pkg/validators/ztdf.go:249.58,257.2 1 1
stratium/pkg/validators/ztdf.go:259.94,260.35 1 1
stratium/pkg/validators/ztdf.go:260.35,262.3 1 1
stratium/pkg/validators/ztdf.go:264.2,265.59 2 1
stratium/pkg/validators/ztdf.go:265.59,273.3 1 1
stratium/pkg/validators/ztdf.go:275.2,282.73 1 1
stratium/pkg/validators/ztdf.go:285.104,287.52 2 1
stratium/pkg/validators/ztdf.go:287.52,292.3 1 1
stratium/pkg/validators/ztdf.go:294.2,300.51 1 1
stratium/pkg/validators/ztdf.go:303.62,305.16 2 1
stratium/pkg/validators/ztdf.go:305.16,308.3 2 1
stratium/pkg/validators/ztdf.go:310.2,315.16 3 1
stratium/pkg/validators/ztdf.go:315.16,318.3 2 1
stratium/pkg/validators/ztdf.go:320.2,322.68 1 1
stratium/pkg/validators/ztdf.go:325.82,328.39 2 1
stratium/pkg/validators/ztdf.go:328.39,333.23 2 1
stratium/pkg/validators/ztdf.go:333.23,334.9 1 1
stratium/pkg/validators/ztdf.go:338.2,338.24 1 1
stratium/pkg/validators/ztdf.go:341.72,342.23 1 1
stratium/pkg/validators/ztdf.go:342.23,344.3 1 1
stratium/pkg/validators/ztdf.go:346.2,346.66 1 1
stratium/cmd/ztdf-client/main.go:7.13,9.2 1 0
stratium/cmd/ztdf-client/cmd/auth.go:47.63,59.31 8 0
stratium/cmd/ztdf-client/cmd/auth.go:59.31,61.3 1 0
stratium/cmd/ztdf-client/cmd/auth.go:64.2,70.16 3 0
stratium/cmd/ztdf-client/cmd/auth.go:70.16,72.3 1 0
stratium/cmd/ztdf-client/cmd/auth.go:74.2,77.16 3 0
stratium/cmd/ztdf-client/cmd/auth.go:77.16,79.3 1 0
stratium/cmd/ztdf-client/cmd/auth.go:80.2,83.16 3 0
stratium/cmd/ztdf-client/cmd/auth.go:83.16,85.3 1 0
stratium/cmd/ztdf-client/cmd/auth.go:87.2,87.38 1 0
stratium/cmd/ztdf-client/cmd/auth.go:87.38,89.3 1 0
stratium/cmd/ztdf-client/cmd/auth.go:92.2,93.57 2 0
stratium/cmd/ztdf-client/cmd/auth.go:93.57,95.3 1 0
stratium/cmd/ztdf-client/cmd/auth.go:98.2,107.28 2 0
stratium/cmd/ztdf-client/cmd/auth.go:107.28,108.65 1 0
stratium/cmd/ztdf-client/cmd/auth.go:108.65,110.4 1 0
stratium/cmd/ztdf-client/cmd/auth.go:113.2,113.19 1 0
stratium/cmd/ztdf-client/cmd/auth.go:117.87,125.31 6 0
stratium/cmd/ztdf-client/cmd/auth.go:125.31,127.3 1 0
stratium/cmd/ztdf-client/cmd/auth.go:129.2,134.16 3 0
stratium/cmd/ztdf-client/cmd/auth.go:134.16,136.3 1 0
stratium/cmd/ztdf-client/cmd/auth.go:138.2,141.16 3 0
stratium/cmd/ztdf-client/cmd/auth.go:141.16,143.3 1 0
stratium/cmd/ztdf-client/cmd/auth.go:144.2,147.16 3 0
stratium/cmd/ztdf-client/cmd/auth.go:147.16,149.3 1 0
stratium/cmd/ztdf-client/cmd/auth.go:151.2,151.38 1 0
stratium/cmd/ztdf-client/cmd/auth.go:151.38,153.3 1 0
stratium/cmd/ztdf-client/cmd/auth.go:155.2,156.57 2 0
stratium/cmd/ztdf-client/cmd/auth.go:156.57,158.3 1 0
stratium/cmd/ztdf-client/cmd/auth.go:160.2,168.28 2 0
stratium/cmd/ztdf-client/cmd/auth.go:168.28,169.65 1 0
stratium/cmd/ztdf-client/cmd/auth.go:169.65,171.4 1 0
stratium/cmd/ztdf-client/cmd/auth.go:174.2,174.19 1 0
stratium/cmd/ztdf-client/cmd/auth.go:178.60,180.16 2 0
stratium/cmd/ztdf-client/cmd/auth.go:180.16,182.3 1 0
stratium/cmd/ztdf-client/cmd/auth.go:184.2,185.53 2 0
stratium/cmd/ztdf-client/cmd/auth.go:185.53,187.3 1 0
stratium/cmd/ztdf-client/cmd/auth.go:189.2,189.20 1 0
stratium/cmd/ztdf-client/cmd/auth.go:193.64,196.47 2 0
stratium/cmd/ztdf-client/cmd/auth.go:196.47,198.3 1 0
stratium/cmd/ztdf-client/cmd/auth.go:200.2,201.16 2 0
stratium/cmd/ztdf-client/cmd/auth.go:201.16,203.3 1 0
stratium/cmd/ztdf-client/cmd/auth.go:205.2,205.60 1 0
stratium/cmd/ztdf-client/cmd/auth.go:205.60,207.3 1 0
stratium/cmd/ztdf-client/cmd/auth.go:209.2,209.12 1 0
stratium/cmd/ztdf-client/cmd/auth.go:213.56,216.28 1 0
stratium/cmd/ztdf-client/cmd/auth.go:216.28,218.17 2 0
stratium/cmd/ztdf-client/cmd/auth.go:218.17,220.64 1 0
stratium/cmd/ztdf-client/cmd/auth.go:220.64,222.5 1 0
stratium/cmd/ztdf-client/cmd/auth.go:225.4,225.32 1 0
stratium/cmd/ztdf-client/cmd/auth.go:225.32,227.19 2 0
stratium/cmd/ztdf-client/cmd/auth.go:227.19,229.6 1 0
stratium/cmd/ztdf-client/cmd/auth.go:230.5,230.72 1 0
stratium/cmd/ztdf-client/cmd/auth.go:236.2,236.52 1 0
stratium/cmd/ztdf-client/cmd/auth.go:236.52,238.3 1 0
stratium/cmd/ztdf-client/cmd/auth.go:240.2,241.16 2 0
stratium/cmd/ztdf-client/cmd/auth.go:241.16,243.3 1 0
stratium/cmd/ztdf-client/cmd/auth.go:245.2,245.27 1 0
stratium/cmd/ztdf-client/cmd/auth.go:249.75,251.2 1 0
stratium/cmd/ztdf-client/cmd/login.go:18.13,20.2 1 0
stratium/cmd/ztdf-client/cmd/login.go:22.56,26.52 2 0
stratium/cmd/ztdf-client/cmd/login.go:26.52,28.3 1 0
stratium/cmd/ztdf-client/cmd/login.go:30.2,34.16 3 0
stratium/cmd/ztdf-client/cmd/login.go:34.16,36.3 1 0
stratium/cmd/ztdf-client/cmd/login.go:38.2,42.13 4 0
stratium/cmd/ztdf-client/cmd/login.go:42.13,46.3 3 0
stratium/cmd/ztdf-client/cmd/login.go:48.2,48.12 1 0
stratium/cmd/ztdf-client/cmd/progress.go:20.46,22.2 1 0
stratium/cmd/ztdf-client/cmd/progress.go:24.54,26.2 1 0
stratium/cmd/ztdf-client/cmd/progress.go:28.68,39.2 4 0
stratium/cmd/ztdf-client/cmd/progress.go:41.30,50.19 6 0
stratium/cmd/ztdf-client/cmd/progress.go:50.19,52.3 1 0
stratium/cmd/ztdf-client/cmd/progress.go:52.8,54.3 1 0
stratium/cmd/ztdf-client/cmd/progress.go:56.2,56.6 1 0
stratium/cmd/ztdf-client/cmd/progress.go:56.6,57.10 1 0
stratium/cmd/ztdf-client/cmd/progress.go:58.17,60.10 2 0
stratium/cmd/ztdf-client/cmd/progress.go:61.27,62.21 1 0
stratium/cmd/ztdf-client/cmd/progress.go:62.21,65.5 2 0
stratium/cmd/ztdf-client/cmd/progress.go:66.19,67.21 1 0
stratium/cmd/ztdf-client/cmd/progress.go:67.21,69.5 1 0
stratium/cmd/ztdf-client/cmd/progress.go:69.10,72.5 2 0
stratium/cmd/ztdf-client/cmd/progress.go:77.59,79.22 2 0
stratium/cmd/ztdf-client/cmd/progress.go:79.22,81.3 1 0
stratium/cmd/ztdf-client/cmd/progress.go:82.2,84.56 3 0
stratium/cmd/ztdf-client/cmd/progress.go:87.53,89.22 2 0
stratium/cmd/ztdf-client/cmd/progress.go:89.22,91.3 1 0
stratium/cmd/ztdf-client/cmd/progress.go:92.2,93.41 2 0
stratium/cmd/ztdf-client/cmd/progress.go:96.35,99.2 2 0
stratium/cmd/ztdf-client/cmd/progress.go:101.49,102.23 1 0
stratium/cmd/ztdf-client/cmd/progress.go:102.23,106.3 3 0
stratium/cmd/ztdf-client/cmd/progress.go:109.48,110.20 1 0
stratium/cmd/ztdf-client/cmd/progress.go:110.20,112.3 1 0
stratium/cmd/ztdf-client/cmd/progress.go:113.2,113.9 1 0
stratium/cmd/ztdf-client/cmd/progress.go:114.29,114.29 0 0
stratium/cmd/ztdf-client/cmd/progress.go:115.10,116.10 1 0
stratium/cmd/ztdf-client/cmd/progress.go:117.20,117.20 0 0
stratium/cmd/ztdf-client/cmd/progress.go:118.11,118.11 0 0
stratium/cmd/ztdf-client/cmd/progress.go:120.3,120.10 1 0
stratium/cmd/ztdf-client/cmd/progress.go:121.30,121.30 0 0
stratium/cmd/ztdf-client/cmd/progress.go:122.11,122.11 0 0
stratium/cmd/ztdf-client/cmd/progress.go:127.43,128.15 1 0
stratium/cmd/ztdf-client/cmd/progress.go:128.15,130.3 1 0
stratium/cmd/ztdf-client/cmd/progress.go:131.2,131.15 1 0
stratium/cmd/ztdf-client/cmd/progress.go:131.15,133.3 1 0
stratium/cmd/ztdf-client/cmd/progress.go:134.2,134.12 1 0
stratium/cmd/ztdf-client/cmd/progress.go:137.45,138.26 1 0
stratium/cmd/ztdf-client/cmd/progress.go:138.26,140.3 1 0
stratium/cmd/ztdf-client/cmd/progress.go:141.2,141.21 1 0
stratium/cmd/ztdf-client/cmd/progress.go:141.21,143.3 1 0
stratium/cmd/ztdf-client/cmd/progress.go:144.2,144.42 1 0
stratium/cmd/ztdf-client/cmd/root.go:43.16,44.42 1 0
stratium/cmd/ztdf-client/cmd/root.go:44.42,47.3 2 0
stratium/cmd/ztdf-client/cmd/root.go:50.13,53.16 2 0
stratium/cmd/ztdf-client/cmd/root.go:53.16,55.3 1 0
stratium/cmd/ztdf-client/cmd/root.go:56.2,78.52 19 0
stratium/cmd/ztdf-client/cmd/root.go:82.34,91.2 1 0
stratium/cmd/ztdf-client/cmd/unwrap.go:27.13,33.2 4 0
stratium/cmd/ztdf-client/cmd/unwrap.go:35.57,39.53 2 0
stratium/cmd/ztdf-client/cmd/unwrap.go:39.53,41.3 1 0
stratium/cmd/ztdf-client/cmd/unwrap.go:43.2,47.16 3 0
stratium/cmd/ztdf-client/cmd/unwrap.go:47.16,49.3 1 0
stratium/cmd/ztdf-client/cmd/unwrap.go:51.2,51.13 1 0
stratium/cmd/ztdf-client/cmd/unwrap.go:51.13,54.71 3 0
stratium/cmd/ztdf-client/cmd/unwrap.go:54.71,56.4 1 0
stratium/cmd/ztdf-client/cmd/unwrap.go:60.2,62.13 2 0
stratium/cmd/ztdf-client/cmd/unwrap.go:62.13,66.3 3 0
stratium/cmd/ztdf-client/cmd/unwrap.go:69.2,70.16 2 0
stratium/cmd/ztdf-client/cmd/unwrap.go:70.16,72.3 1 0
stratium/cmd/ztdf-client/cmd/unwrap.go:73.2,80.16 5 0
stratium/cmd/ztdf-client/cmd/unwrap.go:80.16,82.3 1 0
stratium/cmd/ztdf-client/cmd/unwrap.go:84.2,84.13 1 0
stratium/cmd/ztdf-client/cmd/unwrap.go:84.13,88.3 3 0
stratium/cmd/ztdf-client/cmd/unwrap.go:91.2,91.22 1 0
stratium/cmd/ztdf-client/cmd/unwrap.go:91.22,92.67 1 0
stratium/cmd/ztdf-client/cmd/unwrap.go:92.67,94.4 1 0
stratium/cmd/ztdf-client/cmd/unwrap.go:95.3,95.57 1 0
stratium/cmd/ztdf-client/cmd/unwrap.go:99.2,99.17 1 0
stratium/cmd/ztdf-client/cmd/unwrap.go:99.17,107.3 7 0
stratium/cmd/ztdf-client/cmd/unwrap.go:107.8,109.3 1 0
stratium/cmd/ztdf-client/cmd/unwrap.go:111.2,111.12 1 0
stratium/cmd/ztdf-client/cmd/wrap.go:31.13,41.2 6 0
stratium/cmd/ztdf-client/cmd/wrap.go:43.55,47.40 2 0
stratium/cmd/ztdf-client/cmd/wrap.go:47.40,49.3 1 0
stratium/cmd/ztdf-client/cmd/wrap.go:50.2,50.40 1 0
stratium/cmd/ztdf-client/cmd/wrap.go:50.40,52.3 1 0
stratium/cmd/ztdf-client/cmd/wrap.go:54.2,61.19 7 0
stratium/cmd/ztdf-client/cmd/wrap.go:61.19,65.3 3 0
stratium/cmd/ztdf-client/cmd/wrap.go:68.2,70.13 2 0
stratium/cmd/ztdf-client/cmd/wrap.go:70.13,74.3 3 0
stratium/cmd/ztdf-client/cmd/wrap.go:77.2,78.16 2 0
stratium/cmd/ztdf-client/cmd/wrap.go:78.16,80.3 1 0
stratium/cmd/ztdf-client/cmd/wrap.go:81.2,85.41 3 0
stratium/cmd/ztdf-client/cmd/wrap.go:85.41,86.54 1 0
stratium/cmd/ztdf-client/cmd/wrap.go:86.54,88.4 1 0
stratium/cmd/ztdf-client/cmd/wrap.go:92.2,93.18 2 0
stratium/cmd/ztdf-client/cmd/wrap.go:93.18,95.17 2 0
stratium/cmd/ztdf-client/cmd/wrap.go:95.17,97.4 1 0
stratium/cmd/ztdf-client/cmd/wrap.go:98.3,100.43 2 0
stratium/cmd/ztdf-client/cmd/wrap.go:100.43,102.4 1 0
stratium/cmd/ztdf-client/cmd/wrap.go:102.9,104.4 1 0
stratium/cmd/ztdf-client/cmd/wrap.go:106.3,109.17 4 0
stratium/cmd/ztdf-client/cmd/wrap.go:109.17,112.4 2 0
stratium/cmd/ztdf-client/cmd/wrap.go:113.3,117.46 3 0
stratium/cmd/ztdf-client/cmd/wrap.go:118.8,122.17 4 0
stratium/cmd/ztdf-client/cmd/wrap.go:122.17,125.4 2 0
stratium/cmd/ztdf-client/cmd/wrap.go:126.3,129.14 2 0
stratium/cmd/ztdf-client/cmd/wrap.go:129.14,132.4 2 0
stratium/cmd/ztdf-client/cmd/wrap.go:134.3,137.71 4 0
stratium/cmd/ztdf-client/cmd/wrap.go:137.71,138.18 1 0
stratium/cmd/ztdf-client/cmd/wrap.go:138.18,140.5 1 0
stratium/cmd/ztdf-client/cmd/wrap.go:141.4,141.58 1 0
stratium/cmd/ztdf-client/cmd/wrap.go:142.18,145.4 2 0
stratium/cmd/ztdf-client/cmd/wrap.go:146.3,148.25 2 0
stratium/cmd/ztdf-client/cmd/wrap.go:148.25,150.4 1 0
stratium/cmd/ztdf-client/cmd/wrap.go:151.3,151.47 1 0
stratium/cmd/ztdf-client/cmd/wrap.go:155.2,156.16 2 0
stratium/cmd/ztdf-client/cmd/wrap.go:156.16,158.3 1 0
stratium/cmd/ztdf-client/cmd/wrap.go:158.8,160.3 1 0
stratium/cmd/ztdf-client/cmd/wrap.go:162.2,171.12 9 0
stratium/cmd/ztdf-client/cmd/ztdf.go:25.137,48.16 3 0
stratium/cmd/ztdf-client/cmd/ztdf.go:48.16,50.3 1 0
stratium/cmd/ztdf-client/cmd/ztdf.go:53.2,54.47 2 0
stratium/cmd/ztdf-client/cmd/ztdf.go:54.47,56.3 1 0
stratium/cmd/ztdf-client/cmd/ztdf.go:58.2,60.8 1 0
stratium/cmd/ztdf-client/cmd/ztdf.go:64.37,65.21 1 0
stratium/cmd/ztdf-client/cmd/ztdf.go:65.21,67.3 1 0
stratium/cmd/ztdf-client/cmd/ztdf.go:68.2,68.12 1 0
stratium/cmd/ztdf-client/cmd/ztdf.go:72.125,91.16 3 0
stratium/cmd/ztdf-client/cmd/ztdf.go:91.16,93.3 1 0
stratium/cmd/ztdf-client/cmd/ztdf.go:95.2,95.17 1 0
stratium/cmd/ztdf-client/cmd/ztdf.go:99.140,116.16 3 0
stratium/cmd/ztdf-client/cmd/ztdf.go:116.16,118.3 1 0
stratium/cmd/ztdf-client/cmd/ztdf.go:120.2,120.20 1 0
stratium/cmd/ztdf-client/cmd/ztdf.go:124.119,137.16 3 0
stratium/cmd/ztdf-client/cmd/ztdf.go:137.16,139.3 1 0
stratium/cmd/ztdf-client/cmd/ztdf.go:141.2,141.23 1 0
stratium/cmd/ztdf-client/cmd/ztdf.go:148.107,150.16 2 0
stratium/cmd/ztdf-client/cmd/ztdf.go:150.16,152.3 1 0
stratium/cmd/ztdf-client/cmd/ztdf.go:153.2,158.16 3 0
stratium/cmd/ztdf-client/cmd/ztdf.go:158.16,160.3 1 0
stratium/cmd/ztdf-client/cmd/ztdf.go:162.2,166.34 4 0
stratium/cmd/ztdf-client/cmd/ztdf.go:166.34,172.3 1 0
stratium/cmd/ztdf-client/cmd/ztdf.go:174.2,181.16 4 0
stratium/cmd/ztdf-client/cmd/ztdf.go:181.16,184.3 2 0
stratium/cmd/ztdf-client/cmd/ztdf.go:185.2,185.62 1 0
stratium/cmd/ztdf-client/cmd/ztdf.go:185.62,188.3 2 0
stratium/cmd/ztdf-client/cmd/ztdf.go:190.2,196.16 3 0
stratium/cmd/ztdf-client/cmd/ztdf.go:196.16,199.3 2 0
stratium/cmd/ztdf-client/cmd/ztdf.go:200.2,200.65 1 0
stratium/cmd/ztdf-client/cmd/ztdf.go:200.65,203.3 2 0
stratium/cmd/ztdf-client/cmd/ztdf.go:205.2,205.42 1 0
stratium/cmd/ztdf-client/cmd/ztdf.go:205.42,207.3 1 0
stratium/cmd/ztdf-client/cmd/ztdf.go:208.2,208.41 1 0
stratium/cmd/ztdf-client/cmd/ztdf.go:208.41,210.3 1 0
stratium/cmd/ztdf-client/cmd/ztdf.go:212.2,212.34 1 0
stratium/cmd/ztdf-client/cmd/ztdf.go:212.34,214.3 1 0
stratium/cmd/ztdf-client/cmd/ztdf.go:216.2,216.12 1 0
stratium/cmd/ztdf-client/cmd/ztdf.go:220.73,222.16 2 0
stratium/cmd/ztdf-client/cmd/ztdf.go:222.16,224.3 1 0
stratium/cmd/ztdf-client/cmd/ztdf.go:225.2,229.35 3 0
stratium/cmd/ztdf-client/cmd/ztdf.go:229.35,230.35 1 0
stratium/cmd/ztdf-client/cmd/ztdf.go:230.35,232.18 2 0
stratium/cmd/ztdf-client/cmd/ztdf.go:232.18,234.5 1 0
stratium/cmd/ztdf-client/cmd/ztdf.go:235.4,237.18 3 0
stratium/cmd/ztdf-client/cmd/ztdf.go:237.18,239.5 1 0
stratium/cmd/ztdf-client/cmd/ztdf.go:241.4,242.70 2 0
stratium/cmd/ztdf-client/cmd/ztdf.go:242.70,244.5 1 0
stratium/cmd/ztdf-client/cmd/ztdf.go:245.4,245.27 1 0
stratium/cmd/ztdf-client/cmd/ztdf.go:246.9,246.38 1 0
stratium/cmd/ztdf-client/cmd/ztdf.go:246.38,248.18 2 0
stratium/cmd/ztdf-client/cmd/ztdf.go:248.18,250.5 1 0
stratium/cmd/ztdf-client/cmd/ztdf.go:251.4,253.18 3 0
stratium/cmd/ztdf-client/cmd/ztdf.go:253.18,255.5 1 0
stratium/cmd/ztdf-client/cmd/ztdf.go:256.4,256.52 1 0
stratium/cmd/ztdf-client/cmd/ztdf.go:260.2,260.47 1 0
stratium/cmd/ztdf-client/cmd/ztdf.go:260.47,262.3 1 0
stratium/cmd/ztdf-client/cmd/ztdf.go:264.2,264.17 1 0
stratium/cmd/ztdf-client/cmd/ztdf.go:274.63,276.11 2 0
stratium/cmd/ztdf-client/cmd/ztdf.go:276.11,278.39 2 0
stratium/cmd/ztdf-client/cmd/ztdf.go:278.39,279.27 1 0
stratium/cmd/ztdf-client/cmd/ztdf.go:279.27,281.5 1 0
stratium/cmd/ztdf-client/cmd/ztdf.go:281.10,283.5 1 0
stratium/cmd/ztdf-client/cmd/ztdf.go:286.2,286.15 1 0
stratium/cmd/ztdf-client/cmd/ztdf.go:290.87,291.70 1 0
stratium/cmd/ztdf-client/cmd/ztdf.go:291.70,293.3 1 0
stratium/cmd/ztdf-client/cmd/ztdf.go:295.2,297.16 3 0
stratium/cmd/ztdf-client/cmd/ztdf.go:297.16,299.3 1 0
stratium/cmd/ztdf-client/cmd/ztdf.go:301.2,302.64 2 0
stratium/cmd/ztdf-client/cmd/ztdf.go:302.64,304.3 1 0
stratium/cmd/ztdf-client/cmd/ztdf.go:306.2,306.20 1 0
stratium/observability/observability.go:34.131,44.16 2 0
stratium/observability/observability.go:44.16,46.3 1 0
stratium/observability/observability.go:48.2,51.39 3 0
stratium/observability/observability.go:51.39,53.17 2 0
stratium/observability/observability.go:53.17,56.4 2 0
stratium/observability/observability.go:56.9,65.4 4 0
stratium/observability/observability.go:66.8,68.3 1 0
stratium/observability/observability.go:70.2,70.39 1 0
stratium/observability/observability.go:70.39,72.17 2 0
stratium/observability/observability.go:72.17,75.4 2 0
stratium/observability/observability.go:75.9,80.4 4 0
stratium/observability/observability.go:81.8,83.3 1 0
stratium/observability/observability.go:85.2,85.19 1 0
stratium/observability/observability.go:85.19,87.3 1 0
stratium/observability/observability.go:89.2,89.22 1 0
stratium/observability/observability.go:93.56,96.28 2 0
stratium/observability/observability.go:96.28,99.104 3 0
stratium/observability/observability.go:99.104,101.4 1 0
stratium/observability/observability.go:104.2,104.28 1 0
stratium/observability/observability.go:104.28,105.55 1 0
stratium/observability/observability.go:105.55,107.4 1 0
stratium/observability/observability.go:110.2,110.29 1 0
stratium/observability/observability.go:110.29,111.56 1 0
stratium/observability/observability.go:111.56,113.4 1 0
stratium/observability/observability.go:116.2,116.29 1 0
stratium/observability/observability.go:119.148,121.20 2 0
stratium/observability/observability.go:121.20,123.3 1 0
stratium/observability/observability.go:125.2,125.18 1 0
stratium/observability/observability.go:126.39,128.21 2 0
stratium/observability/observability.go:128.21,130.4 1 0
stratium/observability/observability.go:132.3,136.17 2 0
stratium/observability/observability.go:136.17,138.4 1 0
stratium/observability/observability.go:140.3,143.9 1 0
stratium/observability/observability.go:144.10,146.18 2 0
stratium/observability/observability.go:150.163,154.16 3 0
stratium/observability/observability.go:154.16,156.3 1 0
stratium/observability/observability.go:158.2,164.16 3 0
stratium/observability/observability.go:164.16,166.3 1 0
stratium/observability/observability.go:167.2,167.35 1 0
stratium/observability/observability.go:167.35,169.3 1 0
stratium/observability/observability.go:171.2,179.12 4 0
stratium/observability/observability.go:179.12,180.90 1 0
stratium/observability/observability.go:180.90,182.4 1 0
stratium/observability/observability.go:185.2,185.35 1 0
stratium/pkg/security/fipsruntime/runtime.go:12.21,13.24 1 0
stratium/pkg/security/fipsruntime/runtime.go:13.24,15.3 1 0
stratium/pkg/security/fipsruntime/runtime.go:16.2,16.59 1 0
stratium/pkg/security/fipsruntime/runtime.go:16.59,18.3 1 0
stratium/pkg/security/fipsruntime/runtime.go:19.2,19.39 1 0
stratium/pkg/security/fipsruntime/runtime.go:19.39,21.3 1 0
stratium/pkg/security/fipsruntime/runtime.go:22.2,22.61 1 0
stratium/pkg/security/fipsruntime/runtime.go:26.42,28.9 2 0
stratium/pkg/security/fipsruntime/runtime.go:28.9,30.3 1 0
stratium/pkg/security/fipsruntime/runtime.go:31.2,31.40 1 0
stratium/pkg/security/fipsruntime/runtime.go:31.40,32.33 1 0
stratium/pkg/security/fipsruntime/runtime.go:32.33,34.4 1 0
stratium/pkg/security/fipsruntime/runtime.go:36.2,36.18 1 0
stratium/pkg/security/fipsruntime/runtime.go:40.48,42.15 2 0
stratium/pkg/security/fipsruntime/runtime.go:42.15,44.3 1 0
stratium/pkg/security/fipsruntime/runtime.go:45.2,45.47 1 0
stratium/pkg/security/fipsruntime/runtime.go:45.47,46.17 1 0
stratium/pkg/security/fipsruntime/runtime.go:46.17,47.12 1 0
stratium/pkg/security/fipsruntime/runtime.go:49.3,50.19 2 0
stratium/pkg/security/fipsruntime/runtime.go:50.19,51.12 1 0
stratium/pkg/security/fipsruntime/runtime.go:53.3,53.19 1 0
stratium/pkg/security/fipsruntime/runtime.go:53.19,55.4 1 0
stratium/pkg/security/fipsruntime/runtime.go:57.2,57.18 1 0
stratium/services/key-access/key-access.pb.go:47.34,52.2 4 0
stratium/services/key-access/key-access.pb.go:54.42,56.2 1 0
stratium/services/key-access/key-access.pb.go:58.40,58.41 0 0
stratium/services/key-access/key-access.pb.go:60.62,62.14 2 0
stratium/services/key-access/key-access.pb.go:62.14,64.34 2 0
stratium/services/key-access/key-access.pb.go:64.34,66.4 1 0
stratium/services/key-access/key-access.pb.go:67.3,67.12 1 0
stratium/services/key-access/key-access.pb.go:69.2,69.24 1 0
stratium/services/key-access/key-access.pb.go:73.53,75.2 1 0
stratium/services/key-access/key-access.pb.go:77.47,78.14 1 1
stratium/services/key-access/key-access.pb.go:78.14,80.3 1 1
stratium/services/key-access/key-access.pb.go:81.2,81.11 1 0
stratium/services/key-access/key-access.pb.go:84.42,85.14 1 0
stratium/services/key-access/key-access.pb.go:85.14,87.3 1 0
stratium/services/key-access/key-access.pb.go:88.2,88.12 1 0
stratium/services/key-access/key-access.pb.go:91.44,92.14 1 0
stratium/services/key-access/key-access.pb.go:92.14,94.3 1 0
stratium/services/key-access/key-access.pb.go:95.2,95.11 1 0
stratium/services/key-access/key-access.pb.go:98.45,99.14 1 1
stratium/services/key-access/key-access.pb.go:99.14,101.3 1 1
stratium/services/key-access/key-access.pb.go:102.2,102.11 1 0
stratium/services/key-access/key-access.pb.go:105.57,106.14 1 0
stratium/services/key-access/key-access.pb.go:106.14,108.3 1 0
stratium/services/key-access/key-access.pb.go:109.2,109.12 1 0
stratium/services/key-access/key-access.pb.go:112.45,113.14 1 0
stratium/services/key-access/key-access.pb.go:113.14,115.3 1 0
stratium/services/key-access/key-access.pb.go:116.2,116.11 1 0
stratium/services/key-access/key-access.pb.go:119.50,120.14 1 0
stratium/services/key-access/key-access.pb.go:120.14,122.3 1 0
stratium/services/key-access/key-access.pb.go:123.2,123.11 1 0
stratium/services/key-access/key-access.pb.go:145.35,150.2 4 0
stratium/services/key-access/key-access.pb.go:152.43,154.2 1 0
stratium/services/key-access/key-access.pb.go:156.41,156.42 0 0
stratium/services/key-access/key-access.pb.go:158.63,160.14 2 0
stratium/services/key-access/key-access.pb.go:160.14,162.34 2 0
stratium/services/key-access/key-access.pb.go:162.34,164.4 1 0
stratium/services/key-access/key-access.pb.go:165.3,165.12 1 0
stratium/services/key-access/key-access.pb.go:167.2,167.24 1 0
stratium/services/key-access/key-access.pb.go:171.54,173.2 1 0
stratium/services/key-access/key-access.pb.go:175.50,176.14 1 0
stratium/services/key-access/key-access.pb.go:176.14,178.3 1 0
stratium/services/key-access/key-access.pb.go:179.2,179.12 1 0
stratium/services/key-access/key-access.pb.go:182.45,183.14 1 0
stratium/services/key-access/key-access.pb.go:183.14,185.3 1 0
stratium/services/key-access/key-access.pb.go:186.2,186.11 1 0
stratium/services/key-access/key-access.pb.go:189.51,190.14 1 0
stratium/services/key-access/key-access.pb.go:190.14,192.3 1 0
stratium/services/key-access/key-access.pb.go:193.2,193.14 1 0
stratium/services/key-access/key-access.pb.go:196.52,197.14 1 0
stratium/services/key-access/key-access.pb.go:197.14,199.3 1 0
stratium/services/key-access/key-access.pb.go:200.2,200.11 1 0
stratium/services/key-access/key-access.pb.go:203.54,204.14 1 0
stratium/services/key-access/key-access.pb.go:204.14,206.3 1 0
stratium/services/key-access/key-access.pb.go:207.2,207.12 1 0
stratium/services/key-access/key-access.pb.go:210.65,211.14 1 0
stratium/services/key-access/key-access.pb.go:211.14,213.3 1 0
stratium/services/key-access/key-access.pb.go:214.2,214.12 1 0
stratium/services/key-access/key-access.pb.go:240.36,245.2 4 0
stratium/services/key-access/key-access.pb.go:247.44,249.2 1 0
stratium/services/key-access/key-access.pb.go:251.42,251.43 0 0
stratium/services/key-access/key-access.pb.go:253.64,255.14 2 0
stratium/services/key-access/key-access.pb.go:255.14,257.34 2 0
stratium/services/key-access/key-access.pb.go:257.34,259.4 1 0
stratium/services/key-access/key-access.pb.go:260.3,260.12 1 0
stratium/services/key-access/key-access.pb.go:262.2,262.24 1 0
stratium/services/key-access/key-access.pb.go:266.55,268.2 1 0
stratium/services/key-access/key-access.pb.go:270.49,271.14 1 0
stratium/services/key-access/key-access.pb.go:271.14,273.3 1 0
stratium/services/key-access/key-access.pb.go:274.2,274.11 1 0
stratium/services/key-access/key-access.pb.go:277.51,278.14 1 0
stratium/services/key-access/key-access.pb.go:278.14,280.3 1 0
stratium/services/key-access/key-access.pb.go:281.2,281.12 1 0
stratium/services/key-access/key-access.pb.go:284.46,285.14 1 0
stratium/services/key-access/key-access.pb.go:285.14,287.3 1 0
stratium/services/key-access/key-access.pb.go:288.2,288.11 1 0
stratium/services/key-access/key-access.pb.go:291.52,292.14 1 0
stratium/services/key-access/key-access.pb.go:292.14,294.3 1 0
stratium/services/key-access/key-access.pb.go:295.2,295.11 1 0
stratium/services/key-access/key-access.pb.go:298.47,299.14 1 0
stratium/services/key-access/key-access.pb.go:299.14,301.3 1 0
stratium/services/key-access/key-access.pb.go:302.2,302.11 1 0
stratium/services/key-access/key-access.pb.go:305.59,306.14 1 0
stratium/services/key-access/key-access.pb.go:306.14,308.3 1 0
stratium/services/key-access/key-access.pb.go:309.2,309.12 1 0
stratium/services/key-access/key-access.pb.go:312.47,313.14 1 0
stratium/services/key-access/key-access.pb.go:313.14,315.3 1 0
stratium/services/key-access/key-access.pb.go:316.2,316.11 1 0
stratium/services/key-access/key-access.pb.go:336.37,341.2 4 0
stratium/services/key-access/key-access.pb.go:343.45,345.2 1 0
stratium/services/key-access/key-access.pb.go:347.43,347.44 0 0
stratium/services/key-access/key-access.pb.go:349.65,351.14 2 0
stratium/services/key-access/key-access.pb.go:351.14,353.34 2 0
stratium/services/key-access/key-access.pb.go:353.34,355.4 1 0
stratium/services/key-access/key-access.pb.go:356.3,356.12 1 0
stratium/services/key-access/key-access.pb.go:358.2,358.24 1 0
stratium/services/key-access/key-access.pb.go:362.56,364.2 1 0
stratium/services/key-access/key-access.pb.go:366.55,367.14 1 0
stratium/services/key-access/key-access.pb.go:367.14,369.3 1 0
stratium/services/key-access/key-access.pb.go:370.2,370.12 1 0
stratium/services/key-access/key-access.pb.go:373.53,374.14 1 0
stratium/services/key-access/key-access.pb.go:374.14,376.3 1 0
stratium/services/key-access/key-access.pb.go:377.2,377.14 1 0
stratium/services/key-access/key-access.pb.go:380.54,381.14 1 0
stratium/services/key-access/key-access.pb.go:381.14,383.3 1 0
stratium/services/key-access/key-access.pb.go:384.2,384.11 1 0
stratium/services/key-access/key-access.pb.go:387.56,388.14 1 0
stratium/services/key-access/key-access.pb.go:388.14,390.3 1 0
stratium/services/key-access/key-access.pb.go:391.2,391.12 1 0
stratium/services/key-access/key-access.pb.go:394.67,395.14 1 0
stratium/services/key-access/key-access.pb.go:395.14,397.3 1 0
stratium/services/key-access/key-access.pb.go:398.2,398.12 1 0
stratium/services/key-access/key-access.pb.go:498.75,499.72 1 0
stratium/services/key-access/key-access.pb.go:499.72,501.3 1 0
stratium/services/key-access/key-access.pb.go:502.2,502.68 1 0
stratium/services/key-access/key-access.pb.go:531.13,531.71 1 1
stratium/services/key-access/key-access.pb.go:532.61,533.60 1 1
stratium/services/key-access/key-access.pb.go:533.60,535.3 1 0
stratium/services/key-access/key-access.pb.go:536.2,553.63 6 1
stratium/services/key-access/key-access_grpc.pb.go:42.84,44.2 1 0
stratium/services/key-access/key-access_grpc.pb.go:46.134,50.16 4 0
stratium/services/key-access/key-access_grpc.pb.go:50.16,52.3 1 0
stratium/services/key-access/key-access_grpc.pb.go:53.2,53.17 1 0
stratium/services/key-access/key-access_grpc.pb.go:56.140,60.16 4 0
stratium/services/key-access/key-access_grpc.pb.go:60.16,62.3 1 0
stratium/services/key-access/key-access_grpc.pb.go:63.2,63.17 1 0
stratium/services/key-access/key-access_grpc.pb.go:86.112,88.2 1 0
stratium/services/key-access/key-access_grpc.pb.go:89.118,91.2 1 0
stratium/services/key-access/key-access_grpc.pb.go:92.92,92.93 0 0
stratium/services/key-access/key-access_grpc.pb.go:93.92,93.93 0 0
stratium/services/key-access/key-access_grpc.pb.go:102.90,107.59 1 0
stratium/services/key-access/key-access_grpc.pb.go:107.59,109.3 1 0
stratium/services/key-access/key-access_grpc.pb.go:110.2,110.55 1 0
stratium/services/key-access/key-access_grpc.pb.go:113.169,115.32 2 0
stratium/services/key-access/key-access_grpc.pb.go:115.32,117.3 1 0
stratium/services/key-access/key-access_grpc.pb.go:118.2,118.24 1 0
stratium/services/key-access/key-access_grpc.pb.go:118.24,120.3 1 0
stratium/services/key-access/key-access_grpc.pb.go:121.2,125.77 2 0
stratium/services/key-access/key-access_grpc.pb.go:125.77,127.3 1 0
stratium/services/key-access/key-access_grpc.pb.go:128.2,128.44 1 0
stratium/services/key-access/key-access_grpc.pb.go:131.171,133.32 2 0
stratium/services/key-access/key-access_grpc.pb.go:133.32,135.3 1 0
stratium/services/key-access/key-access_grpc.pb.go:136.2,136.24 1 0
stratium/services/key-access/key-access_grpc.pb.go:136.24,138.3 1 0
stratium/services/key-access/key-access_grpc.pb.go:139.2,143.77 2 0
stratium/services/key-access/key-access_grpc.pb.go:143.77,145.3 1 0
stratium/services/key-access/key-access_grpc.pb.go:146.2,146.44 1 0
stratium/services/key-access/key_integrity.go:20.52,28.2 2 1
stratium/services/key-access/key_integrity.go:31.87,37.27 2 1
stratium/services/key-access/key_integrity.go:37.27,42.3 4 1
stratium/services/key-access/key_integrity.go:44.2,44.28 1 1
stratium/services/key-access/key_integrity.go:44.28,49.3 4 1
stratium/services/key-access/key_integrity.go:52.2,56.42 4 1
stratium/services/key-access/key_integrity.go:60.131,75.2 7 1
stratium/services/key-access/kyber_support.go:16.105,17.17 1 1
stratium/services/key-access/kyber_support.go:18.45,20.17 2 1
stratium/services/key-access/kyber_support.go:20.17,22.4 1 1
stratium/services/key-access/kyber_support.go:23.3,23.24 1 1
stratium/services/key-access/kyber_support.go:24.45,26.17 2 1
stratium/services/key-access/kyber_support.go:26.17,28.4 1 0
stratium/services/key-access/kyber_support.go:29.3,29.24 1 1
stratium/services/key-access/kyber_support.go:30.46,32.17 2 1
stratium/services/key-access/kyber_support.go:32.17,34.4 1 0
stratium/services/key-access/kyber_support.go:35.3,35.24 1 1
stratium/services/key-access/kyber_support.go:36.10,37.25 1 1
stratium/services/key-access/kyber_support.go:41.100,42.36 1 0
stratium/services/key-access/kyber_support.go:43.27,45.17 2 0
stratium/services/key-access/kyber_support.go:45.17,47.4 1 0
stratium/services/key-access/kyber_support.go:48.3,49.30 2 0
stratium/services/key-access/kyber_support.go:50.27,52.17 2 0
stratium/services/key-access/kyber_support.go:52.17,54.4 1 0
stratium/services/key-access/kyber_support.go:55.3,56.30 2 0
stratium/services/key-access/kyber_support.go:57.28,59.17 2 0
stratium/services/key-access/kyber_support.go:59.17,61.4 1 0
stratium/services/key-access/kyber_support.go:62.3,63.30 2 0
stratium/services/key-access/kyber_support.go:64.10,65.25 1 0
stratium/services/key-access/platform_client.go:28.107,29.24 1 1
stratium/services/key-access/platform_client.go:29.24,31.3 1 0
stratium/services/key-access/platform_client.go:33.2,34.35 2 1
stratium/services/key-access/platform_client.go:34.35,36.17 2 0
stratium/services/key-access/platform_client.go:36.17,38.4 1 0
stratium/services/key-access/platform_client.go:39.3,39.40 1 0
stratium/services/key-access/platform_client.go:40.8,42.3 1 1
stratium/services/key-access/platform_client.go:45.2,50.16 2 1
stratium/services/key-access/platform_client.go:50.16,52.3 1 0
stratium/services/key-access/platform_client.go:54.2,61.8 3 1
stratium/services/key-access/platform_client.go:65.171,73.16 5 1
stratium/services/key-access/platform_client.go:73.16,80.3 2 0
stratium/services/key-access/platform_client.go:82.2,84.16 3 1
stratium/services/key-access/platform_client.go:84.16,91.3 2 0
stratium/services/key-access/platform_client.go:93.2,98.38 4 1
stratium/services/key-access/platform_client.go:98.38,100.17 2 1
stratium/services/key-access/platform_client.go:100.17,101.12 1 0
stratium/services/key-access/platform_client.go:103.3,103.42 1 1
stratium/services/key-access/platform_client.go:107.2,113.16 2 1
stratium/services/key-access/platform_client.go:113.16,116.3 2 0
stratium/services/key-access/platform_client.go:119.2,127.32 2 1
stratium/services/key-access/platform_client.go:127.32,129.3 1 1
stratium/services/key-access/platform_client.go:131.2,131.22 1 1
stratium/services/key-access/platform_client.go:131.22,133.3 1 1
stratium/services/key-access/platform_client.go:133.8,135.3 1 0
stratium/services/key-access/platform_client.go:136.2,140.44 2 1
stratium/services/key-access/platform_client.go:140.44,142.3 1 0
stratium/services/key-access/platform_client.go:144.2,144.22 1 1
stratium/services/key-access/platform_client.go:148.44,149.19 1 1
stratium/services/key-access/platform_client.go:149.19,151.3 1 1
stratium/services/key-access/platform_client.go:152.2,152.12 1 0
stratium/services/key-access/server.go:87.76,88.115 1 0
stratium/services/key-access/server.go:88.115,90.3 1 0
stratium/services/key-access/server.go:91.2,91.113 1 0
stratium/services/key-access/server.go:91.113,93.3 1 0
stratium/services/key-access/server.go:95.2,96.16 2 0
stratium/services/key-access/server.go:96.16,98.3 1 0
stratium/services/key-access/server.go:101.2,106.16 2 0
stratium/services/key-access/server.go:106.16,108.3 1 0
stratium/services/key-access/server.go:110.2,114.16 3 0
stratium/services/key-access/server.go:114.16,117.3 2 0
stratium/services/key-access/server.go:120.2,121.16 2 0
stratium/services/key-access/server.go:121.16,123.3 1 0
stratium/services/key-access/server.go:126.2,132.16 2 0
stratium/services/key-access/server.go:132.16,138.3 1 0
stratium/services/key-access/server.go:140.2,141.19 2 0
stratium/services/key-access/server.go:141.19,143.3 1 0
stratium/services/key-access/server.go:145.2,155.138 2 0
stratium/services/key-access/server.go:155.138,157.3 1 0
stratium/services/key-access/server.go:159.2,160.20 2 0
stratium/services/key-access/server.go:164.101,167.24 2 0
stratium/services/key-access/server.go:167.24,169.3 1 0
stratium/services/key-access/server.go:171.2,173.16 3 0
stratium/services/key-access/server.go:173.16,175.3 1 0
stratium/services/key-access/server.go:177.2,177.33 1 0
stratium/services/key-access/server.go:180.105,181.45 1 0
stratium/services/key-access/server.go:181.45,183.17 2 0
stratium/services/key-access/server.go:183.17,185.4 1 0
stratium/services/key-access/server.go:186.3,186.44 1 0
stratium/services/key-access/server.go:188.2,188.39 1 0
stratium/services/key-access/server.go:192.92,193.82 1 0
stratium/services/key-access/server.go:193.82,195.3 1 0
stratium/services/key-access/server.go:197.2,199.16 3 0
stratium/services/key-access/server.go:199.16,201.3 1 0
stratium/services/key-access/server.go:202.2,202.25 1 0
stratium/services/key-access/server.go:205.55,206.39 1 0
stratium/services/key-access/server.go:206.39,208.3 1 0
stratium/services/key-access/server.go:209.2,209.21 1 0
stratium/services/key-access/server.go:212.32,214.2 1 0
stratium/services/key-access/server.go:217.32,219.29 2 0
stratium/services/key-access/server.go:219.29,220.60 1 0
stratium/services/key-access/server.go:220.60,222.4 1 0
stratium/services/key-access/server.go:224.2,224.27 1 0
stratium/services/key-access/server.go:224.27,225.58 1 0
stratium/services/key-access/server.go:225.58,227.4 1 0
stratium/services/key-access/server.go:229.2,229.12 1 0
stratium/services/key-access/server.go:233.53,235.2 1 0
stratium/services/key-access/server.go:238.103,246.15 4 1
stratium/services/key-access/server.go:246.15,248.18 2 1
stratium/services/key-access/server.go:248.18,251.54 3 1
stratium/services/key-access/server.go:251.54,253.5 1 0
stratium/services/key-access/server.go:255.3,255.17 1 1
stratium/services/key-access/server.go:255.17,257.4 1 0
stratium/services/key-access/server.go:258.3,259.13 2 1
stratium/services/key-access/server.go:262.2,265.61 3 1
stratium/services/key-access/server.go:265.61,267.3 1 1
stratium/services/key-access/server.go:270.2,272.16 3 1
stratium/services/key-access/server.go:272.16,275.3 1 0
stratium/services/key-access/server.go:277.2,279.19 3 1
stratium/services/key-access/server.go:279.19,281.3 1 0
stratium/services/key-access/server.go:284.2,285.94 2 1
stratium/services/key-access/server.go:285.94,287.3 1 1
stratium/services/key-access/server.go:289.2,292.67 2 1
stratium/services/key-access/server.go:292.67,294.3 1 0
stratium/services/key-access/server.go:297.2,297.51 1 1
stratium/services/key-access/server.go:297.51,299.3 1 0
stratium/services/key-access/server.go:302.2,303.16 2 1
stratium/services/key-access/server.go:303.16,305.3 1 0
stratium/services/key-access/server.go:307.2,308.16 2 1
stratium/services/key-access/server.go:308.16,310.3 1 0
stratium/services/key-access/server.go:312.2,312.29 1 1
stratium/services/key-access/server.go:312.29,314.3 1 0
stratium/services/key-access/server.go:317.2,318.17 2 1
stratium/services/key-access/server.go:318.17,321.17 2 0
stratium/services/key-access/server.go:321.17,323.4 1 0
stratium/services/key-access/server.go:327.2,327.61 1 1
stratium/services/key-access/server.go:327.61,329.3 1 0
stratium/services/key-access/server.go:331.2,338.16 2 1
stratium/services/key-access/server.go:338.16,340.3 1 0
stratium/services/key-access/server.go:342.2,342.40 1 1
stratium/services/key-access/server.go:342.40,344.3 1 1
stratium/services/key-access/server.go:346.2,357.8 3 1
stratium/services/key-access/server.go:361.109,369.15 4 0
stratium/services/key-access/server.go:369.15,371.18 2 0
stratium/services/key-access/server.go:371.18,374.54 3 0
stratium/services/key-access/server.go:374.54,376.5 1 0
stratium/services/key-access/server.go:378.3,378.17 1 0
stratium/services/key-access/server.go:378.17,380.4 1 0
stratium/services/key-access/server.go:381.3,382.13 2 0
stratium/services/key-access/server.go:385.2,388.61 3 0
stratium/services/key-access/server.go:388.61,390.3 1 0
stratium/services/key-access/server.go:393.2,395.16 3 0
stratium/services/key-access/server.go:395.16,398.3 1 0
stratium/services/key-access/server.go:400.2,402.19 3 0
stratium/services/key-access/server.go:402.19,404.3 1 0
stratium/services/key-access/server.go:407.2,408.26 2 0
stratium/services/key-access/server.go:408.26,410.3 1 0
stratium/services/key-access/server.go:412.2,415.69 2 0
stratium/services/key-access/server.go:415.69,417.3 1 0
stratium/services/key-access/server.go:420.2,420.53 1 0
stratium/services/key-access/server.go:420.53,422.3 1 0
stratium/services/key-access/server.go:425.2,426.16 2 0
stratium/services/key-access/server.go:426.16,428.3 1 0
stratium/services/key-access/server.go:430.2,431.16 2 0
stratium/services/key-access/server.go:431.16,433.3 1 0
stratium/services/key-access/server.go:435.2,435.29 1 0
stratium/services/key-access/server.go:435.29,437.3 1 0
stratium/services/key-access/server.go:441.2,450.16 2 0
stratium/services/key-access/server.go:450.16,452.3 1 0
stratium/services/key-access/server.go:454.2,454.31 1 0
stratium/services/key-access/server.go:454.31,456.3 1 0
stratium/services/key-access/server.go:458.2,466.8 2 0
stratium/services/key-access/server.go:471.65,473.24 1 1
stratium/services/key-access/server.go:473.24,475.3 1 1
stratium/services/key-access/server.go:476.2,476.23 1 1
stratium/services/key-access/server.go:476.23,478.3 1 1
stratium/services/key-access/server.go:479.2,479.27 1 1
stratium/services/key-access/server.go:479.27,481.3 1 1
stratium/services/key-access/server.go:483.2,483.22 1 1
stratium/services/key-access/server.go:483.22,485.3 1 0
stratium/services/key-access/server.go:486.2,486.12 1 1
stratium/services/key-access/server.go:489.69,491.24 1 1
stratium/services/key-access/server.go:491.24,493.3 1 1
stratium/services/key-access/server.go:494.2,494.21 1 1
stratium/services/key-access/server.go:494.21,496.3 1 1
stratium/services/key-access/server.go:497.2,497.30 1 1
stratium/services/key-access/server.go:497.30,499.3 1 1
stratium/services/key-access/server.go:500.2,500.22 1 1
stratium/services/key-access/server.go:500.22,502.3 1 0
stratium/services/key-access/server.go:503.2,503.12 1 1
stratium/services/key-access/server.go:506.104,507.27 1 1
stratium/services/key-access/server.go:507.27,509.3 1 1
stratium/services/key-access/server.go:510.2,511.16 2 1
stratium/services/key-access/server.go:511.16,513.3 1 0
stratium/services/key-access/server.go:514.2,516.12 3 1
stratium/services/key-access/server.go:519.108,520.27 1 0
stratium/services/key-access/server.go:520.27,522.3 1 0
stratium/services/key-access/server.go:523.2,524.16 2 0
stratium/services/key-access/server.go:524.16,526.3 1 0
stratium/services/key-access/server.go:527.2,529.12 3 0
stratium/services/key-access/server.go:532.95,533.19 1 1
stratium/services/key-access/server.go:533.19,535.3 1 0
stratium/services/key-access/server.go:537.2,541.16 2 1
stratium/services/key-access/server.go:541.16,543.3 1 0
stratium/services/key-access/server.go:545.2,547.32 3 1
stratium/services/key-access/server.go:547.32,548.64 1 1
stratium/services/key-access/server.go:548.64,549.12 1 0
stratium/services/key-access/server.go:551.3,552.42 2 1
stratium/services/key-access/server.go:552.42,554.4 1 1
stratium/services/key-access/server.go:555.3,555.51 1 1
stratium/services/key-access/server.go:555.51,558.4 2 1
stratium/services/key-access/server.go:561.2,561.19 1 1
stratium/services/key-access/server.go:561.19,563.3 1 0
stratium/services/key-access/server.go:565.2,565.31 1 1
stratium/services/key-access/server.go:568.77,573.16 2 0
stratium/services/key-access/server.go:573.16,575.3 1 0
stratium/services/key-access/server.go:577.2,577.29 1 0
stratium/services/key-access/server.go:577.29,579.3 1 0
stratium/services/key-access/server.go:582.2,582.36 1 0
stratium/services/key-access/server.go:582.36,583.59 1 0
stratium/services/key-access/server.go:583.59,585.4 1 0
stratium/services/key-access/server.go:588.2,588.47 1 0
stratium/services/key-access/server.go:591.106,593.18 2 1
stratium/services/key-access/server.go:593.18,595.3 1 0
stratium/services/key-access/server.go:597.2,597.73 1 1
stratium/services/key-access/server.go:597.73,598.17 1 0
stratium/services/key-access/server.go:598.17,600.4 1 0
stratium/services/key-access/server.go:601.3,602.24 2 0
stratium/services/key-access/server.go:606.2,607.16 2 1
stratium/services/key-access/server.go:607.16,609.3 1 0
stratium/services/key-access/server.go:610.2,611.23 2 1
stratium/services/key-access/server.go:614.85,615.36 1 0
stratium/services/key-access/server.go:616.22,617.70 1 0
stratium/services/key-access/server.go:619.24,623.17 2 0
stratium/services/key-access/server.go:623.17,625.4 1 0
stratium/services/key-access/server.go:628.3,632.17 3 0
stratium/services/key-access/server.go:632.17,634.4 1 0
stratium/services/key-access/server.go:637.3,638.17 2 0
stratium/services/key-access/server.go:638.17,640.4 1 0
stratium/services/key-access/server.go:642.3,643.17 2 0
stratium/services/key-access/server.go:643.17,645.4 1 0
stratium/services/key-access/server.go:647.3,648.45 2 0
stratium/services/key-access/server.go:648.45,650.4 1 0
stratium/services/key-access/server.go:652.3,656.53 3 0
stratium/services/key-access/server.go:658.10,659.70 1 0
stratium/services/key-access/server.go:659.70,661.4 1 0
stratium/services/key-access/server.go:662.3,662.71 1 0
stratium/services/key-access/server.go:667.102,670.16 2 0
stratium/services/key-access/server.go:670.16,672.3 1 0
stratium/services/key-access/server.go:674.2,675.16 2 0
stratium/services/key-access/server.go:675.16,677.3 1 0
stratium/services/key-access/server.go:679.2,680.44 2 0
stratium/services/key-access/server.go:680.44,682.3 1 0
stratium/services/key-access/server.go:685.2,689.52 2 0
stratium/services/key-access/server.go:693.99,699.49 3 1
stratium/services/key-access/server.go:699.49,701.3 1 1
stratium/services/key-access/server.go:703.2,707.16 2 1
stratium/services/key-access/server.go:707.16,710.3 2 0
stratium/services/key-access/server.go:711.2,711.68 1 1
stratium/services/key-access/server.go:711.68,713.3 1 0
stratium/services/key-access/server.go:715.2,716.16 2 1
stratium/services/key-access/server.go:716.16,719.3 2 0
stratium/services/key-access/server.go:721.2,722.23 2 1
stratium/services/key-access/server.go:725.60,726.17 1 0
stratium/services/key-access/server.go:729.40,730.14 1 0
stratium/services/key-access/server.go:731.10,732.15 1 0
stratium/services/key-access/server.go:747.61,752.2 1 1
stratium/services/key-access/server.go:754.70,758.44 4 1
stratium/services/key-access/server.go:758.44,760.9 2 1
stratium/services/key-access/server.go:760.9,765.4 3 0
stratium/services/key-access/server.go:766.3,766.20 1 1
stratium/services/key-access/server.go:768.2,769.30 2 1
stratium/services/key-access/server.go:772.73,779.2 3 1
stratium/services/key-access/server.go:781.94,782.36 1 0
stratium/services/key-access/server.go:783.22,790.50 1 0
stratium/services/key-access/server.go:791.10,792.56 1 0
stratium/services/key-access/server.go:796.93,810.2 5 0
stratium/services/key-access/server.go:812.96,821.2 1 0
stratium/services/key-access/server.go:823.102,831.2 1 0
stratium/services/key-access/server.go:834.60,840.2 3 1
stratium/services/key-access/server.go:842.118,847.13 4 1
stratium/services/key-access/server.go:847.13,849.3 1 1
stratium/services/key-access/server.go:851.2,851.17 1 1
stratium/services/key-access/server.go:854.128,860.2 4 0
stratium/services/key-access/server.go:862.87,867.30 4 1
stratium/services/key-access/server.go:867.30,869.3 1 1
stratium/services/key-access/server.go:871.2,871.22 1 1
stratium/services/key-access/server.go:874.51,878.35 2 1
stratium/services/key-access/server.go:878.35,880.17 2 1
stratium/services/key-access/server.go:880.17,882.12 2 0
stratium/services/key-access/server.go:885.3,886.66 2 1
stratium/services/key-access/telemetry.go:28.31,29.26 1 1
stratium/services/key-access/telemetry.go:29.26,40.17 5 1
stratium/services/key-access/telemetry.go:40.17,42.4 1 0
stratium/services/key-access/telemetry.go:44.3,47.17 1 1
stratium/services/key-access/telemetry.go:47.17,49.4 1 0
stratium/services/key-access/telemetry.go:51.3,54.17 1 1
stratium/services/key-access/telemetry.go:54.17,56.4 1 0
stratium/services/key-access/telemetry.go:58.3,62.17 1 1
stratium/services/key-access/telemetry.go:62.17,64.4 1 0
stratium/services/key-access/telemetry.go:66.3,69.17 1 1
stratium/services/key-access/telemetry.go:69.17,71.4 1 0
stratium/services/key-access/telemetry.go:73.3,76.17 1 1
stratium/services/key-access/telemetry.go:76.17,78.4 1 0
stratium/services/key-access/telemetry.go:80.3,83.17 1 1
stratium/services/key-access/telemetry.go:83.17,85.4 1 0
stratium/services/key-access/telemetry.go:89.118,91.28 2 1
stratium/services/key-access/telemetry.go:91.28,93.3 1 0
stratium/services/key-access/telemetry.go:94.2,94.73 1 1
stratium/services/key-access/telemetry.go:97.96,101.24 2 1
stratium/services/key-access/telemetry.go:101.24,103.3 1 1
stratium/services/key-access/telemetry.go:104.2,104.25 1 1
stratium/services/key-access/telemetry.go:104.25,106.3 1 1
stratium/services/key-access/telemetry.go:107.2,107.37 1 1
stratium/services/key-access/telemetry.go:107.37,111.3 1 0
stratium/services/key-access/telemetry.go:114.98,118.26 2 0
stratium/services/key-access/telemetry.go:118.26,120.3 1 0
stratium/services/key-access/telemetry.go:121.2,121.27 1 0
stratium/services/key-access/telemetry.go:121.27,123.3 1 0
stratium/services/key-access/telemetry.go:124.2,124.39 1 0
stratium/services/key-access/telemetry.go:124.39,128.3 1 0
stratium/services/key-access/telemetry.go:131.43,132.34 1 1
stratium/services/key-access/telemetry.go:132.34,134.3 1 0
stratium/services/key-access/telemetry.go:135.2,136.9 2 1
stratium/services/key-access/telemetry.go:136.9,138.3 1 1
stratium/services/key-access/telemetry.go:139.2,141.4 1 1
stratium/pkg/ztdf/client.go:64.59,65.19 1 0
stratium/pkg/ztdf/client.go:65.19,70.3 1 0
stratium/pkg/ztdf/client.go:72.2,72.32 1 0
stratium/pkg/ztdf/client.go:72.32,77.3 1 0
stratium/pkg/ztdf/client.go:79.2,79.33 1 0
stratium/pkg/ztdf/client.go:79.33,84.3 1 0
stratium/pkg/ztdf/client.go:86.2,87.31 2 0
stratium/pkg/ztdf/client.go:87.31,89.3 1 0
stratium/pkg/ztdf/client.go:90.2,90.79 1 0
stratium/pkg/ztdf/client.go:90.79,96.3 1 0
stratium/pkg/ztdf/client.go:98.2,99.16 2 0
stratium/pkg/ztdf/client.go:99.16,105.3 1 0
stratium/pkg/ztdf/client.go:108.2,109.16 2 0
stratium/pkg/ztdf/client.go:109.16,115.3 1 0
stratium/pkg/ztdf/client.go:117.2,118.16 2 0
stratium/pkg/ztdf/client.go:118.16,125.3 2 0
stratium/pkg/ztdf/client.go:128.2,129.16 2 0
stratium/pkg/ztdf/client.go:129.16,136.3 2 0
stratium/pkg/ztdf/client.go:138.2,143.29 4 0
stratium/pkg/ztdf/client.go:143.29,145.3 1 0
stratium/pkg/ztdf/client.go:147.2,148.27 2 0
stratium/pkg/ztdf/client.go:149.15,150.60 1 0
stratium/pkg/ztdf/client.go:151.17,159.5 1 0
stratium/pkg/ztdf/client.go:160.10,161.84 1 0
stratium/pkg/ztdf/client.go:163.2,163.16 1 0
stratium/pkg/ztdf/client.go:163.16,171.3 3 0
stratium/pkg/ztdf/client.go:174.2,175.16 2 0
stratium/pkg/ztdf/client.go:175.16,183.3 3 0
stratium/pkg/ztdf/client.go:185.2,194.8 1 0
stratium/pkg/ztdf/client.go:197.91,198.12 1 0
stratium/pkg/ztdf/client.go:198.12,200.17 2 0
stratium/pkg/ztdf/client.go:200.17,201.19 1 0
stratium/pkg/ztdf/client.go:201.19,203.5 1 0
stratium/pkg/ztdf/client.go:204.4,204.72 1 0
stratium/pkg/ztdf/client.go:206.3,206.75 1 0
stratium/pkg/ztdf/client.go:208.2,208.17 1 0
stratium/pkg/ztdf/client.go:208.17,210.3 1 0
stratium/pkg/ztdf/client.go:211.2,211.70 1 0
stratium/pkg/ztdf/client.go:215.56,217.54 1 0
stratium/pkg/ztdf/client.go:217.54,223.3 1 0
stratium/pkg/ztdf/client.go:226.2,227.16 2 0
stratium/pkg/ztdf/client.go:227.16,233.3 1 0
stratium/pkg/ztdf/client.go:236.2,236.83 1 0
stratium/pkg/ztdf/client.go:236.83,244.3 2 0
stratium/pkg/ztdf/client.go:246.2,247.12 2 0
stratium/pkg/ztdf/client.go:251.123,253.2 1 0
stratium/pkg/ztdf/client.go:255.129,256.17 1 0
stratium/pkg/ztdf/client.go:256.17,258.3 1 0
stratium/pkg/ztdf/client.go:260.2,260.49 1 0
stratium/pkg/ztdf/client.go:260.49,262.3 1 0
stratium/pkg/ztdf/client.go:264.2,265.16 2 0
stratium/pkg/ztdf/client.go:265.16,267.3 1 0
stratium/pkg/ztdf/client.go:269.2,270.16 2 0
stratium/pkg/ztdf/client.go:270.16,272.3 1 0
stratium/pkg/ztdf/client.go:274.2,276.16 3 0
stratium/pkg/ztdf/client.go:276.16,282.3 1 0
stratium/pkg/ztdf/client.go:283.2,287.16 4 0
stratium/pkg/ztdf/client.go:287.16,289.3 1 0
stratium/pkg/ztdf/client.go:291.2,300.17 3 0
stratium/pkg/ztdf/client.go:305.148,306.17 1 0
stratium/pkg/ztdf/client.go:306.17,308.3 1 0
stratium/pkg/ztdf/client.go:310.2,310.49 1 0
stratium/pkg/ztdf/client.go:310.49,312.3 1 0
stratium/pkg/ztdf/client.go:314.2,315.16 2 0
stratium/pkg/ztdf/client.go:315.16,317.3 1 0
stratium/pkg/ztdf/client.go:319.2,320.16 2 0
stratium/pkg/ztdf/client.go:320.16,322.3 1 0
stratium/pkg/ztdf/client.go:324.2,326.16 3 0
stratium/pkg/ztdf/client.go:326.16,332.3 1 0
stratium/pkg/ztdf/client.go:333.2,337.16 4 0
stratium/pkg/ztdf/client.go:337.16,339.3 1 0
stratium/pkg/ztdf/client.go:341.2,347.8 2 0
stratium/pkg/ztdf/client.go:351.145,353.16 2 0
stratium/pkg/ztdf/client.go:353.16,359.3 1 0
stratium/pkg/ztdf/client.go:360.2,370.16 6 0
stratium/pkg/ztdf/client.go:370.16,377.3 2 0
stratium/pkg/ztdf/client.go:379.2,380.16 2 0
stratium/pkg/ztdf/client.go:380.16,383.3 2 0
stratium/pkg/ztdf/client.go:385.2,388.16 2 0
stratium/pkg/ztdf/client.go:388.16,395.3 2 0
stratium/pkg/ztdf/client.go:397.2,402.16 3 0
stratium/pkg/ztdf/client.go:402.16,409.3 2 0
stratium/pkg/ztdf/client.go:410.2,410.62 1 0
stratium/pkg/ztdf/client.go:410.62,417.3 2 0
stratium/pkg/ztdf/client.go:419.2,419.42 1 0
stratium/pkg/ztdf/client.go:419.42,425.3 1 0
stratium/pkg/ztdf/client.go:427.2,427.47 1 0
stratium/pkg/ztdf/client.go:427.47,433.3 1 0
stratium/pkg/ztdf/client.go:435.2,435.26 1 0
stratium/pkg/ztdf/client.go:439.121,440.17 1 0
stratium/pkg/ztdf/client.go:440.17,445.3 1 0
stratium/pkg/ztdf/client.go:448.2,448.49 1 0
stratium/pkg/ztdf/client.go:448.49,450.3 1 0
stratium/pkg/ztdf/client.go:453.2,453.70 1 0
stratium/pkg/ztdf/client.go:453.70,458.3 1 0
stratium/pkg/ztdf/client.go:460.2,461.33 2 0
stratium/pkg/ztdf/client.go:461.33,466.3 1 0
stratium/pkg/ztdf/client.go:468.2,472.16 3 0
stratium/pkg/ztdf/client.go:472.16,478.3 1 0
stratium/pkg/ztdf/client.go:481.2,482.16 2 0
stratium/pkg/ztdf/client.go:482.16,484.3 1 0
stratium/pkg/ztdf/client.go:487.2,488.16 2 0
stratium/pkg/ztdf/client.go:488.16,494.3 1 0
stratium/pkg/ztdf/client.go:497.2,497.51 1 0
stratium/pkg/ztdf/client.go:497.51,498.90 1 0
stratium/pkg/ztdf/client.go:498.90,500.4 1 0
stratium/pkg/ztdf/client.go:504.2,504.24 1 0
stratium/pkg/ztdf/client.go:504.24,509.3 1 0
stratium/pkg/ztdf/client.go:511.2,511.66 1 0
stratium/pkg/ztdf/client.go:511.66,516.3 1 0
stratium/pkg/ztdf/client.go:518.2,518.53 1 0
stratium/pkg/ztdf/client.go:518.53,523.3 1 0
stratium/pkg/ztdf/client.go:525.2,527.16 3 0
stratium/pkg/ztdf/client.go:527.16,533.3 1 0
stratium/pkg/ztdf/client.go:535.2,536.79 2 0
stratium/pkg/ztdf/client.go:536.79,538.17 2 0
stratium/pkg/ztdf/client.go:538.17,544.4 1 0
stratium/pkg/ztdf/client.go:547.2,548.16 2 0
stratium/pkg/ztdf/client.go:548.16,550.3 1 0
stratium/pkg/ztdf/client.go:554.2,554.23 1 0
stratium/pkg/ztdf/client.go:558.110,560.16 2 0
stratium/pkg/ztdf/client.go:560.16,566.3 1 0
stratium/pkg/ztdf/client.go:567.2,570.12 3 0
stratium/pkg/ztdf/client.go:574.114,576.16 2 0
stratium/pkg/ztdf/client.go:576.16,578.3 1 0
stratium/pkg/ztdf/client.go:580.2,581.16 2 0
stratium/pkg/ztdf/client.go:581.16,583.3 1 0
stratium/pkg/ztdf/client.go:585.2,585.66 1 0
stratium/pkg/ztdf/client.go:585.66,591.3 1 0
stratium/pkg/ztdf/client.go:593.2,593.12 1 0
stratium/pkg/ztdf/client.go:597.32,599.22 2 0
stratium/pkg/ztdf/client.go:599.22,600.53 1 0
stratium/pkg/ztdf/client.go:600.53,602.4 1 0
stratium/pkg/ztdf/client.go:604.2,604.21 1 0
stratium/pkg/ztdf/client.go:604.21,605.66 1 0
stratium/pkg/ztdf/client.go:605.66,607.4 1 0
stratium/pkg/ztdf/client.go:609.2,609.12 1 0
stratium/pkg/ztdf/client.go:613.63,615.64 2 0
stratium/pkg/ztdf/client.go:615.64,617.3 1 0
stratium/pkg/ztdf/client.go:618.2,618.26 1 0
stratium/pkg/ztdf/client.go:622.115,625.38 2 0
stratium/pkg/ztdf/client.go:625.38,627.3 1 0
stratium/pkg/ztdf/client.go:629.2,630.16 2 0
stratium/pkg/ztdf/client.go:630.16,636.3 1 0
stratium/pkg/ztdf/client.go:639.2,642.26 3 0
stratium/pkg/ztdf/client.go:642.26,645.17 3 0
stratium/pkg/ztdf/client.go:645.17,647.4 1 0
stratium/pkg/ztdf/client.go:650.2,651.23 2 0
stratium/pkg/ztdf/client.go:651.23,656.3 1 0
stratium/pkg/ztdf/client.go:659.2,666.16 2 0
stratium/pkg/ztdf/client.go:666.16,672.3 1 0
stratium/pkg/ztdf/client.go:674.2,674.25 1 0
stratium/pkg/ztdf/client.go:674.25,679.3 1 0
stratium/pkg/ztdf/client.go:681.2,681.41 1 0
stratium/pkg/ztdf/client.go:685.130,688.38 2 0
stratium/pkg/ztdf/client.go:688.38,690.3 1 0
stratium/pkg/ztdf/client.go:692.2,693.16 2 0
stratium/pkg/ztdf/client.go:693.16,699.3 1 0
stratium/pkg/ztdf/client.go:702.2,705.42 3 0
stratium/pkg/ztdf/client.go:705.42,710.3 1 0
stratium/pkg/ztdf/client.go:713.2,721.16 2 0
stratium/pkg/ztdf/client.go:721.16,727.3 1 0
stratium/pkg/ztdf/client.go:729.2,729.25 1 0
stratium/pkg/ztdf/client.go:729.25,734.3 1 0
stratium/pkg/ztdf/client.go:737.2,737.32 1 0
stratium/pkg/ztdf/client.go:741.76,742.24 1 0
stratium/pkg/ztdf/client.go:742.24,744.3 1 0
stratium/pkg/ztdf/client.go:747.2,748.26 2 0
stratium/pkg/ztdf/client.go:748.26,756.3 1 0
stratium/pkg/ztdf/client.go:758.2,759.34 2 0
stratium/pkg/ztdf/client.go:759.34,766.3 1 0
stratium/pkg/ztdf/client.go:768.2,774.3 1 0
stratium/pkg/ztdf/client.go:778.152,783.33 4 0
stratium/pkg/ztdf/client.go:783.33,786.3 2 0
stratium/pkg/ztdf/client.go:788.2,852.3 2 0
stratium/pkg/ztdf/client.go:856.73,858.16 2 0
stratium/pkg/ztdf/client.go:858.16,864.3 1 0
stratium/pkg/ztdf/client.go:865.2,868.59 3 0
stratium/pkg/ztdf/client.go:868.59,870.3 1 0
stratium/pkg/ztdf/client.go:872.2,872.47 1 0
stratium/pkg/ztdf/client.go:872.47,878.3 1 0
stratium/pkg/ztdf/client.go:880.2,880.12 1 0
stratium/pkg/ztdf/client.go:884.70,890.16 3 0
stratium/pkg/ztdf/client.go:890.16,897.3 2 0
stratium/pkg/ztdf/client.go:899.2,904.16 3 0
stratium/pkg/ztdf/client.go:904.16,911.3 2 0
stratium/pkg/ztdf/client.go:912.2,912.62 1 0
stratium/pkg/ztdf/client.go:912.62,919.3 2 0
stratium/pkg/ztdf/client.go:921.2,927.16 3 0
stratium/pkg/ztdf/client.go:927.16,934.3 2 0
stratium/pkg/ztdf/client.go:935.2,935.65 1 0
stratium/pkg/ztdf/client.go:935.65,942.3 2 0
stratium/pkg/ztdf/client.go:944.2,944.42 1 0
stratium/pkg/ztdf/client.go:944.42,950.3 1 0
stratium/pkg/ztdf/client.go:952.2,952.12 1 0
stratium/pkg/ztdf/client.go:956.70,958.16 2 0
stratium/pkg/ztdf/client.go:958.16,964.3 1 0
stratium/pkg/ztdf/client.go:965.2,969.35 3 0
stratium/pkg/ztdf/client.go:969.35,970.35 1 0
stratium/pkg/ztdf/client.go:970.35,972.18 2 0
stratium/pkg/ztdf/client.go:972.18,978.5 1 0
stratium/pkg/ztdf/client.go:979.4,981.18 3 0
stratium/pkg/ztdf/client.go:981.18,987.5 1 0
stratium/pkg/ztdf/client.go:989.4,990.70 2 0
stratium/pkg/ztdf/client.go:990.70,996.5 1 0
stratium/pkg/ztdf/client.go:997.4,997.27 1 0
stratium/pkg/ztdf/client.go:998.9,998.38 1 0
stratium/pkg/ztdf/client.go:998.38,1000.18 2 0
stratium/pkg/ztdf/client.go:1000.18,1006.5 1 0
stratium/pkg/ztdf/client.go:1007.4,1009.18 3 0
stratium/pkg/ztdf/client.go:1009.18,1015.5 1 0
stratium/pkg/ztdf/client.go:1016.4,1016.52 1 0
stratium/pkg/ztdf/client.go:1020.2,1020.47 1 0
stratium/pkg/ztdf/client.go:1020.47,1025.3 1 0
stratium/pkg/ztdf/client.go:1027.2,1027.17 1 0
stratium/pkg/ztdf/crypto.go:34.36,36.42 2 1
stratium/pkg/ztdf/crypto.go:36.42,42.3 1 0
stratium/pkg/ztdf/crypto.go:43.2,43.17 1 1
stratium/pkg/ztdf/crypto.go:48.79,50.16 2 1
stratium/pkg/ztdf/crypto.go:50.16,52.3 1 1
stratium/pkg/ztdf/crypto.go:53.2,53.49 1 1
stratium/pkg/ztdf/crypto.go:56.93,59.16 3 1
stratium/pkg/ztdf/crypto.go:59.16,61.3 1 1
stratium/pkg/ztdf/crypto.go:62.2,63.20 2 1
stratium/pkg/ztdf/crypto.go:66.111,68.16 2 1
stratium/pkg/ztdf/crypto.go:68.16,74.3 1 1
stratium/pkg/ztdf/crypto.go:76.2,77.16 2 1
stratium/pkg/ztdf/crypto.go:77.16,83.3 1 0
stratium/pkg/ztdf/crypto.go:85.2,86.44 2 1
stratium/pkg/ztdf/crypto.go:86.44,92.3 1 0
stratium/pkg/ztdf/crypto.go:94.2,102.6 5 1
stratium/pkg/ztdf/crypto.go:102.6,104.12 2 1
stratium/pkg/ztdf/crypto.go:104.12,107.55 3 1
stratium/pkg/ztdf/crypto.go:107.55,113.5 1 0
stratium/pkg/ztdf/crypto.go:114.4,124.16 6 1
stratium/pkg/ztdf/crypto.go:127.3,127.24 1 1
stratium/pkg/ztdf/crypto.go:127.24,128.9 1 1
stratium/pkg/ztdf/crypto.go:130.3,130.21 1 1
stratium/pkg/ztdf/crypto.go:130.21,136.4 1 0
stratium/pkg/ztdf/crypto.go:139.2,139.31 1 1
stratium/pkg/ztdf/crypto.go:139.31,142.54 3 1
stratium/pkg/ztdf/crypto.go:142.54,148.4 1 0
stratium/pkg/ztdf/crypto.go:149.3,157.15 5 1
stratium/pkg/ztdf/crypto.go:160.2,161.20 2 1
stratium/pkg/ztdf/crypto.go:165.65,173.2 3 1
stratium/pkg/ztdf/crypto.go:175.173,177.16 2 1
stratium/pkg/ztdf/crypto.go:177.16,183.3 1 0
stratium/pkg/ztdf/crypto.go:185.2,186.16 2 1
stratium/pkg/ztdf/crypto.go:186.16,192.3 1 0
stratium/pkg/ztdf/crypto.go:194.2,194.24 1 1
stratium/pkg/ztdf/crypto.go:194.24,199.3 1 0
stratium/pkg/ztdf/crypto.go:201.2,205.37 4 1
stratium/pkg/ztdf/crypto.go:205.37,207.21 2 1
stratium/pkg/ztdf/crypto.go:207.21,212.4 1 0
stratium/pkg/ztdf/crypto.go:214.3,215.61 2 1
stratium/pkg/ztdf/crypto.go:215.61,221.4 1 0
stratium/pkg/ztdf/crypto.go:223.3,224.17 2 1
stratium/pkg/ztdf/crypto.go:224.17,230.4 1 0
stratium/pkg/ztdf/crypto.go:231.3,232.57 2 1
stratium/pkg/ztdf/crypto.go:232.57,237.4 1 0
stratium/pkg/ztdf/crypto.go:239.3,241.17 3 1
stratium/pkg/ztdf/crypto.go:241.17,247.4 1 1
stratium/pkg/ztdf/crypto.go:249.3,250.34 2 1
stratium/pkg/ztdf/crypto.go:253.2,253.23 1 1
stratium/pkg/ztdf/crypto.go:253.23,258.3 1 0
stratium/pkg/ztdf/crypto.go:260.2,260.31 1 1
stratium/pkg/ztdf/crypto.go:260.31,262.44 2 0
stratium/pkg/ztdf/crypto.go:262.44,267.4 1 0
stratium/pkg/ztdf/crypto.go:270.2,270.31 1 1
stratium/pkg/ztdf/crypto.go:274.84,276.16 2 1
stratium/pkg/ztdf/crypto.go:276.16,282.3 1 0
stratium/pkg/ztdf/crypto.go:283.2,283.26 1 1
stratium/pkg/ztdf/crypto.go:287.96,289.16 2 1
stratium/pkg/ztdf/crypto.go:289.16,295.3 1 1
stratium/pkg/ztdf/crypto.go:296.2,296.17 1 1
stratium/pkg/ztdf/crypto.go:300.84,301.25 1 1
stratium/pkg/ztdf/crypto.go:301.25,306.3 1 0
stratium/pkg/ztdf/crypto.go:308.2,309.21 2 1
stratium/pkg/ztdf/crypto.go:309.21,314.3 1 1
stratium/pkg/ztdf/crypto.go:316.2,320.29 5 1
stratium/pkg/ztdf/crypto.go:320.29,322.3 1 1
stratium/pkg/ztdf/crypto.go:323.2,327.30 4 1
stratium/pkg/ztdf/crypto.go:327.30,332.3 1 0
stratium/pkg/ztdf/crypto.go:334.2,335.38 2 1
stratium/pkg/ztdf/crypto.go:335.38,337.3 1 0
stratium/pkg/ztdf/crypto.go:337.8,339.3 1 1
stratium/pkg/ztdf/crypto.go:341.2,342.18 2 1
stratium/pkg/ztdf/crypto.go:342.18,346.3 3 0
stratium/pkg/ztdf/crypto.go:347.2,347.17 1 1
stratium/pkg/ztdf/crypto.go:352.69,356.2 3 1
stratium/pkg/ztdf/crypto.go:359.86,361.36 2 1
stratium/pkg/ztdf/crypto.go:361.36,366.3 1 1
stratium/pkg/ztdf/crypto.go:367.2,367.12 1 1
stratium/pkg/ztdf/crypto.go:371.50,374.2 2 1
stratium/pkg/ztdf/crypto.go:377.67,379.43 2 1
stratium/pkg/ztdf/crypto.go:379.43,384.3 1 1
stratium/pkg/ztdf/crypto.go:385.2,385.12 1 1
stratium/pkg/ztdf/crypto.go:388.59,391.36 3 1
stratium/pkg/ztdf/crypto.go:391.36,393.3 1 1
stratium/pkg/ztdf/crypto.go:394.2,396.14 3 1
stratium/pkg/ztdf/fips.go:7.31,9.2 1 1
stratium/pkg/ztdf/keymanager.go:34.73,35.24 1 1
stratium/pkg/ztdf/keymanager.go:35.24,38.17 2 1
stratium/pkg/ztdf/keymanager.go:38.17,40.4 1 0
stratium/pkg/ztdf/keymanager.go:41.3,41.61 1 1
stratium/pkg/ztdf/keymanager.go:44.2,46.8 1 1
stratium/pkg/ztdf/keymanager.go:50.51,54.51 2 1
stratium/pkg/ztdf/keymanager.go:54.51,58.3 2 1
stratium/pkg/ztdf/keymanager.go:61.2,62.32 2 1
stratium/pkg/ztdf/keymanager.go:66.52,70.16 3 1
stratium/pkg/ztdf/keymanager.go:70.16,76.3 1 0
stratium/pkg/ztdf/keymanager.go:78.2,79.18 2 1
stratium/pkg/ztdf/keymanager.go:79.18,84.3 1 0
stratium/pkg/ztdf/keymanager.go:86.2,87.16 2 1
stratium/pkg/ztdf/keymanager.go:87.16,93.3 1 0
stratium/pkg/ztdf/keymanager.go:95.2,101.16 5 1
stratium/pkg/ztdf/keymanager.go:101.16,111.3 2 0
stratium/pkg/ztdf/keymanager.go:113.2,114.16 2 1
stratium/pkg/ztdf/keymanager.go:114.16,120.3 1 0
stratium/pkg/ztdf/keymanager.go:122.2,126.12 4 1
stratium/pkg/ztdf/keymanager.go:130.55,132.59 1 1
stratium/pkg/ztdf/keymanager.go:132.59,138.3 1 0
stratium/pkg/ztdf/keymanager.go:141.2,142.16 2 1
stratium/pkg/ztdf/keymanager.go:142.16,148.3 1 0
stratium/pkg/ztdf/keymanager.go:150.2,169.74 7 1
stratium/pkg/ztdf/keymanager.go:169.74,175.3 1 0
stratium/pkg/ztdf/keymanager.go:178.2,180.16 3 1
stratium/pkg/ztdf/keymanager.go:180.16,186.3 1 0
stratium/pkg/ztdf/keymanager.go:187.2,191.72 2 1
stratium/pkg/ztdf/keymanager.go:191.72,197.3 1 0
stratium/pkg/ztdf/keymanager.go:200.2,200.42 1 1
stratium/pkg/ztdf/keymanager.go:200.42,202.3 1 0
stratium/pkg/ztdf/keymanager.go:204.2,205.12 2 1
stratium/pkg/ztdf/keymanager.go:218.66,220.56 2 1
stratium/pkg/ztdf/keymanager.go:220.56,222.3 1 1
stratium/pkg/ztdf/keymanager.go:224.2,225.54 2 1
stratium/pkg/ztdf/keymanager.go:225.54,227.3 1 1
stratium/pkg/ztdf/keymanager.go:229.2,230.16 2 0
stratium/pkg/ztdf/keymanager.go:230.16,232.3 1 0
stratium/pkg/ztdf/keymanager.go:234.2,243.32 2 0
stratium/pkg/ztdf/keymanager.go:243.32,245.3 1 0
stratium/pkg/ztdf/keymanager.go:247.2,247.20 1 0
stratium/pkg/ztdf/keymanager.go:250.71,251.19 1 1
stratium/pkg/ztdf/keymanager.go:251.19,253.3 1 1
stratium/pkg/ztdf/keymanager.go:255.2,256.54 2 1
stratium/pkg/ztdf/keymanager.go:256.54,258.3 1 1
stratium/pkg/ztdf/keymanager.go:260.2,261.50 2 1
stratium/pkg/ztdf/keymanager.go:261.50,263.16 2 1
stratium/pkg/ztdf/keymanager.go:263.16,265.4 1 0
stratium/pkg/ztdf/keymanager.go:267.3,267.53 1 1
stratium/pkg/ztdf/keymanager.go:267.53,269.4 1 1
stratium/pkg/ztdf/keymanager.go:271.3,271.51 1 1
stratium/pkg/ztdf/keymanager.go:271.51,273.4 1 0
stratium/pkg/ztdf/keymanager.go:275.3,275.51 1 1
stratium/pkg/ztdf/keymanager.go:278.2,278.53 1 0
stratium/pkg/ztdf/keymanager.go:282.49,285.16 3 1
stratium/pkg/ztdf/keymanager.go:285.16,291.3 1 0
stratium/pkg/ztdf/keymanager.go:293.2,293.71 1 1
stratium/pkg/ztdf/keymanager.go:293.71,299.3 1 0
stratium/pkg/ztdf/keymanager.go:301.2,301.12 1 1
stratium/pkg/ztdf/keymanager.go:305.67,306.25 1 1
stratium/pkg/ztdf/keymanager.go:306.25,311.3 1 1
stratium/pkg/ztdf/keymanager.go:312.2,312.26 1 1
stratium/pkg/ztdf/keymanager.go:316.69,317.26 1 1
stratium/pkg/ztdf/keymanager.go:317.26,322.3 1 1
stratium/pkg/ztdf/keymanager.go:323.2,323.27 1 1
stratium/pkg/ztdf/keymanager.go:327.125,328.25 1 0
stratium/pkg/ztdf/keymanager.go:328.25,333.3 1 0
stratium/pkg/ztdf/keymanager.go:336.2,337.16 2 0
stratium/pkg/ztdf/keymanager.go:337.16,343.3 1 0
stratium/pkg/ztdf/keymanager.go:344.2,362.16 4 0
stratium/pkg/ztdf/keymanager.go:362.16,368.3 1 0
stratium/pkg/ztdf/keymanager.go:370.2,370.19 1 0
stratium/pkg/ztdf/keymanager.go:370.19,375.3 1 0
stratium/pkg/ztdf/keymanager.go:378.2,382.42 5 0
stratium/pkg/ztdf/keymanager.go:382.42,384.3 1 0
stratium/pkg/ztdf/keymanager.go:386.2,387.12 2 0
stratium/pkg/ztdf/keymanager.go:391.76,392.26 1 1
stratium/pkg/ztdf/keymanager.go:392.26,397.3 1 1
stratium/pkg/ztdf/keymanager.go:399.2,400.16 2 0
stratium/pkg/ztdf/keymanager.go:400.16,402.3 1 0
stratium/pkg/ztdf/keymanager.go:404.2,404.17 1 0
stratium/pkg/ztdf/keymanager.go:408.64,409.26 1 1
stratium/pkg/ztdf/keymanager.go:409.26,414.3 1 1
stratium/pkg/ztdf/keymanager.go:415.2,416.16 2 0
stratium/pkg/ztdf/keymanager.go:416.16,418.3 1 0
stratium/pkg/ztdf/keymanager.go:420.2,421.33 2 0
stratium/pkg/ztdf/keymanager.go:421.33,426.3 1 0
stratium/pkg/ztdf/keymanager.go:428.2,428.21 1 0
stratium/pkg/ztdf/keymanager.go:432.46,434.2 1 1
stratium/pkg/ztdf/keymanager.go:437.62,439.2 1 1
stratium/pkg/ztdf/keymanager.go:442.114,444.24 1 0
stratium/pkg/ztdf/keymanager.go:444.24,446.43 2 0
stratium/pkg/ztdf/keymanager.go:446.43,448.4 1 0
stratium/pkg/ztdf/keymanager.go:452.2,452.48 1 0
stratium/pkg/ztdf/keymanager.go:452.48,458.3 1 0
stratium/pkg/ztdf/keymanager.go:461.2,461.71 1 0
stratium/pkg/ztdf/keymanager.go:461.71,467.3 1 0
stratium/pkg/ztdf/keymanager.go:469.2,470.12 2 0
stratium/pkg/ztdf/yubikey_keymanager.go:64.110,65.24 1 1
stratium/pkg/ztdf/yubikey_keymanager.go:65.24,67.17 2 0
stratium/pkg/ztdf/yubikey_keymanager.go:67.17,69.4 1 0
stratium/pkg/ztdf/yubikey_keymanager.go:70.3,70.68 1 0
stratium/pkg/ztdf/yubikey_keymanager.go:73.2,79.20 7 1
stratium/pkg/ztdf/yubikey_keymanager.go:79.20,80.44 1 1
stratium/pkg/ztdf/yubikey_keymanager.go:80.44,82.4 1 1
stratium/pkg/ztdf/yubikey_keymanager.go:83.3,83.43 1 1
stratium/pkg/ztdf/yubikey_keymanager.go:83.43,85.4 1 1
stratium/pkg/ztdf/yubikey_keymanager.go:86.3,89.36 4 1
stratium/pkg/ztdf/yubikey_keymanager.go:92.2,101.8 1 1
stratium/pkg/ztdf/yubikey_keymanager.go:106.53,107.55 1 1
stratium/pkg/ztdf/yubikey_keymanager.go:107.55,109.3 1 0
stratium/pkg/ztdf/yubikey_keymanager.go:111.2,112.16 2 1
stratium/pkg/ztdf/yubikey_keymanager.go:112.16,118.3 1 0
stratium/pkg/ztdf/yubikey_keymanager.go:120.2,121.9 2 1
stratium/pkg/ztdf/yubikey_keymanager.go:121.9,126.3 1 0
stratium/pkg/ztdf/yubikey_keymanager.go:127.2,131.16 4 1
stratium/pkg/ztdf/yubikey_keymanager.go:131.16,133.22 2 0
stratium/pkg/ztdf/yubikey_keymanager.go:133.22,139.4 1 0
stratium/pkg/ztdf/yubikey_keymanager.go:140.3,142.13 3 0
stratium/pkg/ztdf/yubikey_keymanager.go:145.2,145.25 1 1
stratium/pkg/ztdf/yubikey_keymanager.go:145.25,151.3 1 0
stratium/pkg/ztdf/yubikey_keymanager.go:153.2,154.16 2 1
stratium/pkg/ztdf/yubikey_keymanager.go:154.16,156.3 1 0
stratium/pkg/ztdf/yubikey_keymanager.go:158.2,168.42 3 1
stratium/pkg/ztdf/yubikey_keymanager.go:168.42,170.3 1 0
stratium/pkg/ztdf/yubikey_keymanager.go:172.2,173.12 2 1
stratium/pkg/ztdf/yubikey_keymanager.go:176.64,177.37 1 1
stratium/pkg/ztdf/yubikey_keymanager.go:177.37,182.3 1 0
stratium/pkg/ztdf/yubikey_keymanager.go:184.2,191.26 2 1
stratium/pkg/ztdf/yubikey_keymanager.go:191.26,193.3 1 0
stratium/pkg/ztdf/yubikey_keymanager.go:194.2,194.24 1 1
stratium/pkg/ztdf/yubikey_keymanager.go:194.24,196.3 1 0
stratium/pkg/ztdf/yubikey_keymanager.go:198.2,198.54 1 1
stratium/pkg/ztdf/yubikey_keymanager.go:198.54,204.3 1 0
stratium/pkg/ztdf/yubikey_keymanager.go:205.2,205.59 1 1
stratium/pkg/ztdf/yubikey_keymanager.go:205.59,211.3 1 0
stratium/pkg/ztdf/yubikey_keymanager.go:212.2,212.12 1 1
stratium/pkg/ztdf/yubikey_keymanager.go:216.69,217.25 1 0
stratium/pkg/ztdf/yubikey_keymanager.go:217.25,222.3 1 0
stratium/pkg/ztdf/yubikey_keymanager.go:223.2,223.26 1 0
stratium/pkg/ztdf/yubikey_keymanager.go:227.71,232.2 1 0
stratium/pkg/ztdf/yubikey_keymanager.go:235.127,236.25 1 0
stratium/pkg/ztdf/yubikey_keymanager.go:236.25,241.3 1 0
stratium/pkg/ztdf/yubikey_keymanager.go:243.2,244.16 2 0
stratium/pkg/ztdf/yubikey_keymanager.go:244.16,246.3 1 0
stratium/pkg/ztdf/yubikey_keymanager.go:248.2,249.16 2 0
stratium/pkg/ztdf/yubikey_keymanager.go:249.16,255.3 1 0
stratium/pkg/ztdf/yubikey_keymanager.go:256.2,274.16 4 0
stratium/pkg/ztdf/yubikey_keymanager.go:274.16,280.3 1 0
stratium/pkg/ztdf/yubikey_keymanager.go:281.2,281.19 1 0
stratium/pkg/ztdf/yubikey_keymanager.go:281.19,286.3 1 0
stratium/pkg/ztdf/yubikey_keymanager.go:288.2,288.24 1 0
stratium/pkg/ztdf/yubikey_keymanager.go:288.24,296.3 1 0
stratium/pkg/ztdf/yubikey_keymanager.go:297.2,302.42 5 0
stratium/pkg/ztdf/yubikey_keymanager.go:302.42,304.3 1 0
stratium/pkg/ztdf/yubikey_keymanager.go:306.2,306.12 1 0
stratium/pkg/ztdf/yubikey_keymanager.go:310.78,311.76 1 1
stratium/pkg/ztdf/yubikey_keymanager.go:311.76,313.3 1 0
stratium/pkg/ztdf/yubikey_keymanager.go:313.8,313.15 1 1
stratium/pkg/ztdf/yubikey_keymanager.go:313.15,314.22 1 1
stratium/pkg/ztdf/yubikey_keymanager.go:314.22,315.57 1 1
stratium/pkg/ztdf/yubikey_keymanager.go:315.57,317.5 1 0
stratium/pkg/ztdf/yubikey_keymanager.go:319.4,319.62 1 1
stratium/pkg/ztdf/yubikey_keymanager.go:319.62,325.5 1 0
stratium/pkg/ztdf/yubikey_keymanager.go:327.3,327.18 1 1
stratium/pkg/ztdf/yubikey_keymanager.go:330.2,330.55 1 1
stratium/pkg/ztdf/yubikey_keymanager.go:330.55,332.3 1 0
stratium/pkg/ztdf/yubikey_keymanager.go:334.2,335.16 2 1
stratium/pkg/ztdf/yubikey_keymanager.go:335.16,341.3 1 0
stratium/pkg/ztdf/yubikey_keymanager.go:342.2,342.23 1 1
stratium/pkg/ztdf/yubikey_keymanager.go:348.66,349.20 1 1
stratium/pkg/ztdf/yubikey_keymanager.go:349.20,353.3 3 1
stratium/pkg/ztdf/yubikey_keymanager.go:355.2,355.55 1 1
stratium/pkg/ztdf/yubikey_keymanager.go:355.55,357.3 1 0
stratium/pkg/ztdf/yubikey_keymanager.go:359.2,360.16 2 1
stratium/pkg/ztdf/yubikey_keymanager.go:360.16,366.3 1 0
stratium/pkg/ztdf/yubikey_keymanager.go:368.2,375.16 3 1
stratium/pkg/ztdf/yubikey_keymanager.go:375.16,381.3 1 0
stratium/pkg/ztdf/yubikey_keymanager.go:383.2,383.21 1 1
stratium/pkg/ztdf/yubikey_keymanager.go:387.48,389.2 1 1
stratium/pkg/ztdf/yubikey_keymanager.go:392.64,394.2 1 1
stratium/pkg/ztdf/yubikey_keymanager.go:397.116,398.44 1 0
stratium/pkg/ztdf/yubikey_keymanager.go:398.44,400.3 1 0
stratium/pkg/ztdf/yubikey_keymanager.go:401.2,401.55 1 0
stratium/pkg/ztdf/yubikey_keymanager.go:404.51,405.59 1 1
stratium/pkg/ztdf/yubikey_keymanager.go:405.59,411.3 1 0
stratium/pkg/ztdf/yubikey_keymanager.go:413.2,415.16 3 1
stratium/pkg/ztdf/yubikey_keymanager.go:415.16,421.3 1 0
stratium/pkg/ztdf/yubikey_keymanager.go:423.2,423.71 1 1
stratium/pkg/ztdf/yubikey_keymanager.go:423.71,429.3 1 0
stratium/pkg/ztdf/yubikey_keymanager.go:430.2,430.12 1 1
stratium/pkg/ztdf/yubikey_keymanager.go:433.78,434.24 1 1
stratium/pkg/ztdf/yubikey_keymanager.go:435.12,436.51 1 1
stratium/pkg/ztdf/yubikey_keymanager.go:437.12,438.51 1 0
stratium/pkg/ztdf/yubikey_keymanager.go:439.12,440.51 1 0
stratium/pkg/ztdf/yubikey_keymanager.go:441.10,445.4 1 0
stratium/pkg/ztdf/yubikey_keymanager.go:449.70,451.56 2 1
stratium/pkg/ztdf/yubikey_keymanager.go:451.56,453.3 1 1
stratium/pkg/ztdf/yubikey_keymanager.go:454.2,454.56 1 1
stratium/pkg/ztdf/yubikey_keymanager.go:454.56,456.3 1 0
stratium/pkg/ztdf/yubikey_keymanager.go:457.2,458.16 2 1
stratium/pkg/ztdf/yubikey_keymanager.go:458.16,464.3 1 0
stratium/pkg/ztdf/yubikey_keymanager.go:465.2,465.23 1 1
stratium/services/key-manager/admin_key.go:31.69,35.2 1 1
stratium/services/key-manager/admin_key.go:38.84,40.16 2 1
stratium/services/key-manager/admin_key.go:40.16,42.3 1 1
stratium/services/key-manager/admin_key.go:44.2,44.20 1 1
stratium/services/key-manager/admin_key.go:44.20,46.3 1 1
stratium/services/key-manager/admin_key.go:48.2,48.17 1 1
stratium/services/key-manager/admin_key.go:53.98,55.2 1 1
stratium/services/key-manager/admin_key.go:67.69,68.22 1 1
stratium/services/key-manager/admin_key.go:68.22,70.3 1 1
stratium/services/key-manager/admin_key.go:71.2,71.53 1 1
stratium/services/key-manager/admin_key.go:74.80,76.19 2 1
stratium/services/key-manager/admin_key.go:76.19,78.3 1 1
stratium/services/key-manager/admin_key.go:81.2,82.16 2 1
stratium/services/key-manager/admin_key.go:82.16,84.3 1 1
stratium/services/key-manager/admin_key.go:86.2,86.20 1 1
stratium/services/key-manager/admin_key.go:86.20,88.3 1 1
stratium/services/key-manager/admin_key.go:90.2,90.17 1 1
stratium/services/key-manager/admin_key.go:93.83,100.2 6 1
stratium/services/key-manager/admin_key.go:102.56,104.2 1 1
stratium/services/key-manager/admin_key.go:112.69,113.20 1 1
stratium/services/key-manager/admin_key.go:113.20,115.3 1 1
stratium/services/key-manager/admin_key.go:116.2,116.50 1 1
stratium/services/key-manager/admin_key.go:119.81,121.16 2 1
stratium/services/key-manager/admin_key.go:121.16,123.3 1 1
stratium/services/key-manager/admin_key.go:126.2,128.16 3 1
stratium/services/key-manager/admin_key.go:128.16,130.3 1 1
stratium/services/key-manager/admin_key.go:132.2,132.20 1 1
stratium/services/key-manager/admin_key.go:132.20,134.3 1 1
stratium/services/key-manager/admin_key.go:136.2,136.17 1 1
stratium/services/key-manager/admin_key.go:139.84,144.47 3 1
stratium/services/key-manager/admin_key.go:144.47,146.3 1 0
stratium/services/key-manager/admin_key.go:149.2,149.66 1 1
stratium/services/key-manager/admin_key.go:149.66,150.50 1 1
stratium/services/key-manager/admin_key.go:150.50,152.4 1 0
stratium/services/key-manager/admin_key.go:156.2,156.72 1 1
stratium/services/key-manager/admin_key.go:156.72,158.3 1 0
stratium/services/key-manager/admin_key.go:160.2,166.12 6 1
stratium/services/key-manager/admin_key.go:169.57,171.2 1 1
stratium/services/key-manager/admin_key.go:179.93,181.2 1 1
stratium/services/key-manager/admin_key.go:183.86,185.39 2 1
stratium/services/key-manager/admin_key.go:185.39,187.35 2 1
stratium/services/key-manager/admin_key.go:187.35,189.4 1 1
stratium/services/key-manager/admin_key.go:190.3,190.16 1 1
stratium/services/key-manager/admin_key.go:193.2,193.20 1 1
stratium/services/key-manager/admin_key.go:193.20,195.3 1 1
stratium/services/key-manager/admin_key.go:196.2,196.59 1 0
stratium/services/key-manager/admin_key.go:199.89,201.26 1 1
stratium/services/key-manager/admin_key.go:201.26,203.3 1 1
stratium/services/key-manager/admin_key.go:204.2,204.45 1 1
stratium/services/key-manager/admin_key.go:207.62,209.39 2 1
stratium/services/key-manager/admin_key.go:209.39,211.3 1 1
stratium/services/key-manager/admin_key.go:212.2,212.54 1 1
stratium/services/key-manager/admin_key.go:216.84,217.39 1 1
stratium/services/key-manager/admin_key.go:218.13,219.45 1 1
stratium/services/key-manager/admin_key.go:220.14,221.46 1 1
stratium/services/key-manager/admin_key.go:222.19,227.9 1 1
stratium/services/key-manager/admin_key.go:228.10,229.82 1 1
stratium/services/key-manager/cache.go:23.70,24.14 1 1
stratium/services/key-manager/cache.go:24.14,26.3 1 1
stratium/services/key-manager/cache.go:27.2,31.3 1 1
stratium/services/key-manager/cache.go:34.49,36.27 2 1
stratium/services/key-manager/cache.go:36.27,38.3 1 1
stratium/services/key-manager/cache.go:40.2,43.9 4 1
stratium/services/key-manager/cache.go:43.9,46.3 2 1
stratium/services/key-manager/cache.go:48.2,48.39 1 1
stratium/services/key-manager/cache.go:48.39,54.3 5 1
stratium/services/key-manager/cache.go:56.2,57.26 2 1
stratium/services/key-manager/cache.go:60.48,61.27 1 1
stratium/services/key-manager/cache.go:61.27,63.3 1 1
stratium/services/key-manager/cache.go:65.2,70.15 3 1
stratium/services/key-manager/cache.go:73.42,74.27 1 1
stratium/services/key-manager/cache.go:74.27,76.3 1 1
stratium/services/key-manager/cache.go:78.2,80.15 3 1
stratium/services/key-manager/cache.go:83.30,84.16 1 0
stratium/services/key-manager/cache.go:84.16,86.3 1 0
stratium/services/key-manager/cache.go:87.2,88.19 2 0
stratium/services/key-manager/cache.go:88.19,90.3 1 0
stratium/services/key-manager/cache.go:91.2,91.22 1 0
stratium/services/key-manager/cache.go:94.42,95.16 1 1
stratium/services/key-manager/cache.go:95.16,97.3 1 1
stratium/services/key-manager/cache.go:99.2,100.25 2 1
stratium/services/key-manager/cache.go:100.25,102.34 2 1
stratium/services/key-manager/cache.go:102.34,104.4 1 1
stratium/services/key-manager/cache.go:107.2,107.26 1 1
stratium/services/key-manager/cache.go:107.26,110.3 2 1
stratium/services/key-manager/cache.go:111.2,111.28 1 1
stratium/services/key-manager/cache.go:111.28,114.3 2 0
stratium/services/key-manager/cache.go:115.2,115.33 1 1
stratium/services/key-manager/cache.go:115.33,118.3 2 0
stratium/services/key-manager/cache.go:120.2,120.12 1 1
stratium/services/key-manager/client_key_store.go:59.52,67.2 2 1
stratium/services/key-manager/client_key_store.go:70.120,71.19 1 1
stratium/services/key-manager/client_key_store.go:71.19,73.3 1 1
stratium/services/key-manager/client_key_store.go:76.2,84.42 5 0
stratium/services/key-manager/client_key_store.go:88.93,89.19 1 0
stratium/services/key-manager/client_key_store.go:89.19,91.3 1 0
stratium/services/key-manager/client_key_store.go:94.2,95.92 2 0
stratium/services/key-manager/client_key_store.go:95.92,97.3 1 0
stratium/services/key-manager/client_key_store.go:99.2,99.12 1 0
stratium/services/key-manager/client_key_store.go:103.58,110.2 1 1
stratium/services/key-manager/client_key_store.go:113.83,114.16 1 1
stratium/services/key-manager/client_key_store.go:114.16,116.3 1 1
stratium/services/key-manager/client_key_store.go:118.2,118.21 1 1
stratium/services/key-manager/client_key_store.go:118.21,120.3 1 1
stratium/services/key-manager/client_key_store.go:122.2,122.28 1 1
stratium/services/key-manager/client_key_store.go:122.28,124.3 1 1
stratium/services/key-manager/client_key_store.go:126.2,130.44 3 1
stratium/services/key-manager/client_key_store.go:130.44,132.3 1 1
stratium/services/key-manager/client_key_store.go:135.2,136.16 2 1
stratium/services/key-manager/client_key_store.go:136.16,138.3 1 1
stratium/services/key-manager/client_key_store.go:141.2,149.12 4 1
stratium/services/key-manager/client_key_store.go:153.90,154.17 1 1
stratium/services/key-manager/client_key_store.go:154.17,156.3 1 1
stratium/services/key-manager/client_key_store.go:158.2,162.13 4 1
stratium/services/key-manager/client_key_store.go:162.13,164.3 1 1
stratium/services/key-manager/client_key_store.go:167.2,168.22 2 1
stratium/services/key-manager/client_key_store.go:172.108,173.20 1 1
stratium/services/key-manager/client_key_store.go:173.20,175.3 1 1
stratium/services/key-manager/client_key_store.go:177.2,181.33 4 1
stratium/services/key-manager/client_key_store.go:181.33,183.3 1 1
stratium/services/key-manager/client_key_store.go:186.2,189.31 3 1
stratium/services/key-manager/client_key_store.go:189.31,191.14 2 1
stratium/services/key-manager/client_key_store.go:191.14,192.12 1 0
stratium/services/key-manager/client_key_store.go:196.3,196.48 1 1
stratium/services/key-manager/client_key_store.go:196.48,197.12 1 1
stratium/services/key-manager/client_key_store.go:200.3,200.72 1 1
stratium/services/key-manager/client_key_store.go:200.72,201.12 1 0
stratium/services/key-manager/client_key_store.go:204.3,205.62 2 1
stratium/services/key-manager/client_key_store.go:205.62,208.4 2 1
stratium/services/key-manager/client_key_store.go:211.2,211.22 1 1
stratium/services/key-manager/client_key_store.go:211.22,213.3 1 0
stratium/services/key-manager/client_key_store.go:216.2,216.23 1 1
stratium/services/key-manager/client_key_store.go:220.127,221.20 1 1
stratium/services/key-manager/client_key_store.go:221.20,223.3 1 1
stratium/services/key-manager/client_key_store.go:225.2,229.13 4 1
stratium/services/key-manager/client_key_store.go:229.13,231.3 1 1
stratium/services/key-manager/client_key_store.go:233.2,234.31 2 1
stratium/services/key-manager/client_key_store.go:234.31,236.14 2 1
stratium/services/key-manager/client_key_store.go:236.14,237.12 1 0
stratium/services/key-manager/client_key_store.go:241.3,241.68 1 1
stratium/services/key-manager/client_key_store.go:241.68,242.12 1 1
stratium/services/key-manager/client_key_store.go:246.3,247.36 2 1
stratium/services/key-manager/client_key_store.go:250.2,250.20 1 1
stratium/services/key-manager/client_key_store.go:254.93,255.17 1 1
stratium/services/key-manager/client_key_store.go:255.17,257.3 1 1
stratium/services/key-manager/client_key_store.go:259.2,263.13 4 1
stratium/services/key-manager/client_key_store.go:263.13,265.3 1 1
stratium/services/key-manager/client_key_store.go:267.2,272.12 3 1
stratium/services/key-manager/client_key_store.go:276.85,281.35 4 1
stratium/services/key-manager/client_key_store.go:281.35,283.3 1 1
stratium/services/key-manager/client_key_store.go:285.2,286.21 2 1
stratium/services/key-manager/client_key_store.go:291.116,292.19 1 0
stratium/services/key-manager/client_key_store.go:292.19,294.3 1 0
stratium/services/key-manager/client_key_store.go:297.2,298.16 2 0
stratium/services/key-manager/client_key_store.go:298.16,300.3 1 0
stratium/services/key-manager/client_key_store.go:302.2,306.15 4 0
stratium/services/key-manager/client_key_store.go:306.15,308.3 1 0
stratium/services/key-manager/client_key_store.go:311.2,312.16 2 0
stratium/services/key-manager/client_key_store.go:312.16,314.3 1 0
stratium/services/key-manager/client_key_store.go:317.2,321.23 4 0
stratium/services/key-manager/client_key_store.go:326.126,327.19 1 0
stratium/services/key-manager/client_key_store.go:327.19,329.3 1 0
stratium/services/key-manager/client_key_store.go:331.2,331.22 1 0
stratium/services/key-manager/client_key_store.go:331.22,333.3 1 0
stratium/services/key-manager/client_key_store.go:336.2,337.16 2 0
stratium/services/key-manager/client_key_store.go:337.16,339.3 1 0
stratium/services/key-manager/client_key_store.go:342.2,355.36 3 0
stratium/services/key-manager/client_key_store.go:359.102,360.33 1 0
stratium/services/key-manager/client_key_store.go:361.22,365.18 3 0
stratium/services/key-manager/client_key_store.go:366.13,367.39 1 0
stratium/services/key-manager/client_key_store.go:368.13,369.39 1 0
stratium/services/key-manager/client_key_store.go:370.13,371.39 1 0
stratium/services/key-manager/client_key_store.go:372.11,373.96 1 0
stratium/services/key-manager/client_key_store.go:377.3,378.17 2 0
stratium/services/key-manager/client_key_store.go:378.17,380.4 1 0
stratium/services/key-manager/client_key_store.go:383.3,388.40 2 0
stratium/services/key-manager/client_key_store.go:390.24,393.34 2 0
stratium/services/key-manager/client_key_store.go:394.16,395.39 1 0
stratium/services/key-manager/client_key_store.go:396.16,397.39 1 0
stratium/services/key-manager/client_key_store.go:398.16,399.39 1 0
stratium/services/key-manager/client_key_store.go:400.11,401.109 1 0
stratium/services/key-manager/client_key_store.go:405.3,406.17 2 0
stratium/services/key-manager/client_key_store.go:406.17,408.4 1 0
stratium/services/key-manager/client_key_store.go:411.3,416.40 2 0
stratium/services/key-manager/client_key_store.go:418.10,419.73 1 0
stratium/services/key-manager/client_key_store.go:419.73,421.4 1 0
stratium/services/key-manager/client_key_store.go:422.3,422.100 1 0
stratium/services/key-manager/client_key_store.go:427.111,429.18 2 1
stratium/services/key-manager/client_key_store.go:429.18,431.3 1 1
stratium/services/key-manager/client_key_store.go:433.2,433.80 1 1
stratium/services/key-manager/client_key_store.go:433.80,434.17 1 0
stratium/services/key-manager/client_key_store.go:434.17,436.4 1 0
stratium/services/key-manager/client_key_store.go:437.3,437.24 1 0
stratium/services/key-manager/client_key_store.go:440.2,440.17 1 1
stratium/services/key-manager/client_key_store.go:441.87,444.17 2 1
stratium/services/key-manager/client_key_store.go:444.17,446.4 1 0
stratium/services/key-manager/client_key_store.go:447.3,448.10 2 1
stratium/services/key-manager/client_key_store.go:448.10,450.4 1 0
stratium/services/key-manager/client_key_store.go:451.3,451.21 1 1
stratium/services/key-manager/client_key_store.go:453.87,456.17 2 1
stratium/services/key-manager/client_key_store.go:456.17,458.4 1 0
stratium/services/key-manager/client_key_store.go:459.3,460.10 2 1
stratium/services/key-manager/client_key_store.go:460.10,462.4 1 0
stratium/services/key-manager/client_key_store.go:463.3,463.21 1 1
stratium/services/key-manager/client_key_store.go:465.10,468.17 2 0
stratium/services/key-manager/client_key_store.go:468.17,470.4 1 0
stratium/services/key-manager/client_key_store.go:471.3,471.24 1 0
stratium/services/key-manager/dek_service.go:73.25,81.2 1 1
stratium/services/key-manager/dek_service.go:85.114,93.53 4 1
stratium/services/key-manager/dek_service.go:93.53,95.3 1 1
stratium/services/key-manager/dek_service.go:98.2,99.16 2 1
stratium/services/key-manager/dek_service.go:99.16,103.3 3 1
stratium/services/key-manager/dek_service.go:104.2,104.64 1 1
stratium/services/key-manager/dek_service.go:104.64,108.3 3 0
stratium/services/key-manager/dek_service.go:111.2,112.16 2 1
stratium/services/key-manager/dek_service.go:112.16,116.3 3 0
stratium/services/key-manager/dek_service.go:119.2,120.16 2 1
stratium/services/key-manager/dek_service.go:120.16,124.3 3 0
stratium/services/key-manager/dek_service.go:127.2,127.29 1 1
stratium/services/key-manager/dek_service.go:127.29,131.3 3 0
stratium/services/key-manager/dek_service.go:133.2,134.16 2 1
stratium/services/key-manager/dek_service.go:134.16,138.3 3 1
stratium/services/key-manager/dek_service.go:141.2,142.18 2 1
stratium/services/key-manager/dek_service.go:142.18,146.3 3 0
stratium/services/key-manager/dek_service.go:148.2,149.16 2 1
stratium/services/key-manager/dek_service.go:149.16,153.3 3 0
stratium/services/key-manager/dek_service.go:155.2,159.16 3 1
stratium/services/key-manager/dek_service.go:159.16,163.3 3 0
stratium/services/key-manager/dek_service.go:166.2,179.22 4 1
stratium/services/key-manager/dek_service.go:183.83,184.23 1 1
stratium/services/key-manager/dek_service.go:184.23,186.3 1 1
stratium/services/key-manager/dek_service.go:188.2,188.24 1 1
stratium/services/key-manager/dek_service.go:188.24,190.3 1 0
stratium/services/key-manager/dek_service.go:192.2,192.21 1 1
stratium/services/key-manager/dek_service.go:192.21,194.3 1 0
stratium/services/key-manager/dek_service.go:196.2,196.32 1 1
stratium/services/key-manager/dek_service.go:196.32,198.3 1 0
stratium/services/key-manager/dek_service.go:200.2,200.22 1 1
stratium/services/key-manager/dek_service.go:200.22,202.3 1 0
stratium/services/key-manager/dek_service.go:204.2,204.12 1 1
stratium/services/key-manager/dek_service.go:208.162,209.47 1 1
stratium/services/key-manager/dek_service.go:209.47,214.17 2 1
stratium/services/key-manager/dek_service.go:214.17,216.4 1 0
stratium/services/key-manager/dek_service.go:217.3,217.72 1 1
stratium/services/key-manager/dek_service.go:220.2,220.19 1 1
stratium/services/key-manager/dek_service.go:220.19,221.54 1 1
stratium/services/key-manager/dek_service.go:221.54,223.4 1 0
stratium/services/key-manager/dek_service.go:225.2,225.43 1 1
stratium/services/key-manager/dek_service.go:226.22,228.17 2 1
stratium/services/key-manager/dek_service.go:228.17,230.4 1 0
stratium/services/key-manager/dek_service.go:231.3,231.67 1 1
stratium/services/key-manager/dek_service.go:233.24,235.17 2 0
stratium/services/key-manager/dek_service.go:235.17,237.4 1 0
stratium/services/key-manager/dek_service.go:238.3,238.67 1 0
stratium/services/key-manager/dek_service.go:240.10,241.95 1 0
stratium/services/key-manager/dek_service.go:245.48,246.53 1 1
stratium/services/key-manager/dek_service.go:246.53,248.3 1 1
stratium/services/key-manager/dek_service.go:249.2,249.100 1 1
stratium/services/key-manager/dek_service.go:252.58,253.38 1 1
stratium/services/key-manager/dek_service.go:253.38,255.3 1 1
stratium/services/key-manager/dek_service.go:259.2,259.80 1 1
stratium/services/key-manager/dek_service.go:262.43,264.16 2 1
stratium/services/key-manager/dek_service.go:264.16,266.3 1 1
stratium/services/key-manager/dek_service.go:267.2,267.15 1 1
stratium/services/key-manager/dek_service.go:271.110,280.2 1 1
stratium/services/key-manager/dek_service.go:283.141,299.2 2 1
stratium/services/key-manager/dek_service.go:302.74,303.33 1 0
stratium/services/key-manager/dek_service.go:304.22,308.18 3 0
stratium/services/key-manager/dek_service.go:309.13,310.39 1 0
stratium/services/key-manager/dek_service.go:311.13,312.39 1 0
stratium/services/key-manager/dek_service.go:313.13,314.39 1 0
stratium/services/key-manager/dek_service.go:315.11,316.96 1 0
stratium/services/key-manager/dek_service.go:320.3,321.17 2 0
stratium/services/key-manager/dek_service.go:321.17,323.4 1 0
stratium/services/key-manager/dek_service.go:326.3,331.40 2 0
stratium/services/key-manager/dek_service.go:333.24,336.34 2 0
stratium/services/key-manager/dek_service.go:337.16,338.39 1 0
stratium/services/key-manager/dek_service.go:339.16,340.39 1 0
stratium/services/key-manager/dek_service.go:341.16,342.39 1 0
stratium/services/key-manager/dek_service.go:343.11,344.109 1 0
stratium/services/key-manager/dek_service.go:348.3,349.17 2 0
stratium/services/key-manager/dek_service.go:349.17,351.4 1 0
stratium/services/key-manager/dek_service.go:354.3,359.40 2 0
stratium/services/key-manager/dek_service.go:361.10,362.73 1 0
stratium/services/key-manager/dek_service.go:362.73,364.4 1 0
stratium/services/key-manager/dek_service.go:365.3,365.100 1 0
stratium/services/key-manager/dek_service.go:370.72,374.2 3 0
stratium/services/key-manager/dek_service.go:377.67,381.2 3 0
stratium/services/key-manager/dek_service.go:384.120,387.18 2 0
stratium/services/key-manager/dek_service.go:387.18,389.3 1 0
stratium/services/key-manager/dek_service.go:392.2,393.16 2 0
stratium/services/key-manager/dek_service.go:393.16,395.3 1 0
stratium/services/key-manager/dek_service.go:398.2,399.16 2 0
stratium/services/key-manager/dek_service.go:399.16,401.3 1 0
stratium/services/key-manager/dek_service.go:404.2,418.16 4 0
stratium/services/key-manager/dek_service.go:418.16,420.3 1 0
stratium/services/key-manager/dek_service.go:422.2,423.12 2 0
stratium/services/key-manager/dek_service.go:427.86,429.25 2 1
stratium/services/key-manager/dek_service.go:429.25,431.3 1 1
stratium/services/key-manager/dek_service.go:433.2,434.104 1 1
stratium/services/key-manager/dek_service.go:437.89,440.2 1 0
stratium/services/key-manager/ecies.go:16.95,17.48 1 1
stratium/services/key-manager/ecies.go:17.48,19.3 1 0
stratium/services/key-manager/ecies.go:21.2,22.16 2 1
stratium/services/key-manager/ecies.go:22.16,24.3 1 0
stratium/services/key-manager/ecies.go:26.2,27.20 2 1
stratium/services/key-manager/ecies.go:27.20,29.3 1 0
stratium/services/key-manager/ecies.go:31.2,32.16 2 1
stratium/services/key-manager/ecies.go:32.16,34.3 1 0
stratium/services/key-manager/ecies.go:36.2,37.16 2 1
stratium/services/key-manager/ecies.go:37.16,39.3 1 0
stratium/services/key-manager/ecies.go:41.2,42.16 2 1
stratium/services/key-manager/ecies.go:42.16,44.3 1 0
stratium/services/key-manager/ecies.go:46.2,47.44 2 1
stratium/services/key-manager/ecies.go:47.44,49.3 1 0
stratium/services/key-manager/ecies.go:51.2,61.17 9 1
stratium/services/key-manager/ecies.go:65.93,66.50 1 1
stratium/services/key-manager/ecies.go:66.50,68.3 1 0
stratium/services/key-manager/ecies.go:70.2,72.29 3 1
stratium/services/key-manager/ecies.go:72.29,74.3 1 0
stratium/services/key-manager/ecies.go:76.2,82.57 6 1
stratium/services/key-manager/ecies.go:82.57,84.3 1 0
stratium/services/key-manager/ecies.go:86.2,87.20 2 1
stratium/services/key-manager/ecies.go:87.20,89.3 1 0
stratium/services/key-manager/ecies.go:91.2,92.16 2 1
stratium/services/key-manager/ecies.go:92.16,94.3 1 0
stratium/services/key-manager/ecies.go:96.2,97.16 2 1
stratium/services/key-manager/ecies.go:97.16,99.3 1 0
stratium/services/key-manager/ecies.go:101.2,102.16 2 1
stratium/services/key-manager/ecies.go:102.16,104.3 1 0
stratium/services/key-manager/ecies.go:106.2,107.33 2 1
stratium/services/key-manager/ecies.go:107.33,109.3 1 0
stratium/services/key-manager/ecies.go:111.2,115.16 4 1
stratium/services/key-manager/ecies.go:115.16,117.3 1 1
stratium/services/key-manager/ecies.go:118.2,118.23 1 1
stratium/services/key-manager/external_keys.go:92.96,98.2 1 1
stratium/services/key-manager/external_keys.go:100.78,101.20 1 1
stratium/services/key-manager/external_keys.go:101.20,103.3 1 0
stratium/services/key-manager/external_keys.go:104.2,104.28 1 1
stratium/services/key-manager/external_keys.go:104.28,107.3 2 0
stratium/services/key-manager/external_keys.go:108.2,108.29 1 1
stratium/services/key-manager/external_keys.go:108.29,111.3 2 0
stratium/services/key-manager/external_keys.go:113.2,118.39 2 1
stratium/services/key-manager/external_keys.go:118.39,119.10 1 1
stratium/services/key-manager/external_keys.go:120.21,126.17 2 0
stratium/services/key-manager/external_keys.go:127.11,127.11 0 1
stratium/services/key-manager/external_keys.go:130.3,135.47 6 1
stratium/services/key-manager/external_keys.go:138.2,138.15 1 1
stratium/services/key-manager/external_keys.go:141.124,145.22 3 1
stratium/services/key-manager/external_keys.go:145.22,147.3 1 0
stratium/services/key-manager/external_keys.go:149.2,154.20 2 1
stratium/services/key-manager/external_keys.go:155.16,156.43 1 1
stratium/services/key-manager/external_keys.go:157.10,159.22 2 0
stratium/services/key-manager/external_keys.go:162.2,162.15 1 1
stratium/services/key-manager/external_keys.go:165.130,170.26 2 1
stratium/services/key-manager/external_keys.go:170.26,174.3 3 0
stratium/services/key-manager/external_keys.go:176.2,187.16 6 1
stratium/services/key-manager/external_keys.go:187.16,191.3 3 0
stratium/services/key-manager/external_keys.go:193.2,193.20 1 1
stratium/services/key-manager/external_keys.go:193.20,195.3 1 0
stratium/services/key-manager/external_keys.go:197.2,197.27 1 1
stratium/services/key-manager/external_keys.go:197.27,199.10 2 1
stratium/services/key-manager/external_keys.go:200.21,202.17 2 0
stratium/services/key-manager/external_keys.go:203.11,203.11 0 1
stratium/services/key-manager/external_keys.go:206.3,208.90 3 1
stratium/services/key-manager/external_keys.go:208.90,211.12 3 0
stratium/services/key-manager/external_keys.go:213.3,213.24 1 1
stratium/services/key-manager/external_keys.go:216.2,216.15 1 1
stratium/services/key-manager/external_keys.go:219.169,222.16 3 1
stratium/services/key-manager/external_keys.go:222.16,224.3 1 0
stratium/services/key-manager/external_keys.go:226.2,227.57 2 1
stratium/services/key-manager/external_keys.go:227.57,229.3 1 0
stratium/services/key-manager/external_keys.go:231.2,233.51 2 1
stratium/services/key-manager/external_keys.go:233.51,236.3 2 0
stratium/services/key-manager/external_keys.go:238.2,239.16 2 1
stratium/services/key-manager/external_keys.go:239.16,242.3 2 0
stratium/services/key-manager/external_keys.go:244.2,245.16 2 1
stratium/services/key-manager/external_keys.go:245.16,248.3 2 0
stratium/services/key-manager/external_keys.go:250.2,251.16 2 1
stratium/services/key-manager/external_keys.go:251.16,254.3 2 0
stratium/services/key-manager/external_keys.go:256.2,257.16 2 1
stratium/services/key-manager/external_keys.go:257.16,260.3 2 0
stratium/services/key-manager/external_keys.go:262.2,264.16 3 1
stratium/services/key-manager/external_keys.go:264.16,267.3 2 0
stratium/services/key-manager/external_keys.go:269.2,270.16 2 1
stratium/services/key-manager/external_keys.go:270.16,273.3 2 0
stratium/services/key-manager/external_keys.go:275.2,276.16 2 1
stratium/services/key-manager/external_keys.go:276.16,279.3 2 0
stratium/services/key-manager/external_keys.go:281.2,282.30 2 1
stratium/services/key-manager/external_keys.go:282.30,283.74 1 0
stratium/services/key-manager/external_keys.go:283.74,285.4 1 0
stratium/services/key-manager/external_keys.go:285.9,287.4 1 0
stratium/services/key-manager/external_keys.go:290.2,291.30 2 1
stratium/services/key-manager/external_keys.go:291.30,293.17 2 0
stratium/services/key-manager/external_keys.go:293.17,295.4 1 0
stratium/services/key-manager/external_keys.go:296.3,296.18 1 0
stratium/services/key-manager/external_keys.go:299.2,300.32 2 1
stratium/services/key-manager/external_keys.go:300.32,302.17 2 0
stratium/services/key-manager/external_keys.go:302.17,304.4 1 0
stratium/services/key-manager/external_keys.go:305.3,305.20 1 0
stratium/services/key-manager/external_keys.go:308.2,309.32 2 1
stratium/services/key-manager/external_keys.go:309.32,311.3 1 0
stratium/services/key-manager/external_keys.go:312.2,312.34 1 1
stratium/services/key-manager/external_keys.go:312.34,314.3 1 0
stratium/services/key-manager/external_keys.go:315.2,315.46 1 1
stratium/services/key-manager/external_keys.go:315.46,317.3 1 0
stratium/services/key-manager/external_keys.go:319.2,350.22 4 1
stratium/services/key-manager/external_keys.go:350.22,352.3 1 0
stratium/services/key-manager/external_keys.go:353.2,353.24 1 1
stratium/services/key-manager/external_keys.go:353.24,355.3 1 0
stratium/services/key-manager/external_keys.go:357.2,378.54 2 1
stratium/services/key-manager/external_keys.go:378.54,381.3 2 0
stratium/services/key-manager/external_keys.go:383.2,383.62 1 1
stratium/services/key-manager/external_keys.go:383.62,386.3 2 0
stratium/services/key-manager/external_keys.go:388.2,389.12 2 1
stratium/services/key-manager/external_keys.go:392.177,394.55 2 1
stratium/services/key-manager/external_keys.go:394.55,396.3 1 1
stratium/services/key-manager/external_keys.go:396.8,396.44 1 1
stratium/services/key-manager/external_keys.go:396.44,398.3 1 0
stratium/services/key-manager/external_keys.go:400.2,400.41 1 1
stratium/services/key-manager/external_keys.go:400.41,402.3 1 0
stratium/services/key-manager/external_keys.go:404.2,409.37 5 1
stratium/services/key-manager/external_keys.go:409.37,410.19 1 0
stratium/services/key-manager/external_keys.go:410.19,412.4 1 0
stratium/services/key-manager/external_keys.go:413.3,413.21 1 0
stratium/services/key-manager/external_keys.go:413.21,415.4 1 0
stratium/services/key-manager/external_keys.go:416.3,416.21 1 0
stratium/services/key-manager/external_keys.go:416.21,418.4 1 0
stratium/services/key-manager/external_keys.go:421.2,421.20 1 1
stratium/services/key-manager/external_keys.go:421.20,423.3 1 0
stratium/services/key-manager/external_keys.go:425.2,427.16 3 1
stratium/services/key-manager/external_keys.go:427.16,429.3 1 0
stratium/services/key-manager/external_keys.go:431.2,432.16 2 1
stratium/services/key-manager/external_keys.go:432.16,434.3 1 0
stratium/services/key-manager/external_keys.go:436.2,436.38 1 1
stratium/services/key-manager/external_keys.go:436.38,438.3 1 0
stratium/services/key-manager/external_keys.go:440.2,440.70 1 1
stratium/services/key-manager/external_keys.go:443.62,444.29 1 1
stratium/services/key-manager/external_keys.go:444.29,446.3 1 0
stratium/services/key-manager/external_keys.go:447.2,447.25 1 1
stratium/services/key-manager/external_keys.go:450.115,452.16 2 1
stratium/services/key-manager/external_keys.go:452.16,454.3 1 0
stratium/services/key-manager/external_keys.go:455.2,455.19 1 1
stratium/services/key-manager/external_keys.go:455.19,457.3 1 0
stratium/services/key-manager/external_keys.go:459.2,460.15 2 1
stratium/services/key-manager/external_keys.go:460.15,461.90 1 0
stratium/services/key-manager/external_keys.go:461.90,462.22 1 0
stratium/services/key-manager/external_keys.go:462.22,464.5 1 0
stratium/services/key-manager/external_keys.go:465.4,465.17 1 0
stratium/services/key-manager/external_keys.go:465.17,467.5 1 0
stratium/services/key-manager/external_keys.go:468.4,468.49 1 0
stratium/services/key-manager/external_keys.go:468.49,470.5 1 0
stratium/services/key-manager/external_keys.go:471.4,471.14 1 0
stratium/services/key-manager/external_keys.go:473.3,473.19 1 0
stratium/services/key-manager/external_keys.go:476.2,477.49 2 1
stratium/services/key-manager/external_keys.go:477.49,479.3 1 1
stratium/services/key-manager/external_keys.go:481.2,482.16 2 1
stratium/services/key-manager/external_keys.go:482.16,484.3 1 0
stratium/services/key-manager/external_keys.go:486.2,486.32 1 1
stratium/services/key-manager/external_keys.go:486.32,489.17 3 1
stratium/services/key-manager/external_keys.go:489.17,491.12 2 0
stratium/services/key-manager/external_keys.go:493.3,494.20 2 1
stratium/services/key-manager/external_keys.go:494.20,495.12 1 1
stratium/services/key-manager/external_keys.go:497.3,498.50 2 0
stratium/services/key-manager/external_keys.go:498.50,501.4 2 0
stratium/services/key-manager/external_keys.go:501.9,503.4 1 0
stratium/services/key-manager/external_keys.go:506.2,506.18 1 1
stratium/services/key-manager/external_keys.go:509.59,510.45 1 1
stratium/services/key-manager/external_keys.go:510.45,512.3 1 0
stratium/services/key-manager/external_keys.go:513.2,513.44 1 1
stratium/services/key-manager/external_keys.go:513.44,515.3 1 0
stratium/services/key-manager/external_keys.go:516.2,516.47 1 1
stratium/services/key-manager/external_keys.go:516.47,518.3 1 0
stratium/services/key-manager/external_keys.go:519.2,519.52 1 1
stratium/services/key-manager/external_keys.go:519.52,521.3 1 0
stratium/services/key-manager/external_keys.go:522.2,522.74 1 1
stratium/services/key-manager/external_keys.go:522.74,524.3 1 0
stratium/services/key-manager/external_keys.go:525.2,525.12 1 1
stratium/services/key-manager/external_keys.go:528.56,530.20 2 1
stratium/services/key-manager/external_keys.go:531.38,532.40 1 1
stratium/services/key-manager/external_keys.go:533.38,534.40 1 1
stratium/services/key-manager/external_keys.go:535.38,536.40 1 1
stratium/services/key-manager/external_keys.go:537.45,538.40 1 1
stratium/services/key-manager/external_keys.go:539.45,540.40 1 1
stratium/services/key-manager/external_keys.go:541.45,542.40 1 1
stratium/services/key-manager/external_keys.go:543.40,544.41 1 1
stratium/services/key-manager/external_keys.go:545.40,546.41 1 1
stratium/services/key-manager/external_keys.go:547.42,548.42 1 1
stratium/services/key-manager/external_keys.go:549.10,550.84 1 1
stratium/services/key-manager/external_keys.go:554.69,555.51 1 1
stratium/services/key-manager/external_keys.go:556.18,557.57 1 1
stratium/services/key-manager/external_keys.go:558.13,559.52 1 1
stratium/services/key-manager/external_keys.go:560.33,561.59 1 1
stratium/services/key-manager/external_keys.go:562.26,563.58 1 1
stratium/services/key-manager/external_keys.go:564.10,565.106 1 1
stratium/services/key-manager/external_keys.go:569.60,570.51 1 1
stratium/services/key-manager/external_keys.go:571.20,572.42 1 1
stratium/services/key-manager/external_keys.go:573.18,574.44 1 1
stratium/services/key-manager/external_keys.go:575.26,576.52 1 1
stratium/services/key-manager/external_keys.go:577.20,578.46 1 1
stratium/services/key-manager/external_keys.go:579.21,580.47 1 1
stratium/services/key-manager/external_keys.go:581.17,582.43 1 1
stratium/services/key-manager/external_keys.go:583.10,584.90 1 1
stratium/services/key-manager/external_keys.go:588.70,589.51 1 1
stratium/services/key-manager/external_keys.go:590.20,591.52 1 1
stratium/services/key-manager/external_keys.go:592.34,593.56 1 1
stratium/services/key-manager/external_keys.go:594.36,595.57 1 1
stratium/services/key-manager/external_keys.go:596.18,597.54 1 1
stratium/services/key-manager/external_keys.go:598.10,599.105 1 1
stratium/services/key-manager/external_keys.go:603.71,605.18 2 1
stratium/services/key-manager/external_keys.go:605.18,607.3 1 1
stratium/services/key-manager/external_keys.go:609.2,609.17 1 1
stratium/services/key-manager/external_keys.go:610.87,611.34 1 1
stratium/services/key-manager/external_keys.go:611.34,613.18 2 1
stratium/services/key-manager/external_keys.go:613.18,614.48 1 1
stratium/services/key-manager/external_keys.go:614.48,616.6 1 1
stratium/services/key-manager/external_keys.go:619.3,619.69 1 1
stratium/services/key-manager/external_keys.go:619.69,621.4 1 1
stratium/services/key-manager/external_keys.go:622.3,622.69 1 1
stratium/services/key-manager/external_keys.go:622.69,623.47 1 0
stratium/services/key-manager/external_keys.go:623.47,625.5 1 0
stratium/services/key-manager/external_keys.go:627.3,627.60 1 1
stratium/services/key-manager/external_keys.go:628.87,629.66 1 1
stratium/services/key-manager/external_keys.go:629.66,631.4 1 0
stratium/services/key-manager/external_keys.go:632.3,632.69 1 1
stratium/services/key-manager/external_keys.go:632.69,633.48 1 1
stratium/services/key-manager/external_keys.go:633.48,635.5 1 1
stratium/services/key-manager/external_keys.go:637.3,637.60 1 0
stratium/services/key-manager/external_keys.go:638.10,639.86 1 1
stratium/services/key-manager/external_keys.go:643.60,644.19 1 1
stratium/services/key-manager/external_keys.go:644.19,646.3 1 1
stratium/services/key-manager/external_keys.go:647.2,648.24 2 1
stratium/services/key-manager/external_keys.go:648.24,650.3 1 1
stratium/services/key-manager/external_keys.go:651.2,651.12 1 1
stratium/services/key-manager/external_keys.go:654.78,655.34 1 1
stratium/services/key-manager/external_keys.go:655.34,657.3 1 1
stratium/services/key-manager/external_keys.go:658.2,658.35 1 1
stratium/services/key-manager/external_keys.go:658.35,660.3 1 1
stratium/services/key-manager/external_keys.go:661.2,661.27 1 1
stratium/services/key-manager/external_keys.go:661.27,663.3 1 0
stratium/services/key-manager/external_keys.go:664.2,664.35 1 1
stratium/services/key-manager/external_keys.go:664.35,666.3 1 1
stratium/services/key-manager/external_keys.go:669.47,670.36 1 1
stratium/services/key-manager/external_keys.go:670.36,672.3 1 1
stratium/services/key-manager/external_keys.go:673.2,673.14 1 1
stratium/services/key-manager/external_metadata.go:27.63,28.17 1 1
stratium/services/key-manager/external_metadata.go:28.17,30.3 1 0
stratium/services/key-manager/external_metadata.go:31.2,31.13 1 1
stratium/services/key-manager/external_metadata.go:34.103,37.27 3 1
stratium/services/key-manager/external_metadata.go:37.27,39.3 1 1
stratium/services/key-manager/external_metadata.go:40.2,40.29 1 1
stratium/services/key-manager/external_metadata.go:40.29,42.3 1 1
stratium/services/key-manager/external_metadata.go:43.2,43.33 1 1
stratium/services/key-manager/external_metadata.go:43.33,45.3 1 1
stratium/services/key-manager/external_metadata.go:46.2,46.27 1 1
stratium/services/key-manager/external_metadata.go:46.27,48.3 1 1
stratium/services/key-manager/external_metadata.go:49.2,49.29 1 1
stratium/services/key-manager/external_metadata.go:49.29,51.3 1 1
stratium/services/key-manager/external_metadata.go:52.2,52.13 1 1
stratium/services/key-manager/external_metadata.go:55.39,56.39 1 0
stratium/services/key-manager/external_metadata.go:56.39,58.3 1 0
stratium/services/key-manager/external_metadata.go:60.2,60.75 1 0
stratium/services/key-manager/external_metadata.go:60.75,62.3 1 0
stratium/services/key-manager/external_metadata.go:63.2,63.57 1 0
stratium/services/key-manager/external_metadata.go:63.57,65.3 1 0
stratium/services/key-manager/external_metadata.go:66.2,66.63 1 0
stratium/services/key-manager/external_metadata.go:66.63,68.3 1 0
stratium/services/key-manager/external_metadata.go:69.2,69.61 1 0
stratium/services/key-manager/external_metadata.go:69.61,71.3 1 0
stratium/services/key-manager/external_metadata.go:72.2,72.59 1 0
stratium/services/key-manager/external_metadata.go:72.59,73.59 1 0
stratium/services/key-manager/external_metadata.go:73.59,75.4 1 0
stratium/services/key-manager/external_metadata.go:79.51,80.47 1 0
stratium/services/key-manager/external_metadata.go:80.47,82.3 1 0
stratium/services/key-manager/external_metadata.go:84.2,84.79 1 0
stratium/services/key-manager/external_metadata.go:84.79,86.3 1 0
stratium/services/key-manager/external_metadata.go:87.2,87.61 1 0
stratium/services/key-manager/external_metadata.go:87.61,89.3 1 0
stratium/services/key-manager/external_metadata.go:90.2,90.67 1 0
stratium/services/key-manager/external_metadata.go:90.67,92.3 1 0
stratium/services/key-manager/external_metadata.go:93.2,93.65 1 0
stratium/services/key-manager/external_metadata.go:93.65,95.3 1 0
stratium/services/key-manager/external_metadata.go:96.2,96.65 1 0
stratium/services/key-manager/external_metadata.go:96.65,98.3 1 0
stratium/services/key-manager/external_metadata.go:99.2,99.63 1 0
stratium/services/key-manager/external_metadata.go:99.63,100.59 1 0
stratium/services/key-manager/external_metadata.go:100.59,102.4 1 0
stratium/services/key-manager/external_secrets.go:22.62,26.2 1 0
stratium/services/key-manager/external_secrets.go:28.145,29.20 1 0
stratium/services/key-manager/external_secrets.go:29.20,31.3 1 0
stratium/services/key-manager/external_secrets.go:32.2,32.18 1 0
stratium/services/key-manager/external_secrets.go:32.18,34.3 1 0
stratium/services/key-manager/external_secrets.go:36.2,37.16 2 0
stratium/services/key-manager/external_secrets.go:37.16,39.3 1 0
stratium/services/key-manager/external_secrets.go:41.2,44.21 2 0
stratium/services/key-manager/external_secrets.go:44.21,46.3 1 0
stratium/services/key-manager/external_secrets.go:47.2,47.24 1 0
stratium/services/key-manager/external_secrets.go:47.24,49.3 1 0
stratium/services/key-manager/external_secrets.go:51.2,52.16 2 0
stratium/services/key-manager/external_secrets.go:52.16,54.3 1 0
stratium/services/key-manager/external_secrets.go:56.2,56.32 1 0
stratium/services/key-manager/external_secrets.go:56.32,58.3 1 0
stratium/services/key-manager/external_secrets.go:60.2,60.34 1 0
stratium/services/key-manager/external_secrets.go:60.34,62.3 1 0
stratium/services/key-manager/external_secrets.go:64.2,64.86 1 0
stratium/services/key-manager/external_secrets.go:67.124,73.38 4 0
stratium/services/key-manager/external_secrets.go:73.38,75.3 1 0
stratium/services/key-manager/external_secrets.go:77.2,78.16 2 0
stratium/services/key-manager/external_secrets.go:78.16,80.3 1 0
stratium/services/key-manager/external_secrets.go:82.2,83.20 2 0
stratium/services/key-manager/external_secrets.go:83.20,84.141 1 0
stratium/services/key-manager/external_secrets.go:84.141,89.4 1 0
stratium/services/key-manager/external_secrets.go:90.3,90.55 1 0
stratium/services/key-manager/external_secrets.go:90.55,92.4 1 0
stratium/services/key-manager/external_secrets.go:95.2,97.20 3 0
stratium/services/key-manager/external_secrets.go:100.66,101.17 1 1
stratium/services/key-manager/external_secrets.go:101.17,103.3 1 0
stratium/services/key-manager/external_secrets.go:105.2,106.65 2 1
stratium/services/key-manager/external_secrets.go:106.65,108.3 1 0
stratium/services/key-manager/external_secrets.go:110.2,111.9 2 1
stratium/services/key-manager/external_secrets.go:111.9,113.3 1 0
stratium/services/key-manager/external_secrets.go:115.2,116.9 2 1
stratium/services/key-manager/external_secrets.go:116.9,118.3 1 0
stratium/services/key-manager/external_secrets.go:120.2,120.22 1 1
stratium/services/key-manager/hsm_provider.go:42.66,49.19 2 1
stratium/services/key-manager/hsm_provider.go:49.19,51.3 1 0
stratium/services/key-manager/hsm_provider.go:53.2,53.17 1 1
stratium/services/key-manager/hsm_provider.go:57.60,59.2 1 0
stratium/services/key-manager/hsm_provider.go:62.51,64.2 1 0
stratium/services/key-manager/hsm_provider.go:67.45,71.20 3 0
stratium/services/key-manager/hsm_provider.go:71.20,73.3 1 0
stratium/services/key-manager/hsm_provider.go:75.2,75.56 1 0
stratium/services/key-manager/hsm_provider.go:79.59,88.2 1 0
stratium/services/key-manager/hsm_provider.go:91.50,93.2 1 0
stratium/services/key-manager/hsm_provider.go:96.58,98.2 1 0
stratium/services/key-manager/hsm_provider.go:101.138,105.22 3 0
stratium/services/key-manager/hsm_provider.go:105.22,107.3 1 0
stratium/services/key-manager/hsm_provider.go:110.2,110.47 1 0
stratium/services/key-manager/hsm_provider.go:110.47,112.3 1 0
stratium/services/key-manager/hsm_provider.go:115.2,116.27 2 0
stratium/services/key-manager/hsm_provider.go:116.27,118.3 1 0
stratium/services/key-manager/hsm_provider.go:121.2,122.16 2 0
stratium/services/key-manager/hsm_provider.go:122.16,124.3 1 0
stratium/services/key-manager/hsm_provider.go:127.2,128.16 2 0
stratium/services/key-manager/hsm_provider.go:128.16,132.3 2 0
stratium/services/key-manager/hsm_provider.go:135.2,137.16 3 0
stratium/services/key-manager/hsm_provider.go:137.16,140.3 2 0
stratium/services/key-manager/hsm_provider.go:143.2,157.55 2 0
stratium/services/key-manager/hsm_provider.go:157.55,158.65 1 0
stratium/services/key-manager/hsm_provider.go:158.65,161.4 2 0
stratium/services/key-manager/hsm_provider.go:165.2,165.27 1 0
stratium/services/key-manager/hsm_provider.go:165.27,166.27 1 0
stratium/services/key-manager/hsm_provider.go:166.27,168.4 1 0
stratium/services/key-manager/hsm_provider.go:172.2,174.21 2 0
stratium/services/key-manager/hsm_provider.go:178.90,182.22 3 0
stratium/services/key-manager/hsm_provider.go:182.22,184.3 1 0
stratium/services/key-manager/hsm_provider.go:186.2,187.13 2 0
stratium/services/key-manager/hsm_provider.go:187.13,189.3 1 0
stratium/services/key-manager/hsm_provider.go:192.2,192.70 1 0
stratium/services/key-manager/hsm_provider.go:192.70,194.3 1 0
stratium/services/key-manager/hsm_provider.go:197.2,198.16 2 0
stratium/services/key-manager/hsm_provider.go:198.16,200.3 1 0
stratium/services/key-manager/hsm_provider.go:202.2,202.21 1 0
stratium/services/key-manager/hsm_provider.go:206.81,210.22 3 0
stratium/services/key-manager/hsm_provider.go:210.22,212.3 1 0
stratium/services/key-manager/hsm_provider.go:215.2,216.16 2 0
stratium/services/key-manager/hsm_provider.go:216.16,218.3 1 0
stratium/services/key-manager/hsm_provider.go:221.2,222.12 2 0
stratium/services/key-manager/hsm_provider.go:226.78,230.22 3 0
stratium/services/key-manager/hsm_provider.go:230.22,232.3 1 0
stratium/services/key-manager/hsm_provider.go:235.2,236.16 2 0
stratium/services/key-manager/hsm_provider.go:236.16,238.3 1 0
stratium/services/key-manager/hsm_provider.go:240.2,240.21 1 0
stratium/services/key-manager/hsm_provider.go:244.95,245.22 1 0
stratium/services/key-manager/hsm_provider.go:245.22,247.3 1 0
stratium/services/key-manager/hsm_provider.go:250.2,251.53 2 0
stratium/services/key-manager/hsm_provider.go:251.53,253.3 1 0
stratium/services/key-manager/hsm_provider.go:254.2,256.38 2 0
stratium/services/key-manager/hsm_provider.go:260.104,261.22 1 0
stratium/services/key-manager/hsm_provider.go:261.22,263.3 1 0
stratium/services/key-manager/hsm_provider.go:266.2,267.53 2 0
stratium/services/key-manager/hsm_provider.go:267.53,269.3 1 0
stratium/services/key-manager/hsm_provider.go:270.2,272.47 2 0
stratium/services/key-manager/hsm_provider.go:276.103,277.22 1 0
stratium/services/key-manager/hsm_provider.go:277.22,279.3 1 0
stratium/services/key-manager/hsm_provider.go:282.2,283.53 2 0
stratium/services/key-manager/hsm_provider.go:283.53,285.3 1 0
stratium/services/key-manager/hsm_provider.go:286.2,288.46 2 0
stratium/services/key-manager/hsm_provider.go:292.89,296.22 3 0
stratium/services/key-manager/hsm_provider.go:296.22,298.3 1 0
stratium/services/key-manager/hsm_provider.go:300.2,301.13 2 0
stratium/services/key-manager/hsm_provider.go:301.13,303.3 1 0
stratium/services/key-manager/hsm_provider.go:306.2,307.40 2 0
stratium/services/key-manager/hsm_provider.go:307.40,309.3 1 0
stratium/services/key-manager/hsm_provider.go:312.2,313.16 2 0
stratium/services/key-manager/hsm_provider.go:313.16,315.3 1 0
stratium/services/key-manager/hsm_provider.go:318.2,322.16 3 0
stratium/services/key-manager/hsm_provider.go:322.16,324.3 1 0
stratium/services/key-manager/hsm_provider.go:326.2,329.24 3 0
stratium/services/key-manager/hsm_provider.go:333.68,338.27 3 0
stratium/services/key-manager/hsm_provider.go:338.27,340.3 1 0
stratium/services/key-manager/hsm_provider.go:343.2,343.24 1 0
stratium/services/key-manager/hsm_provider.go:343.24,345.17 2 0
stratium/services/key-manager/hsm_provider.go:345.17,347.4 1 0
stratium/services/key-manager/hsm_provider.go:348.3,348.23 1 0
stratium/services/key-manager/hsm_provider.go:351.2,351.12 1 0
stratium/services/key-manager/hsm_provider.go:355.63,360.29 4 0
stratium/services/key-manager/hsm_provider.go:360.29,362.3 1 0
stratium/services/key-manager/hsm_provider.go:364.2,364.15 1 0
stratium/services/key-manager/hsm_provider.go:368.65,371.2 2 0
stratium/services/key-manager/hsm_provider.go:373.44,376.2 2 0
stratium/services/key-manager/hsm_provider.go:378.44,380.2 1 0
stratium/services/key-manager/hsm_provider.go:382.106,383.18 1 0
stratium/services/key-manager/hsm_provider.go:383.18,385.3 1 0
stratium/services/key-manager/hsm_provider.go:387.2,391.12 2 0
stratium/services/key-manager/hsm_provider.go:394.78,395.18 1 0
stratium/services/key-manager/hsm_provider.go:395.18,397.3 1 0
stratium/services/key-manager/hsm_provider.go:399.2,399.41 1 0
stratium/services/key-manager/hsm_provider.go:399.41,401.3 1 0
stratium/services/key-manager/hsm_provider.go:404.2,404.42 1 0
stratium/services/key-manager/hsm_provider.go:407.55,408.18 1 0
stratium/services/key-manager/hsm_provider.go:408.18,410.3 1 0
stratium/services/key-manager/hsm_provider.go:412.2,413.12 2 0
stratium/services/key-manager/hsm_provider.go:416.54,417.18 1 0
stratium/services/key-manager/hsm_provider.go:417.18,419.3 1 0
stratium/services/key-manager/hsm_provider.go:421.2,422.28 2 0
stratium/services/key-manager/hsm_provider.go:422.28,424.3 1 0
stratium/services/key-manager/hsm_provider.go:425.2,425.18 1 0
stratium/services/key-manager/hsm_provider.go:428.73,429.18 1 0
stratium/services/key-manager/hsm_provider.go:429.18,431.3 1 0
stratium/services/key-manager/hsm_provider.go:433.2,433.41 1 0
stratium/services/key-manager/hsm_provider.go:433.41,435.3 1 0
stratium/services/key-manager/hsm_provider.go:438.2,438.38 1 0
stratium/services/key-manager/hsm_provider.go:441.82,442.18 1 0
stratium/services/key-manager/hsm_provider.go:442.18,444.3 1 0
stratium/services/key-manager/hsm_provider.go:446.2,446.41 1 0
stratium/services/key-manager/hsm_provider.go:446.41,448.3 1 0
stratium/services/key-manager/hsm_provider.go:451.2,451.43 1 0
stratium/services/key-manager/hsm_provider.go:454.81,455.18 1 0
stratium/services/key-manager/hsm_provider.go:455.18,457.3 1 0
stratium/services/key-manager/hsm_provider.go:459.2,459.41 1 0
stratium/services/key-manager/hsm_provider.go:459.41,461.3 1 0
stratium/services/key-manager/hsm_provider.go:464.2,464.43 1 0
stratium/services/key-manager/hsm_provider.go:467.82,468.18 1 0
stratium/services/key-manager/hsm_provider.go:468.18,470.3 1 0
stratium/services/key-manager/hsm_provider.go:472.2,472.43 1 0
stratium/services/key-manager/hsm_provider.go:472.43,474.3 1 0
stratium/services/key-manager/hsm_provider.go:476.2,476.41 1 0
stratium/services/key-manager/hsm_provider.go:484.56,485.41 1 0
stratium/services/key-manager/hsm_provider.go:485.41,487.3 1 0
stratium/services/key-manager/hsm_provider.go:488.2,488.14 1 0
stratium/services/key-manager/key-manager.pb.go:53.50,57.2 3 0
stratium/services/key-manager/key-manager.pb.go:59.42,61.2 1 1
stratium/services/key-manager/key-manager.pb.go:63.65,65.2 1 1
stratium/services/key-manager/key-manager.pb.go:67.53,69.2 1 0
stratium/services/key-manager/key-manager.pb.go:71.59,73.2 1 0
stratium/services/key-manager/key-manager.pb.go:76.57,78.2 1 0
stratium/services/key-manager/key-manager.pb.go:124.34,128.2 3 0
stratium/services/key-manager/key-manager.pb.go:130.34,132.2 1 1
stratium/services/key-manager/key-manager.pb.go:134.57,136.2 1 1
stratium/services/key-manager/key-manager.pb.go:138.45,140.2 1 0
stratium/services/key-manager/key-manager.pb.go:142.51,144.2 1 0
stratium/services/key-manager/key-manager.pb.go:147.49,149.2 1 0
stratium/services/key-manager/key-manager.pb.go:186.38,190.2 3 0
stratium/services/key-manager/key-manager.pb.go:192.36,194.2 1 0
stratium/services/key-manager/key-manager.pb.go:196.59,198.2 1 0
stratium/services/key-manager/key-manager.pb.go:200.47,202.2 1 0
stratium/services/key-manager/key-manager.pb.go:204.53,206.2 1 0
stratium/services/key-manager/key-manager.pb.go:209.51,211.2 1 0
stratium/services/key-manager/key-manager.pb.go:242.48,246.2 3 0
stratium/services/key-manager/key-manager.pb.go:248.41,250.2 1 0
stratium/services/key-manager/key-manager.pb.go:252.64,254.2 1 0
stratium/services/key-manager/key-manager.pb.go:256.52,258.2 1 0
stratium/services/key-manager/key-manager.pb.go:260.58,262.2 1 0
stratium/services/key-manager/key-manager.pb.go:265.56,267.2 1 0
stratium/services/key-manager/key-manager.pb.go:297.23,302.2 4 0
stratium/services/key-manager/key-manager.pb.go:304.31,306.2 1 0
stratium/services/key-manager/key-manager.pb.go:308.29,308.30 0 0
stratium/services/key-manager/key-manager.pb.go:310.51,312.14 2 1
stratium/services/key-manager/key-manager.pb.go:312.14,314.34 2 0
stratium/services/key-manager/key-manager.pb.go:314.34,316.4 1 0
stratium/services/key-manager/key-manager.pb.go:317.3,317.12 1 0
stratium/services/key-manager/key-manager.pb.go:319.2,319.24 1 1
stratium/services/key-manager/key-manager.pb.go:323.42,325.2 1 0
stratium/services/key-manager/key-manager.pb.go:327.33,328.14 1 0
stratium/services/key-manager/key-manager.pb.go:328.14,330.3 1 0
stratium/services/key-manager/key-manager.pb.go:331.2,331.11 1 0
stratium/services/key-manager/key-manager.pb.go:334.36,335.14 1 0
stratium/services/key-manager/key-manager.pb.go:335.14,337.3 1 0
stratium/services/key-manager/key-manager.pb.go:338.2,338.11 1 0
stratium/services/key-manager/key-manager.pb.go:341.32,342.14 1 0
stratium/services/key-manager/key-manager.pb.go:342.14,344.3 1 0
stratium/services/key-manager/key-manager.pb.go:345.2,345.11 1 0
stratium/services/key-manager/key-manager.pb.go:348.36,349.14 1 0
stratium/services/key-manager/key-manager.pb.go:349.14,351.3 1 0
stratium/services/key-manager/key-manager.pb.go:352.2,352.37 1 0
stratium/services/key-manager/key-manager.pb.go:355.49,356.14 1 0
stratium/services/key-manager/key-manager.pb.go:356.14,358.3 1 0
stratium/services/key-manager/key-manager.pb.go:359.2,359.54 1 0
stratium/services/key-manager/key-manager.pb.go:362.37,363.14 1 0
stratium/services/key-manager/key-manager.pb.go:363.14,365.3 1 0
stratium/services/key-manager/key-manager.pb.go:366.2,366.41 1 0
stratium/services/key-manager/key-manager.pb.go:369.40,370.14 1 0
stratium/services/key-manager/key-manager.pb.go:370.14,372.3 1 0
stratium/services/key-manager/key-manager.pb.go:373.2,373.11 1 0
stratium/services/key-manager/key-manager.pb.go:376.53,377.14 1 0
stratium/services/key-manager/key-manager.pb.go:377.14,379.3 1 0
stratium/services/key-manager/key-manager.pb.go:380.2,380.12 1 0
stratium/services/key-manager/key-manager.pb.go:383.53,384.14 1 0
stratium/services/key-manager/key-manager.pb.go:384.14,386.3 1 0
stratium/services/key-manager/key-manager.pb.go:387.2,387.12 1 0
stratium/services/key-manager/key-manager.pb.go:390.55,391.14 1 0
stratium/services/key-manager/key-manager.pb.go:391.14,393.3 1 0
stratium/services/key-manager/key-manager.pb.go:394.2,394.12 1 0
stratium/services/key-manager/key-manager.pb.go:397.44,398.14 1 0
stratium/services/key-manager/key-manager.pb.go:398.14,400.3 1 0
stratium/services/key-manager/key-manager.pb.go:401.2,401.11 1 0
stratium/services/key-manager/key-manager.pb.go:404.50,405.14 1 0
stratium/services/key-manager/key-manager.pb.go:405.14,407.3 1 0
stratium/services/key-manager/key-manager.pb.go:408.2,408.51 1 0
stratium/services/key-manager/key-manager.pb.go:411.47,412.14 1 0
stratium/services/key-manager/key-manager.pb.go:412.14,414.3 1 0
stratium/services/key-manager/key-manager.pb.go:415.2,415.10 1 0
stratium/services/key-manager/key-manager.pb.go:418.37,419.14 1 0
stratium/services/key-manager/key-manager.pb.go:419.14,421.3 1 0
stratium/services/key-manager/key-manager.pb.go:422.2,422.10 1 0
stratium/services/key-manager/key-manager.pb.go:425.40,426.14 1 0
stratium/services/key-manager/key-manager.pb.go:426.14,428.3 1 0
stratium/services/key-manager/key-manager.pb.go:429.2,429.10 1 0
stratium/services/key-manager/key-manager.pb.go:432.47,433.14 1 0
stratium/services/key-manager/key-manager.pb.go:433.14,435.3 1 0
stratium/services/key-manager/key-manager.pb.go:436.2,436.12 1 0
stratium/services/key-manager/key-manager.pb.go:439.43,440.14 1 0
stratium/services/key-manager/key-manager.pb.go:440.14,442.3 1 0
stratium/services/key-manager/key-manager.pb.go:443.2,443.14 1 0
stratium/services/key-manager/key-manager.pb.go:446.42,447.14 1 0
stratium/services/key-manager/key-manager.pb.go:447.14,449.3 1 0
stratium/services/key-manager/key-manager.pb.go:450.2,450.11 1 0
stratium/services/key-manager/key-manager.pb.go:453.48,454.14 1 0
stratium/services/key-manager/key-manager.pb.go:454.14,456.3 1 0
stratium/services/key-manager/key-manager.pb.go:457.2,457.11 1 0
stratium/services/key-manager/key-manager.pb.go:460.44,461.14 1 0
stratium/services/key-manager/key-manager.pb.go:461.14,463.3 1 0
stratium/services/key-manager/key-manager.pb.go:464.2,464.11 1 0
stratium/services/key-manager/key-manager.pb.go:467.60,468.14 1 0
stratium/services/key-manager/key-manager.pb.go:468.14,470.3 1 0
stratium/services/key-manager/key-manager.pb.go:471.2,471.12 1 0
stratium/services/key-manager/key-manager.pb.go:489.31,494.2 4 0
stratium/services/key-manager/key-manager.pb.go:496.39,498.2 1 0
stratium/services/key-manager/key-manager.pb.go:500.37,500.38 0 0
stratium/services/key-manager/key-manager.pb.go:502.59,504.14 2 0
stratium/services/key-manager/key-manager.pb.go:504.14,506.34 2 0
stratium/services/key-manager/key-manager.pb.go:506.34,508.4 1 0
stratium/services/key-manager/key-manager.pb.go:509.3,509.12 1 0
stratium/services/key-manager/key-manager.pb.go:511.2,511.24 1 0
stratium/services/key-manager/key-manager.pb.go:515.50,517.2 1 0
stratium/services/key-manager/key-manager.pb.go:519.49,520.14 1 0
stratium/services/key-manager/key-manager.pb.go:520.14,522.3 1 0
stratium/services/key-manager/key-manager.pb.go:523.2,523.54 1 0
stratium/services/key-manager/key-manager.pb.go:526.40,527.14 1 0
stratium/services/key-manager/key-manager.pb.go:527.14,529.3 1 0
stratium/services/key-manager/key-manager.pb.go:530.2,530.11 1 0
stratium/services/key-manager/key-manager.pb.go:533.47,534.14 1 0
stratium/services/key-manager/key-manager.pb.go:534.14,536.3 1 0
stratium/services/key-manager/key-manager.pb.go:537.2,537.11 1 0
stratium/services/key-manager/key-manager.pb.go:540.43,541.14 1 0
stratium/services/key-manager/key-manager.pb.go:541.14,543.3 1 0
stratium/services/key-manager/key-manager.pb.go:544.2,544.14 1 0
stratium/services/key-manager/key-manager.pb.go:547.60,548.14 1 0
stratium/services/key-manager/key-manager.pb.go:548.14,550.3 1 0
stratium/services/key-manager/key-manager.pb.go:551.2,551.12 1 0
stratium/services/key-manager/key-manager.pb.go:554.56,555.14 1 0
stratium/services/key-manager/key-manager.pb.go:555.14,557.3 1 0
stratium/services/key-manager/key-manager.pb.go:558.2,558.12 1 0
stratium/services/key-manager/key-manager.pb.go:561.50,562.14 1 0
stratium/services/key-manager/key-manager.pb.go:562.14,564.3 1 0
stratium/services/key-manager/key-manager.pb.go:565.2,565.14 1 0
stratium/services/key-manager/key-manager.pb.go:568.58,569.14 1 0
stratium/services/key-manager/key-manager.pb.go:569.14,571.3 1 0
stratium/services/key-manager/key-manager.pb.go:572.2,572.14 1 0
stratium/services/key-manager/key-manager.pb.go:588.28,593.2 4 0
stratium/services/key-manager/key-manager.pb.go:595.36,597.2 1 0
stratium/services/key-manager/key-manager.pb.go:599.34,599.35 0 0
stratium/services/key-manager/key-manager.pb.go:601.56,603.14 2 0
stratium/services/key-manager/key-manager.pb.go:603.14,605.34 2 0
stratium/services/key-manager/key-manager.pb.go:605.34,607.4 1 0
stratium/services/key-manager/key-manager.pb.go:608.3,608.12 1 0
stratium/services/key-manager/key-manager.pb.go:610.2,610.24 1 0
stratium/services/key-manager/key-manager.pb.go:614.47,616.2 1 0
stratium/services/key-manager/key-manager.pb.go:618.39,619.14 1 0
stratium/services/key-manager/key-manager.pb.go:619.14,621.3 1 0
stratium/services/key-manager/key-manager.pb.go:622.2,622.11 1 0
stratium/services/key-manager/key-manager.pb.go:625.37,626.14 1 0
stratium/services/key-manager/key-manager.pb.go:626.14,628.3 1 0
stratium/services/key-manager/key-manager.pb.go:629.2,629.11 1 0
stratium/services/key-manager/key-manager.pb.go:632.53,633.14 1 0
stratium/services/key-manager/key-manager.pb.go:633.14,635.3 1 0
stratium/services/key-manager/key-manager.pb.go:636.2,636.12 1 0
stratium/services/key-manager/key-manager.pb.go:639.49,640.14 1 0
stratium/services/key-manager/key-manager.pb.go:640.14,642.3 1 0
stratium/services/key-manager/key-manager.pb.go:643.2,643.12 1 0
stratium/services/key-manager/key-manager.pb.go:646.49,647.14 1 0
stratium/services/key-manager/key-manager.pb.go:647.14,649.3 1 0
stratium/services/key-manager/key-manager.pb.go:650.2,650.12 1 0
stratium/services/key-manager/key-manager.pb.go:653.38,654.14 1 0
stratium/services/key-manager/key-manager.pb.go:654.14,656.3 1 0
stratium/services/key-manager/key-manager.pb.go:657.2,657.14 1 0
stratium/services/key-manager/key-manager.pb.go:671.29,676.2 4 0
stratium/services/key-manager/key-manager.pb.go:678.37,680.2 1 0
stratium/services/key-manager/key-manager.pb.go:682.35,682.36 0 0
stratium/services/key-manager/key-manager.pb.go:684.57,686.14 2 0
stratium/services/key-manager/key-manager.pb.go:686.14,688.34 2 0
stratium/services/key-manager/key-manager.pb.go:688.34,690.4 1 0
stratium/services/key-manager/key-manager.pb.go:691.3,691.12 1 0
stratium/services/key-manager/key-manager.pb.go:693.2,693.24 1 0
stratium/services/key-manager/key-manager.pb.go:697.48,699.2 1 0
stratium/services/key-manager/key-manager.pb.go:701.38,702.14 1 0
stratium/services/key-manager/key-manager.pb.go:702.14,704.3 1 0
stratium/services/key-manager/key-manager.pb.go:705.2,705.11 1 0
stratium/services/key-manager/key-manager.pb.go:708.42,709.14 1 0
stratium/services/key-manager/key-manager.pb.go:709.14,711.3 1 0
stratium/services/key-manager/key-manager.pb.go:712.2,712.11 1 0
stratium/services/key-manager/key-manager.pb.go:715.39,716.14 1 0
stratium/services/key-manager/key-manager.pb.go:716.14,718.3 1 0
stratium/services/key-manager/key-manager.pb.go:719.2,719.11 1 0
stratium/services/key-manager/key-manager.pb.go:722.55,723.14 1 0
stratium/services/key-manager/key-manager.pb.go:723.14,725.3 1 0
stratium/services/key-manager/key-manager.pb.go:726.2,726.12 1 0
stratium/services/key-manager/key-manager.pb.go:747.36,752.2 4 1
stratium/services/key-manager/key-manager.pb.go:754.44,756.2 1 0
stratium/services/key-manager/key-manager.pb.go:758.42,758.43 0 0
stratium/services/key-manager/key-manager.pb.go:760.64,762.14 2 1
stratium/services/key-manager/key-manager.pb.go:762.14,764.34 2 1
stratium/services/key-manager/key-manager.pb.go:764.34,766.4 1 1
stratium/services/key-manager/key-manager.pb.go:767.3,767.12 1 1
stratium/services/key-manager/key-manager.pb.go:769.2,769.24 1 0
stratium/services/key-manager/key-manager.pb.go:773.55,775.2 1 0
stratium/services/key-manager/key-manager.pb.go:777.45,778.14 1 0
stratium/services/key-manager/key-manager.pb.go:778.14,780.3 1 0
stratium/services/key-manager/key-manager.pb.go:781.2,781.11 1 0
stratium/services/key-manager/key-manager.pb.go:784.49,785.14 1 0
stratium/services/key-manager/key-manager.pb.go:785.14,787.3 1 0
stratium/services/key-manager/key-manager.pb.go:788.2,788.37 1 0
stratium/services/key-manager/key-manager.pb.go:791.62,792.14 1 0
stratium/services/key-manager/key-manager.pb.go:792.14,794.3 1 0
stratium/services/key-manager/key-manager.pb.go:795.2,795.54 1 0
stratium/services/key-manager/key-manager.pb.go:798.63,799.14 1 0
stratium/services/key-manager/key-manager.pb.go:799.14,801.3 1 0
stratium/services/key-manager/key-manager.pb.go:802.2,802.51 1 0
stratium/services/key-manager/key-manager.pb.go:805.60,806.14 1 0
stratium/services/key-manager/key-manager.pb.go:806.14,808.3 1 0
stratium/services/key-manager/key-manager.pb.go:809.2,809.10 1 0
stratium/services/key-manager/key-manager.pb.go:812.53,813.14 1 0
stratium/services/key-manager/key-manager.pb.go:813.14,815.3 1 0
stratium/services/key-manager/key-manager.pb.go:816.2,816.10 1 0
stratium/services/key-manager/key-manager.pb.go:819.66,820.14 1 0
stratium/services/key-manager/key-manager.pb.go:820.14,822.3 1 0
stratium/services/key-manager/key-manager.pb.go:823.2,823.12 1 0
stratium/services/key-manager/key-manager.pb.go:826.60,827.14 1 0
stratium/services/key-manager/key-manager.pb.go:827.14,829.3 1 0
stratium/services/key-manager/key-manager.pb.go:830.2,830.12 1 0
stratium/services/key-manager/key-manager.pb.go:833.61,834.14 1 0
stratium/services/key-manager/key-manager.pb.go:834.14,836.3 1 0
stratium/services/key-manager/key-manager.pb.go:837.2,837.12 1 0
stratium/services/key-manager/key-manager.pb.go:840.62,841.14 1 0
stratium/services/key-manager/key-manager.pb.go:841.14,843.3 1 0
stratium/services/key-manager/key-manager.pb.go:844.2,844.12 1 0
stratium/services/key-manager/key-manager.pb.go:847.66,848.14 1 0
stratium/services/key-manager/key-manager.pb.go:848.14,850.3 1 0
stratium/services/key-manager/key-manager.pb.go:851.2,851.12 1 0
stratium/services/key-manager/key-manager.pb.go:863.37,868.2 4 1
stratium/services/key-manager/key-manager.pb.go:870.45,872.2 1 0
stratium/services/key-manager/key-manager.pb.go:874.43,874.44 0 0
stratium/services/key-manager/key-manager.pb.go:876.65,878.14 2 1
stratium/services/key-manager/key-manager.pb.go:878.14,880.34 2 1
stratium/services/key-manager/key-manager.pb.go:880.34,882.4 1 1
stratium/services/key-manager/key-manager.pb.go:883.3,883.12 1 1
stratium/services/key-manager/key-manager.pb.go:885.2,885.24 1 0
stratium/services/key-manager/key-manager.pb.go:889.56,891.2 1 0
stratium/services/key-manager/key-manager.pb.go:893.43,894.14 1 0
stratium/services/key-manager/key-manager.pb.go:894.14,896.3 1 0
stratium/services/key-manager/key-manager.pb.go:897.2,897.12 1 0
stratium/services/key-manager/key-manager.pb.go:900.67,901.14 1 0
stratium/services/key-manager/key-manager.pb.go:901.14,903.3 1 0
stratium/services/key-manager/key-manager.pb.go:904.2,904.12 1 0
stratium/services/key-manager/key-manager.pb.go:916.33,921.2 4 0
stratium/services/key-manager/key-manager.pb.go:923.41,925.2 1 0
stratium/services/key-manager/key-manager.pb.go:927.39,927.40 0 0
stratium/services/key-manager/key-manager.pb.go:929.61,931.14 2 0
stratium/services/key-manager/key-manager.pb.go:931.14,933.34 2 0
stratium/services/key-manager/key-manager.pb.go:933.34,935.4 1 0
stratium/services/key-manager/key-manager.pb.go:936.3,936.12 1 0
stratium/services/key-manager/key-manager.pb.go:938.2,938.24 1 0
stratium/services/key-manager/key-manager.pb.go:942.52,944.2 1 0
stratium/services/key-manager/key-manager.pb.go:946.43,947.14 1 0
stratium/services/key-manager/key-manager.pb.go:947.14,949.3 1 0
stratium/services/key-manager/key-manager.pb.go:950.2,950.11 1 0
stratium/services/key-manager/key-manager.pb.go:953.52,954.14 1 0
stratium/services/key-manager/key-manager.pb.go:954.14,956.3 1 0
stratium/services/key-manager/key-manager.pb.go:957.2,957.14 1 0
stratium/services/key-manager/key-manager.pb.go:969.34,974.2 4 0
stratium/services/key-manager/key-manager.pb.go:976.42,978.2 1 0
stratium/services/key-manager/key-manager.pb.go:980.40,980.41 0 0
stratium/services/key-manager/key-manager.pb.go:982.62,984.14 2 0
stratium/services/key-manager/key-manager.pb.go:984.14,986.34 2 0
stratium/services/key-manager/key-manager.pb.go:986.34,988.4 1 0
stratium/services/key-manager/key-manager.pb.go:989.3,989.12 1 0
stratium/services/key-manager/key-manager.pb.go:991.2,991.24 1 0
stratium/services/key-manager/key-manager.pb.go:995.53,997.2 1 0
stratium/services/key-manager/key-manager.pb.go:999.40,1000.14 1 0
stratium/services/key-manager/key-manager.pb.go:1000.14,1002.3 1 0
stratium/services/key-manager/key-manager.pb.go:1003.2,1003.12 1 0
stratium/services/key-manager/key-manager.pb.go:1006.64,1007.14 1 0
stratium/services/key-manager/key-manager.pb.go:1007.14,1009.3 1 0
stratium/services/key-manager/key-manager.pb.go:1010.2,1010.12 1 0
stratium/services/key-manager/key-manager.pb.go:1026.35,1031.2 4 0
stratium/services/key-manager/key-manager.pb.go:1033.43,1035.2 1 0
stratium/services/key-manager/key-manager.pb.go:1037.41,1037.42 0 0
stratium/services/key-manager/key-manager.pb.go:1039.63,1041.14 2 0
stratium/services/key-manager/key-manager.pb.go:1041.14,1043.34 2 0
stratium/services/key-manager/key-manager.pb.go:1043.34,1045.4 1 0
stratium/services/key-manager/key-manager.pb.go:1046.3,1046.12 1 0
stratium/services/key-manager/key-manager.pb.go:1048.2,1048.24 1 0
stratium/services/key-manager/key-manager.pb.go:1052.54,1054.2 1 0
stratium/services/key-manager/key-manager.pb.go:1056.53,1057.14 1 0
stratium/services/key-manager/key-manager.pb.go:1057.14,1059.3 1 0
stratium/services/key-manager/key-manager.pb.go:1060.2,1060.11 1 0
stratium/services/key-manager/key-manager.pb.go:1063.54,1064.14 1 0
stratium/services/key-manager/key-manager.pb.go:1064.14,1066.3 1 0
stratium/services/key-manager/key-manager.pb.go:1067.2,1067.11 1 0
stratium/services/key-manager/key-manager.pb.go:1070.67,1071.14 1 0
stratium/services/key-manager/key-manager.pb.go:1071.14,1073.3 1 0
stratium/services/key-manager/key-manager.pb.go:1074.2,1074.54 1 0
stratium/services/key-manager/key-manager.pb.go:1077.55,1078.14 1 0
stratium/services/key-manager/key-manager.pb.go:1078.14,1080.3 1 0
stratium/services/key-manager/key-manager.pb.go:1081.2,1081.41 1 0
stratium/services/key-manager/key-manager.pb.go:1084.47,1085.14 1 0
stratium/services/key-manager/key-manager.pb.go:1085.14,1087.3 1 0
stratium/services/key-manager/key-manager.pb.go:1088.2,1088.10 1 0
stratium/services/key-manager/key-manager.pb.go:1091.49,1092.14 1 0
stratium/services/key-manager/key-manager.pb.go:1092.14,1094.3 1 0
stratium/services/key-manager/key-manager.pb.go:1095.2,1095.11 1 0
stratium/services/key-manager/key-manager.pb.go:1109.36,1114.2 4 0
stratium/services/key-manager/key-manager.pb.go:1116.44,1118.2 1 0
stratium/services/key-manager/key-manager.pb.go:1120.42,1120.43 0 0
stratium/services/key-manager/key-manager.pb.go:1122.64,1124.14 2 0
stratium/services/key-manager/key-manager.pb.go:1124.14,1126.34 2 0
stratium/services/key-manager/key-manager.pb.go:1126.34,1128.4 1 0
stratium/services/key-manager/key-manager.pb.go:1129.3,1129.12 1 0
stratium/services/key-manager/key-manager.pb.go:1131.2,1131.24 1 0
stratium/services/key-manager/key-manager.pb.go:1135.55,1137.2 1 0
stratium/services/key-manager/key-manager.pb.go:1139.45,1140.14 1 0
stratium/services/key-manager/key-manager.pb.go:1140.14,1142.3 1 0
stratium/services/key-manager/key-manager.pb.go:1143.2,1143.12 1 0
stratium/services/key-manager/key-manager.pb.go:1146.54,1147.14 1 0
stratium/services/key-manager/key-manager.pb.go:1147.14,1149.3 1 0
stratium/services/key-manager/key-manager.pb.go:1150.2,1150.11 1 0
stratium/services/key-manager/key-manager.pb.go:1153.50,1154.14 1 0
stratium/services/key-manager/key-manager.pb.go:1154.14,1156.3 1 0
stratium/services/key-manager/key-manager.pb.go:1157.2,1157.10 1 0
stratium/services/key-manager/key-manager.pb.go:1160.66,1161.14 1 0
stratium/services/key-manager/key-manager.pb.go:1161.14,1163.3 1 0
stratium/services/key-manager/key-manager.pb.go:1164.2,1164.12 1 0
stratium/services/key-manager/key-manager.pb.go:1176.36,1181.2 4 0
stratium/services/key-manager/key-manager.pb.go:1183.44,1185.2 1 0
stratium/services/key-manager/key-manager.pb.go:1187.42,1187.43 0 0
stratium/services/key-manager/key-manager.pb.go:1189.64,1191.14 2 0
stratium/services/key-manager/key-manager.pb.go:1191.14,1193.34 2 0
stratium/services/key-manager/key-manager.pb.go:1193.34,1195.4 1 0
stratium/services/key-manager/key-manager.pb.go:1196.3,1196.12 1 0
stratium/services/key-manager/key-manager.pb.go:1198.2,1198.24 1 0
stratium/services/key-manager/key-manager.pb.go:1202.55,1204.2 1 0
stratium/services/key-manager/key-manager.pb.go:1206.46,1207.14 1 0
stratium/services/key-manager/key-manager.pb.go:1207.14,1209.3 1 0
stratium/services/key-manager/key-manager.pb.go:1210.2,1210.11 1 0
stratium/services/key-manager/key-manager.pb.go:1213.44,1214.14 1 0
stratium/services/key-manager/key-manager.pb.go:1214.14,1216.3 1 0
stratium/services/key-manager/key-manager.pb.go:1217.2,1217.14 1 0
stratium/services/key-manager/key-manager.pb.go:1230.37,1235.2 4 0
stratium/services/key-manager/key-manager.pb.go:1237.45,1239.2 1 0
stratium/services/key-manager/key-manager.pb.go:1241.43,1241.44 0 0
stratium/services/key-manager/key-manager.pb.go:1243.65,1245.14 2 0
stratium/services/key-manager/key-manager.pb.go:1245.14,1247.34 2 0
stratium/services/key-manager/key-manager.pb.go:1247.34,1249.4 1 0
stratium/services/key-manager/key-manager.pb.go:1250.3,1250.12 1 0
stratium/services/key-manager/key-manager.pb.go:1252.2,1252.24 1 0
stratium/services/key-manager/key-manager.pb.go:1256.56,1258.2 1 0
stratium/services/key-manager/key-manager.pb.go:1260.47,1261.14 1 0
stratium/services/key-manager/key-manager.pb.go:1261.14,1263.3 1 0
stratium/services/key-manager/key-manager.pb.go:1264.2,1264.14 1 0
stratium/services/key-manager/key-manager.pb.go:1267.49,1268.14 1 0
stratium/services/key-manager/key-manager.pb.go:1268.14,1270.3 1 0
stratium/services/key-manager/key-manager.pb.go:1271.2,1271.11 1 0
stratium/services/key-manager/key-manager.pb.go:1274.67,1275.14 1 0
stratium/services/key-manager/key-manager.pb.go:1275.14,1277.3 1 0
stratium/services/key-manager/key-manager.pb.go:1278.2,1278.12 1 0
stratium/services/key-manager/key-manager.pb.go:1291.36,1296.2 4 0
stratium/services/key-manager/key-manager.pb.go:1298.44,1300.2 1 0
stratium/services/key-manager/key-manager.pb.go:1302.42,1302.43 0 0
stratium/services/key-manager/key-manager.pb.go:1304.64,1306.14 2 0
stratium/services/key-manager/key-manager.pb.go:1306.14,1308.34 2 0
stratium/services/key-manager/key-manager.pb.go:1308.34,1310.4 1 0
stratium/services/key-manager/key-manager.pb.go:1311.3,1311.12 1 0
stratium/services/key-manager/key-manager.pb.go:1313.2,1313.24 1 0
stratium/services/key-manager/key-manager.pb.go:1317.55,1319.2 1 0
stratium/services/key-manager/key-manager.pb.go:1321.46,1322.14 1 0
stratium/services/key-manager/key-manager.pb.go:1322.14,1324.3 1 0
stratium/services/key-manager/key-manager.pb.go:1325.2,1325.11 1 0
stratium/services/key-manager/key-manager.pb.go:1328.44,1329.14 1 0
stratium/services/key-manager/key-manager.pb.go:1329.14,1331.3 1 0
stratium/services/key-manager/key-manager.pb.go:1332.2,1332.14 1 0
stratium/services/key-manager/key-manager.pb.go:1335.68,1336.14 1 0
stratium/services/key-manager/key-manager.pb.go:1336.14,1338.3 1 0
stratium/services/key-manager/key-manager.pb.go:1339.2,1339.12 1 0
stratium/services/key-manager/key-manager.pb.go:1352.37,1357.2 4 0
stratium/services/key-manager/key-manager.pb.go:1359.45,1361.2 1 0
stratium/services/key-manager/key-manager.pb.go:1363.43,1363.44 0 0
stratium/services/key-manager/key-manager.pb.go:1365.65,1367.14 2 0
stratium/services/key-manager/key-manager.pb.go:1367.14,1369.34 2 0
stratium/services/key-manager/key-manager.pb.go:1369.34,1371.4 1 0
stratium/services/key-manager/key-manager.pb.go:1372.3,1372.12 1 0
stratium/services/key-manager/key-manager.pb.go:1374.2,1374.24 1 0
stratium/services/key-manager/key-manager.pb.go:1378.56,1380.2 1 0
stratium/services/key-manager/key-manager.pb.go:1382.46,1383.14 1 0
stratium/services/key-manager/key-manager.pb.go:1383.14,1385.3 1 0
stratium/services/key-manager/key-manager.pb.go:1386.2,1386.12 1 0
stratium/services/key-manager/key-manager.pb.go:1389.46,1390.14 1 0
stratium/services/key-manager/key-manager.pb.go:1390.14,1392.3 1 0
stratium/services/key-manager/key-manager.pb.go:1393.2,1393.12 1 0
stratium/services/key-manager/key-manager.pb.go:1396.67,1397.14 1 0
stratium/services/key-manager/key-manager.pb.go:1397.14,1399.3 1 0
stratium/services/key-manager/key-manager.pb.go:1400.2,1400.12 1 0
stratium/services/key-manager/key-manager.pb.go:1417.36,1422.2 4 1
stratium/services/key-manager/key-manager.pb.go:1424.44,1426.2 1 0
stratium/services/key-manager/key-manager.pb.go:1428.42,1428.43 0 0
stratium/services/key-manager/key-manager.pb.go:1430.64,1432.14 2 1
stratium/services/key-manager/key-manager.pb.go:1432.14,1434.34 2 1
stratium/services/key-manager/key-manager.pb.go:1434.34,1436.4 1 1
stratium/services/key-manager/key-manager.pb.go:1437.3,1437.12 1 1
stratium/services/key-manager/key-manager.pb.go:1439.2,1439.24 1 0
stratium/services/key-manager/key-manager.pb.go:1443.55,1445.2 1 0
stratium/services/key-manager/key-manager.pb.go:1447.48,1448.14 1 0
stratium/services/key-manager/key-manager.pb.go:1448.14,1450.3 1 0
stratium/services/key-manager/key-manager.pb.go:1451.2,1451.11 1 0
stratium/services/key-manager/key-manager.pb.go:1454.49,1455.14 1 0
stratium/services/key-manager/key-manager.pb.go:1455.14,1457.3 1 0
stratium/services/key-manager/key-manager.pb.go:1458.2,1458.11 1 0
stratium/services/key-manager/key-manager.pb.go:1461.53,1462.14 1 0
stratium/services/key-manager/key-manager.pb.go:1462.14,1464.3 1 0
stratium/services/key-manager/key-manager.pb.go:1465.2,1465.12 1 0
stratium/services/key-manager/key-manager.pb.go:1468.46,1469.14 1 0
stratium/services/key-manager/key-manager.pb.go:1469.14,1471.3 1 0
stratium/services/key-manager/key-manager.pb.go:1472.2,1472.11 1 0
stratium/services/key-manager/key-manager.pb.go:1475.52,1476.14 1 0
stratium/services/key-manager/key-manager.pb.go:1476.14,1478.3 1 0
stratium/services/key-manager/key-manager.pb.go:1479.2,1479.11 1 0
stratium/services/key-manager/key-manager.pb.go:1482.59,1483.14 1 0
stratium/services/key-manager/key-manager.pb.go:1483.14,1485.3 1 0
stratium/services/key-manager/key-manager.pb.go:1486.2,1486.12 1 0
stratium/services/key-manager/key-manager.pb.go:1489.47,1490.14 1 0
stratium/services/key-manager/key-manager.pb.go:1490.14,1492.3 1 0
stratium/services/key-manager/key-manager.pb.go:1493.2,1493.11 1 0
stratium/services/key-manager/key-manager.pb.go:1509.37,1514.2 4 1
stratium/services/key-manager/key-manager.pb.go:1516.45,1518.2 1 0
stratium/services/key-manager/key-manager.pb.go:1520.43,1520.44 0 0
stratium/services/key-manager/key-manager.pb.go:1522.65,1524.14 2 1
stratium/services/key-manager/key-manager.pb.go:1524.14,1526.34 2 1
stratium/services/key-manager/key-manager.pb.go:1526.34,1528.4 1 1
stratium/services/key-manager/key-manager.pb.go:1529.3,1529.12 1 1
stratium/services/key-manager/key-manager.pb.go:1531.2,1531.24 1 0
stratium/services/key-manager/key-manager.pb.go:1535.56,1537.2 1 0
stratium/services/key-manager/key-manager.pb.go:1539.64,1540.14 1 0
stratium/services/key-manager/key-manager.pb.go:1540.14,1542.3 1 0
stratium/services/key-manager/key-manager.pb.go:1543.2,1543.12 1 0
stratium/services/key-manager/key-manager.pb.go:1546.54,1547.14 1 0
stratium/services/key-manager/key-manager.pb.go:1547.14,1549.3 1 0
stratium/services/key-manager/key-manager.pb.go:1550.2,1550.11 1 0
stratium/services/key-manager/key-manager.pb.go:1553.53,1554.14 1 0
stratium/services/key-manager/key-manager.pb.go:1554.14,1556.3 1 0
stratium/services/key-manager/key-manager.pb.go:1557.2,1557.14 1 0
stratium/services/key-manager/key-manager.pb.go:1560.54,1561.14 1 0
stratium/services/key-manager/key-manager.pb.go:1561.14,1563.3 1 0
stratium/services/key-manager/key-manager.pb.go:1564.2,1564.11 1 0
stratium/services/key-manager/key-manager.pb.go:1567.56,1568.14 1 0
stratium/services/key-manager/key-manager.pb.go:1568.14,1570.3 1 0
stratium/services/key-manager/key-manager.pb.go:1571.2,1571.12 1 0
stratium/services/key-manager/key-manager.pb.go:1574.67,1575.14 1 0
stratium/services/key-manager/key-manager.pb.go:1575.14,1577.3 1 0
stratium/services/key-manager/key-manager.pb.go:1578.2,1578.12 1 0
stratium/services/key-manager/key-manager.pb.go:1589.40,1594.2 4 0
stratium/services/key-manager/key-manager.pb.go:1596.48,1598.2 1 0
stratium/services/key-manager/key-manager.pb.go:1600.46,1600.47 0 0
stratium/services/key-manager/key-manager.pb.go:1602.68,1604.14 2 0
stratium/services/key-manager/key-manager.pb.go:1604.14,1606.34 2 0
stratium/services/key-manager/key-manager.pb.go:1606.34,1608.4 1 0
stratium/services/key-manager/key-manager.pb.go:1609.3,1609.12 1 0
stratium/services/key-manager/key-manager.pb.go:1611.2,1611.24 1 0
stratium/services/key-manager/key-manager.pb.go:1615.59,1617.2 1 0
stratium/services/key-manager/key-manager.pb.go:1619.56,1620.14 1 0
stratium/services/key-manager/key-manager.pb.go:1620.14,1622.3 1 0
stratium/services/key-manager/key-manager.pb.go:1623.2,1623.14 1 0
stratium/services/key-manager/key-manager.pb.go:1635.41,1640.2 4 0
stratium/services/key-manager/key-manager.pb.go:1642.49,1644.2 1 0
stratium/services/key-manager/key-manager.pb.go:1646.47,1646.48 0 0
stratium/services/key-manager/key-manager.pb.go:1648.69,1650.14 2 0
stratium/services/key-manager/key-manager.pb.go:1650.14,1652.34 2 0
stratium/services/key-manager/key-manager.pb.go:1652.34,1654.4 1 0
stratium/services/key-manager/key-manager.pb.go:1655.3,1655.12 1 0
stratium/services/key-manager/key-manager.pb.go:1657.2,1657.24 1 0
stratium/services/key-manager/key-manager.pb.go:1661.60,1663.2 1 0
stratium/services/key-manager/key-manager.pb.go:1665.63,1666.14 1 0
stratium/services/key-manager/key-manager.pb.go:1666.14,1668.3 1 0
stratium/services/key-manager/key-manager.pb.go:1669.2,1669.12 1 0
stratium/services/key-manager/key-manager.pb.go:1672.71,1673.14 1 0
stratium/services/key-manager/key-manager.pb.go:1673.14,1675.3 1 0
stratium/services/key-manager/key-manager.pb.go:1676.2,1676.12 1 0
stratium/services/key-manager/key-manager.pb.go:1687.42,1692.2 4 0
stratium/services/key-manager/key-manager.pb.go:1694.50,1696.2 1 0
stratium/services/key-manager/key-manager.pb.go:1698.48,1698.49 0 0
stratium/services/key-manager/key-manager.pb.go:1700.70,1702.14 2 0
stratium/services/key-manager/key-manager.pb.go:1702.14,1704.34 2 0
stratium/services/key-manager/key-manager.pb.go:1704.34,1706.4 1 0
stratium/services/key-manager/key-manager.pb.go:1707.3,1707.12 1 0
stratium/services/key-manager/key-manager.pb.go:1709.2,1709.24 1 0
stratium/services/key-manager/key-manager.pb.go:1713.61,1715.2 1 0
stratium/services/key-manager/key-manager.pb.go:1717.68,1718.14 1 0
stratium/services/key-manager/key-manager.pb.go:1718.14,1720.3 1 0
stratium/services/key-manager/key-manager.pb.go:1721.2,1721.54 1 0
stratium/services/key-manager/key-manager.pb.go:1733.43,1738.2 4 0
stratium/services/key-manager/key-manager.pb.go:1740.51,1742.2 1 0
stratium/services/key-manager/key-manager.pb.go:1744.49,1744.50 0 0
stratium/services/key-manager/key-manager.pb.go:1746.71,1748.14 2 0
stratium/services/key-manager/key-manager.pb.go:1748.14,1750.34 2 0
stratium/services/key-manager/key-manager.pb.go:1750.34,1752.4 1 0
stratium/services/key-manager/key-manager.pb.go:1753.3,1753.12 1 0
stratium/services/key-manager/key-manager.pb.go:1755.2,1755.24 1 0
stratium/services/key-manager/key-manager.pb.go:1759.62,1761.2 1 0
stratium/services/key-manager/key-manager.pb.go:1763.62,1764.14 1 0
stratium/services/key-manager/key-manager.pb.go:1764.14,1766.3 1 0
stratium/services/key-manager/key-manager.pb.go:1767.2,1767.12 1 0
stratium/services/key-manager/key-manager.pb.go:1770.73,1771.14 1 0
stratium/services/key-manager/key-manager.pb.go:1771.14,1773.3 1 0
stratium/services/key-manager/key-manager.pb.go:1774.2,1774.12 1 0
stratium/services/key-manager/key-manager.pb.go:1794.44,1799.2 4 0
stratium/services/key-manager/key-manager.pb.go:1801.52,1803.2 1 0
stratium/services/key-manager/key-manager.pb.go:1805.50,1805.51 0 0
stratium/services/key-manager/key-manager.pb.go:1807.72,1809.14 2 0
stratium/services/key-manager/key-manager.pb.go:1809.14,1811.34 2 0
stratium/services/key-manager/key-manager.pb.go:1811.34,1813.4 1 0
stratium/services/key-manager/key-manager.pb.go:1814.3,1814.12 1 0
stratium/services/key-manager/key-manager.pb.go:1816.2,1816.24 1 0
stratium/services/key-manager/key-manager.pb.go:1820.63,1822.2 1 0
stratium/services/key-manager/key-manager.pb.go:1824.57,1825.14 1 0
stratium/services/key-manager/key-manager.pb.go:1825.14,1827.3 1 0
stratium/services/key-manager/key-manager.pb.go:1828.2,1828.11 1 0
stratium/services/key-manager/key-manager.pb.go:1831.61,1832.14 1 0
stratium/services/key-manager/key-manager.pb.go:1832.14,1834.3 1 0
stratium/services/key-manager/key-manager.pb.go:1835.2,1835.11 1 0
stratium/services/key-manager/key-manager.pb.go:1838.57,1839.14 1 0
stratium/services/key-manager/key-manager.pb.go:1839.14,1841.3 1 0
stratium/services/key-manager/key-manager.pb.go:1842.2,1842.37 1 0
stratium/services/key-manager/key-manager.pb.go:1845.74,1846.14 1 0
stratium/services/key-manager/key-manager.pb.go:1846.14,1848.3 1 0
stratium/services/key-manager/key-manager.pb.go:1849.2,1849.12 1 0
stratium/services/key-manager/key-manager.pb.go:1852.68,1853.14 1 0
stratium/services/key-manager/key-manager.pb.go:1853.14,1855.3 1 0
stratium/services/key-manager/key-manager.pb.go:1856.2,1856.12 1 0
stratium/services/key-manager/key-manager.pb.go:1874.45,1879.2 4 0
stratium/services/key-manager/key-manager.pb.go:1881.53,1883.2 1 0
stratium/services/key-manager/key-manager.pb.go:1885.51,1885.52 0 0
stratium/services/key-manager/key-manager.pb.go:1887.73,1889.14 2 0
stratium/services/key-manager/key-manager.pb.go:1889.14,1891.34 2 0
stratium/services/key-manager/key-manager.pb.go:1891.34,1893.4 1 0
stratium/services/key-manager/key-manager.pb.go:1894.3,1894.12 1 0
stratium/services/key-manager/key-manager.pb.go:1896.2,1896.24 1 0
stratium/services/key-manager/key-manager.pb.go:1900.64,1902.2 1 0
stratium/services/key-manager/key-manager.pb.go:1904.51,1905.14 1 0
stratium/services/key-manager/key-manager.pb.go:1905.14,1907.3 1 0
stratium/services/key-manager/key-manager.pb.go:1908.2,1908.12 1 0
stratium/services/key-manager/key-manager.pb.go:1911.55,1912.14 1 0
stratium/services/key-manager/key-manager.pb.go:1912.14,1914.3 1 0
stratium/services/key-manager/key-manager.pb.go:1915.2,1915.14 1 0
stratium/services/key-manager/key-manager.pb.go:1918.62,1919.14 1 0
stratium/services/key-manager/key-manager.pb.go:1919.14,1921.3 1 0
stratium/services/key-manager/key-manager.pb.go:1922.2,1922.11 1 0
stratium/services/key-manager/key-manager.pb.go:1925.75,1926.14 1 0
stratium/services/key-manager/key-manager.pb.go:1926.14,1928.3 1 0
stratium/services/key-manager/key-manager.pb.go:1929.2,1929.12 1 0
stratium/services/key-manager/key-manager.pb.go:1943.39,1948.2 4 0
stratium/services/key-manager/key-manager.pb.go:1950.47,1952.2 1 0
stratium/services/key-manager/key-manager.pb.go:1954.45,1954.46 0 0
stratium/services/key-manager/key-manager.pb.go:1956.67,1958.14 2 0
stratium/services/key-manager/key-manager.pb.go:1958.14,1960.34 2 0
stratium/services/key-manager/key-manager.pb.go:1960.34,1962.4 1 0
stratium/services/key-manager/key-manager.pb.go:1963.3,1963.12 1 0
stratium/services/key-manager/key-manager.pb.go:1965.2,1965.24 1 0
stratium/services/key-manager/key-manager.pb.go:1969.58,1971.2 1 0
stratium/services/key-manager/key-manager.pb.go:1973.52,1974.14 1 0
stratium/services/key-manager/key-manager.pb.go:1974.14,1976.3 1 0
stratium/services/key-manager/key-manager.pb.go:1977.2,1977.11 1 0
stratium/services/key-manager/key-manager.pb.go:1980.49,1981.14 1 0
stratium/services/key-manager/key-manager.pb.go:1981.14,1983.3 1 0
stratium/services/key-manager/key-manager.pb.go:1984.2,1984.11 1 0
stratium/services/key-manager/key-manager.pb.go:2002.40,2007.2 4 0
stratium/services/key-manager/key-manager.pb.go:2009.48,2011.2 1 0
stratium/services/key-manager/key-manager.pb.go:2013.46,2013.47 0 0
stratium/services/key-manager/key-manager.pb.go:2015.68,2017.14 2 0
stratium/services/key-manager/key-manager.pb.go:2017.14,2019.34 2 0
stratium/services/key-manager/key-manager.pb.go:2019.34,2021.4 1 0
stratium/services/key-manager/key-manager.pb.go:2022.3,2022.12 1 0
stratium/services/key-manager/key-manager.pb.go:2024.2,2024.24 1 0
stratium/services/key-manager/key-manager.pb.go:2028.59,2030.2 1 0
stratium/services/key-manager/key-manager.pb.go:2032.46,2033.14 1 0
stratium/services/key-manager/key-manager.pb.go:2033.14,2035.3 1 0
stratium/services/key-manager/key-manager.pb.go:2036.2,2036.12 1 0
stratium/services/key-manager/key-manager.pb.go:2039.48,2040.14 1 0
stratium/services/key-manager/key-manager.pb.go:2040.14,2042.3 1 0
stratium/services/key-manager/key-manager.pb.go:2043.2,2043.14 1 0
stratium/services/key-manager/key-manager.pb.go:2046.57,2047.14 1 0
stratium/services/key-manager/key-manager.pb.go:2047.14,2049.3 1 0
stratium/services/key-manager/key-manager.pb.go:2050.2,2050.11 1 0
stratium/services/key-manager/key-manager.pb.go:2053.70,2054.14 1 0
stratium/services/key-manager/key-manager.pb.go:2054.14,2056.3 1 0
stratium/services/key-manager/key-manager.pb.go:2057.2,2057.12 1 0
stratium/services/key-manager/key-manager.pb.go:2075.41,2080.2 4 0
stratium/services/key-manager/key-manager.pb.go:2082.49,2084.2 1 0
stratium/services/key-manager/key-manager.pb.go:2086.47,2086.48 0 0
stratium/services/key-manager/key-manager.pb.go:2088.69,2090.14 2 0
stratium/services/key-manager/key-manager.pb.go:2090.14,2092.34 2 0
stratium/services/key-manager/key-manager.pb.go:2092.34,2094.4 1 0
stratium/services/key-manager/key-manager.pb.go:2095.3,2095.12 1 0
stratium/services/key-manager/key-manager.pb.go:2097.2,2097.24 1 0
stratium/services/key-manager/key-manager.pb.go:2101.60,2103.2 1 0
stratium/services/key-manager/key-manager.pb.go:2105.54,2106.14 1 0
stratium/services/key-manager/key-manager.pb.go:2106.14,2108.3 1 0
stratium/services/key-manager/key-manager.pb.go:2109.2,2109.11 1 0
stratium/services/key-manager/key-manager.pb.go:2112.53,2113.14 1 0
stratium/services/key-manager/key-manager.pb.go:2113.14,2115.3 1 0
stratium/services/key-manager/key-manager.pb.go:2116.2,2116.10 1 0
stratium/services/key-manager/key-manager.pb.go:2119.55,2120.14 1 0
stratium/services/key-manager/key-manager.pb.go:2120.14,2122.3 1 0
stratium/services/key-manager/key-manager.pb.go:2123.2,2123.11 1 0
stratium/services/key-manager/key-manager.pb.go:2126.58,2127.14 1 0
stratium/services/key-manager/key-manager.pb.go:2127.14,2129.3 1 0
stratium/services/key-manager/key-manager.pb.go:2130.2,2130.14 1 0
stratium/services/key-manager/key-manager.pb.go:2148.42,2153.2 4 0
stratium/services/key-manager/key-manager.pb.go:2155.50,2157.2 1 0
stratium/services/key-manager/key-manager.pb.go:2159.48,2159.49 0 0
stratium/services/key-manager/key-manager.pb.go:2161.70,2163.14 2 0
stratium/services/key-manager/key-manager.pb.go:2163.14,2165.34 2 0
stratium/services/key-manager/key-manager.pb.go:2165.34,2167.4 1 0
stratium/services/key-manager/key-manager.pb.go:2168.3,2168.12 1 0
stratium/services/key-manager/key-manager.pb.go:2170.2,2170.24 1 0
stratium/services/key-manager/key-manager.pb.go:2174.61,2176.2 1 0
stratium/services/key-manager/key-manager.pb.go:2178.51,2179.14 1 0
stratium/services/key-manager/key-manager.pb.go:2179.14,2181.3 1 0
stratium/services/key-manager/key-manager.pb.go:2182.2,2182.12 1 0
stratium/services/key-manager/key-manager.pb.go:2185.60,2186.14 1 0
stratium/services/key-manager/key-manager.pb.go:2186.14,2188.3 1 0
stratium/services/key-manager/key-manager.pb.go:2189.2,2189.11 1 0
stratium/services/key-manager/key-manager.pb.go:2192.56,2193.14 1 0
stratium/services/key-manager/key-manager.pb.go:2193.14,2195.3 1 0
stratium/services/key-manager/key-manager.pb.go:2196.2,2196.10 1 0
stratium/services/key-manager/key-manager.pb.go:2199.72,2200.14 1 0
stratium/services/key-manager/key-manager.pb.go:2200.14,2202.3 1 0
stratium/services/key-manager/key-manager.pb.go:2203.2,2203.12 1 0
stratium/services/key-manager/key-manager.pb.go:2219.42,2224.2 4 0
stratium/services/key-manager/key-manager.pb.go:2226.50,2228.2 1 0
stratium/services/key-manager/key-manager.pb.go:2230.48,2230.49 0 0
stratium/services/key-manager/key-manager.pb.go:2232.70,2234.14 2 0
stratium/services/key-manager/key-manager.pb.go:2234.14,2236.34 2 0
stratium/services/key-manager/key-manager.pb.go:2236.34,2238.4 1 0
stratium/services/key-manager/key-manager.pb.go:2239.3,2239.12 1 0
stratium/services/key-manager/key-manager.pb.go:2241.2,2241.24 1 0
stratium/services/key-manager/key-manager.pb.go:2245.61,2247.2 1 0
stratium/services/key-manager/key-manager.pb.go:2249.55,2250.14 1 0
stratium/services/key-manager/key-manager.pb.go:2250.14,2252.3 1 0
stratium/services/key-manager/key-manager.pb.go:2253.2,2253.11 1 0
stratium/services/key-manager/key-manager.pb.go:2256.52,2257.14 1 0
stratium/services/key-manager/key-manager.pb.go:2257.14,2259.3 1 0
stratium/services/key-manager/key-manager.pb.go:2260.2,2260.11 1 0
stratium/services/key-manager/key-manager.pb.go:2263.53,2264.14 1 0
stratium/services/key-manager/key-manager.pb.go:2264.14,2266.3 1 0
stratium/services/key-manager/key-manager.pb.go:2267.2,2267.11 1 0
stratium/services/key-manager/key-manager.pb.go:2283.43,2288.2 4 0
stratium/services/key-manager/key-manager.pb.go:2290.51,2292.2 1 0
stratium/services/key-manager/key-manager.pb.go:2294.49,2294.50 0 0
stratium/services/key-manager/key-manager.pb.go:2296.71,2298.14 2 0
stratium/services/key-manager/key-manager.pb.go:2298.14,2300.34 2 0
stratium/services/key-manager/key-manager.pb.go:2300.34,2302.4 1 0
stratium/services/key-manager/key-manager.pb.go:2303.3,2303.12 1 0
stratium/services/key-manager/key-manager.pb.go:2305.2,2305.24 1 0
stratium/services/key-manager/key-manager.pb.go:2309.62,2311.2 1 0
stratium/services/key-manager/key-manager.pb.go:2313.53,2314.14 1 0
stratium/services/key-manager/key-manager.pb.go:2314.14,2316.3 1 0
stratium/services/key-manager/key-manager.pb.go:2317.2,2317.14 1 0
stratium/services/key-manager/key-manager.pb.go:2320.60,2321.14 1 0
stratium/services/key-manager/key-manager.pb.go:2321.14,2323.3 1 0
stratium/services/key-manager/key-manager.pb.go:2324.2,2324.11 1 0
stratium/services/key-manager/key-manager.pb.go:2327.73,2328.14 1 0
stratium/services/key-manager/key-manager.pb.go:2328.14,2330.3 1 0
stratium/services/key-manager/key-manager.pb.go:2331.2,2331.12 1 0
stratium/services/key-manager/key-manager.pb.go:2345.38,2350.2 4 0
stratium/services/key-manager/key-manager.pb.go:2352.46,2354.2 1 0
stratium/services/key-manager/key-manager.pb.go:2356.44,2356.45 0 0
stratium/services/key-manager/key-manager.pb.go:2358.66,2360.14 2 0
stratium/services/key-manager/key-manager.pb.go:2360.14,2362.34 2 0
stratium/services/key-manager/key-manager.pb.go:2362.34,2364.4 1 0
stratium/services/key-manager/key-manager.pb.go:2365.3,2365.12 1 0
stratium/services/key-manager/key-manager.pb.go:2367.2,2367.24 1 0
stratium/services/key-manager/key-manager.pb.go:2371.57,2373.2 1 0
stratium/services/key-manager/key-manager.pb.go:2375.50,2376.14 1 0
stratium/services/key-manager/key-manager.pb.go:2376.14,2378.3 1 0
stratium/services/key-manager/key-manager.pb.go:2379.2,2379.10 1 0
stratium/services/key-manager/key-manager.pb.go:2382.52,2383.14 1 0
stratium/services/key-manager/key-manager.pb.go:2383.14,2385.3 1 0
stratium/services/key-manager/key-manager.pb.go:2386.2,2386.11 1 0
stratium/services/key-manager/key-manager.pb.go:2404.39,2409.2 4 0
stratium/services/key-manager/key-manager.pb.go:2411.47,2413.2 1 0
stratium/services/key-manager/key-manager.pb.go:2415.45,2415.46 0 0
stratium/services/key-manager/key-manager.pb.go:2417.67,2419.14 2 0
stratium/services/key-manager/key-manager.pb.go:2419.14,2421.34 2 0
stratium/services/key-manager/key-manager.pb.go:2421.34,2423.4 1 0
stratium/services/key-manager/key-manager.pb.go:2424.3,2424.12 1 0
stratium/services/key-manager/key-manager.pb.go:2426.2,2426.24 1 0
stratium/services/key-manager/key-manager.pb.go:2430.58,2432.2 1 0
stratium/services/key-manager/key-manager.pb.go:2434.53,2435.14 1 0
stratium/services/key-manager/key-manager.pb.go:2435.14,2437.3 1 0
stratium/services/key-manager/key-manager.pb.go:2438.2,2438.12 1 0
stratium/services/key-manager/key-manager.pb.go:2441.57,2442.14 1 0
stratium/services/key-manager/key-manager.pb.go:2442.14,2444.3 1 0
stratium/services/key-manager/key-manager.pb.go:2445.2,2445.11 1 0
stratium/services/key-manager/key-manager.pb.go:2448.53,2449.14 1 0
stratium/services/key-manager/key-manager.pb.go:2449.14,2451.3 1 0
stratium/services/key-manager/key-manager.pb.go:2452.2,2452.10 1 0
stratium/services/key-manager/key-manager.pb.go:2455.69,2456.14 1 0
stratium/services/key-manager/key-manager.pb.go:2456.14,2458.3 1 0
stratium/services/key-manager/key-manager.pb.go:2459.2,2459.12 1 0
stratium/services/key-manager/key-manager.pb.go:2474.42,2479.2 4 1
stratium/services/key-manager/key-manager.pb.go:2481.50,2483.2 1 0
stratium/services/key-manager/key-manager.pb.go:2485.48,2485.49 0 0
stratium/services/key-manager/key-manager.pb.go:2487.70,2489.14 2 1
stratium/services/key-manager/key-manager.pb.go:2489.14,2491.34 2 1
stratium/services/key-manager/key-manager.pb.go:2491.34,2493.4 1 1
stratium/services/key-manager/key-manager.pb.go:2494.3,2494.12 1 1
stratium/services/key-manager/key-manager.pb.go:2496.2,2496.24 1 0
stratium/services/key-manager/key-manager.pb.go:2500.61,2502.2 1 0
stratium/services/key-manager/key-manager.pb.go:2504.54,2505.14 1 1
stratium/services/key-manager/key-manager.pb.go:2505.14,2507.3 1 1
stratium/services/key-manager/key-manager.pb.go:2508.2,2508.11 1 0
stratium/services/key-manager/key-manager.pb.go:2511.58,2512.14 1 1
stratium/services/key-manager/key-manager.pb.go:2512.14,2514.3 1 1
stratium/services/key-manager/key-manager.pb.go:2515.2,2515.11 1 0
stratium/services/key-manager/key-manager.pb.go:2518.63,2519.14 1 1
stratium/services/key-manager/key-manager.pb.go:2519.14,2521.3 1 1
stratium/services/key-manager/key-manager.pb.go:2522.2,2522.12 1 0
stratium/services/key-manager/key-manager.pb.go:2525.59,2526.14 1 1
stratium/services/key-manager/key-manager.pb.go:2526.14,2528.3 1 1
stratium/services/key-manager/key-manager.pb.go:2529.2,2529.11 1 0
stratium/services/key-manager/key-manager.pb.go:2532.55,2533.14 1 0
stratium/services/key-manager/key-manager.pb.go:2533.14,2535.3 1 0
stratium/services/key-manager/key-manager.pb.go:2536.2,2536.11 1 0
stratium/services/key-manager/key-manager.pb.go:2549.43,2554.2 4 1
stratium/services/key-manager/key-manager.pb.go:2556.51,2558.2 1 0
stratium/services/key-manager/key-manager.pb.go:2560.49,2560.50 0 0
stratium/services/key-manager/key-manager.pb.go:2562.71,2564.14 2 1
stratium/services/key-manager/key-manager.pb.go:2564.14,2566.34 2 1
stratium/services/key-manager/key-manager.pb.go:2566.34,2568.4 1 1
stratium/services/key-manager/key-manager.pb.go:2569.3,2569.12 1 1
stratium/services/key-manager/key-manager.pb.go:2571.2,2571.24 1 0
stratium/services/key-manager/key-manager.pb.go:2575.62,2577.2 1 0
stratium/services/key-manager/key-manager.pb.go:2579.65,2580.14 1 0
stratium/services/key-manager/key-manager.pb.go:2580.14,2582.3 1 0
stratium/services/key-manager/key-manager.pb.go:2583.2,2583.12 1 0
stratium/services/key-manager/key-manager.pb.go:2586.60,2587.14 1 0
stratium/services/key-manager/key-manager.pb.go:2587.14,2589.3 1 0
stratium/services/key-manager/key-manager.pb.go:2590.2,2590.11 1 0
stratium/services/key-manager/key-manager.pb.go:2593.73,2594.14 1 0
stratium/services/key-manager/key-manager.pb.go:2594.14,2596.3 1 0
stratium/services/key-manager/key-manager.pb.go:2597.2,2597.12 1 0
stratium/services/key-manager/key-manager.pb.go:3191.77,3192.74 1 0
stratium/services/key-manager/key-manager.pb.go:3192.74,3194.3 1 0
stratium/services/key-manager/key-manager.pb.go:3195.2,3195.70 1 0
stratium/services/key-manager/key-manager.pb.go:3334.13,3334.73 1 1
stratium/services/key-manager/key-manager.pb.go:3335.63,3336.62 1 1
stratium/services/key-manager/key-manager.pb.go:3336.62,3338.3 1 0
stratium/services/key-manager/key-manager.pb.go:3339.2,3357.65 6 1
stratium/services/key-manager/key-manager_grpc.pb.go:68.86,70.2 1 1
stratium/services/key-manager/key-manager_grpc.pb.go:72.141,76.16 4 1
stratium/services/key-manager/key-manager_grpc.pb.go:76.16,78.3 1 0
stratium/services/key-manager/key-manager_grpc.pb.go:79.2,79.17 1 1
stratium/services/key-manager/key-manager_grpc.pb.go:82.132,86.16 4 0
stratium/services/key-manager/key-manager_grpc.pb.go:86.16,88.3 1 0
stratium/services/key-manager/key-manager_grpc.pb.go:89.2,89.17 1 0
stratium/services/key-manager/key-manager_grpc.pb.go:92.138,96.16 4 0
stratium/services/key-manager/key-manager_grpc.pb.go:96.16,98.3 1 0
stratium/services/key-manager/key-manager_grpc.pb.go:99.2,99.17 1 0
stratium/services/key-manager/key-manager_grpc.pb.go:102.141,106.16 4 0
stratium/services/key-manager/key-manager_grpc.pb.go:106.16,108.3 1 0
stratium/services/key-manager/key-manager_grpc.pb.go:109.2,109.17 1 0
stratium/services/key-manager/key-manager_grpc.pb.go:112.141,116.16 4 0
stratium/services/key-manager/key-manager_grpc.pb.go:116.16,118.3 1 0
stratium/services/key-manager/key-manager_grpc.pb.go:119.2,119.17 1 0
stratium/services/key-manager/key-manager_grpc.pb.go:122.141,126.16 4 1
stratium/services/key-manager/key-manager_grpc.pb.go:126.16,128.3 1 0
stratium/services/key-manager/key-manager_grpc.pb.go:129.2,129.17 1 1
stratium/services/key-manager/key-manager_grpc.pb.go:132.159,136.16 4 1
stratium/services/key-manager/key-manager_grpc.pb.go:136.16,138.3 1 0
stratium/services/key-manager/key-manager_grpc.pb.go:139.2,139.17 1 1
stratium/services/key-manager/key-manager_grpc.pb.go:142.153,146.16 4 0
stratium/services/key-manager/key-manager_grpc.pb.go:146.16,148.3 1 0
stratium/services/key-manager/key-manager_grpc.pb.go:149.2,149.17 1 0
stratium/services/key-manager/key-manager_grpc.pb.go:152.159,156.16 4 0
stratium/services/key-manager/key-manager_grpc.pb.go:156.16,158.3 1 0
stratium/services/key-manager/key-manager_grpc.pb.go:159.2,159.17 1 0
stratium/services/key-manager/key-manager_grpc.pb.go:162.165,166.16 4 0
stratium/services/key-manager/key-manager_grpc.pb.go:166.16,168.3 1 0
stratium/services/key-manager/key-manager_grpc.pb.go:169.2,169.17 1 0
stratium/services/key-manager/key-manager_grpc.pb.go:172.150,176.16 4 0
stratium/services/key-manager/key-manager_grpc.pb.go:176.16,178.3 1 0
stratium/services/key-manager/key-manager_grpc.pb.go:179.2,179.17 1 0
stratium/services/key-manager/key-manager_grpc.pb.go:182.156,186.16 4 0
stratium/services/key-manager/key-manager_grpc.pb.go:186.16,188.3 1 0
stratium/services/key-manager/key-manager_grpc.pb.go:189.2,189.17 1 0
stratium/services/key-manager/key-manager_grpc.pb.go:192.159,196.16 4 0
stratium/services/key-manager/key-manager_grpc.pb.go:196.16,198.3 1 0
stratium/services/key-manager/key-manager_grpc.pb.go:199.2,199.17 1 0
stratium/services/key-manager/key-manager_grpc.pb.go:202.147,206.16 4 0
stratium/services/key-manager/key-manager_grpc.pb.go:206.16,208.3 1 0
stratium/services/key-manager/key-manager_grpc.pb.go:209.2,209.17 1 0
stratium/services/key-manager/key-manager_grpc.pb.go:246.119,248.2 1 0
stratium/services/key-manager/key-manager_grpc.pb.go:249.110,251.2 1 0
stratium/services/key-manager/key-manager_grpc.pb.go:252.116,254.2 1 0
stratium/services/key-manager/key-manager_grpc.pb.go:255.119,257.2 1 0
stratium/services/key-manager/key-manager_grpc.pb.go:258.119,260.2 1 0
stratium/services/key-manager/key-manager_grpc.pb.go:261.119,263.2 1 0
stratium/services/key-manager/key-manager_grpc.pb.go:264.137,266.2 1 0
stratium/services/key-manager/key-manager_grpc.pb.go:267.131,269.2 1 0
stratium/services/key-manager/key-manager_grpc.pb.go:270.137,272.2 1 0
stratium/services/key-manager/key-manager_grpc.pb.go:273.143,275.2 1 0
stratium/services/key-manager/key-manager_grpc.pb.go:276.128,278.2 1 0
stratium/services/key-manager/key-manager_grpc.pb.go:279.134,281.2 1 0
stratium/services/key-manager/key-manager_grpc.pb.go:282.137,284.2 1 0
stratium/services/key-manager/key-manager_grpc.pb.go:285.125,287.2 1 0
stratium/services/key-manager/key-manager_grpc.pb.go:288.94,288.95 0 0
stratium/services/key-manager/key-manager_grpc.pb.go:289.94,289.95 0 1
stratium/services/key-manager/key-manager_grpc.pb.go:298.92,303.59 1 1
stratium/services/key-manager/key-manager_grpc.pb.go:303.59,305.3 1 1
stratium/services/key-manager/key-manager_grpc.pb.go:306.2,306.56 1 1
stratium/services/key-manager/key-manager_grpc.pb.go:309.172,311.32 2 1
stratium/services/key-manager/key-manager_grpc.pb.go:311.32,313.3 1 0
stratium/services/key-manager/key-manager_grpc.pb.go:314.2,314.24 1 1
stratium/services/key-manager/key-manager_grpc.pb.go:314.24,316.3 1 1
stratium/services/key-manager/key-manager_grpc.pb.go:317.2,321.77 2 0
stratium/services/key-manager/key-manager_grpc.pb.go:321.77,323.3 1 0
stratium/services/key-manager/key-manager_grpc.pb.go:324.2,324.44 1 0
stratium/services/key-manager/key-manager_grpc.pb.go:327.169,329.32 2 0
stratium/services/key-manager/key-manager_grpc.pb.go:329.32,331.3 1 0
stratium/services/key-manager/key-manager_grpc.pb.go:332.2,332.24 1 0
stratium/services/key-manager/key-manager_grpc.pb.go:332.24,334.3 1 0
stratium/services/key-manager/key-manager_grpc.pb.go:335.2,339.77 2 0
stratium/services/key-manager/key-manager_grpc.pb.go:339.77,341.3 1 0
stratium/services/key-manager/key-manager_grpc.pb.go:342.2,342.44 1 0
stratium/services/key-manager/key-manager_grpc.pb.go:345.171,347.32 2 0
stratium/services/key-manager/key-manager_grpc.pb.go:347.32,349.3 1 0
stratium/services/key-manager/key-manager_grpc.pb.go:350.2,350.24 1 0
stratium/services/key-manager/key-manager_grpc.pb.go:350.24,352.3 1 0
stratium/services/key-manager/key-manager_grpc.pb.go:353.2,357.77 2 0
stratium/services/key-manager/key-manager_grpc.pb.go:357.77,359.3 1 0
stratium/services/key-manager/key-manager_grpc.pb.go:360.2,360.44 1 0
stratium/services/key-manager/key-manager_grpc.pb.go:363.172,365.32 2 0
stratium/services/key-manager/key-manager_grpc.pb.go:365.32,367.3 1 0
stratium/services/key-manager/key-manager_grpc.pb.go:368.2,368.24 1 0
stratium/services/key-manager/key-manager_grpc.pb.go:368.24,370.3 1 0
stratium/services/key-manager/key-manager_grpc.pb.go:371.2,375.77 2 0
stratium/services/key-manager/key-manager_grpc.pb.go:375.77,377.3 1 0
stratium/services/key-manager/key-manager_grpc.pb.go:378.2,378.44 1 0
stratium/services/key-manager/key-manager_grpc.pb.go:381.172,383.32 2 0
stratium/services/key-manager/key-manager_grpc.pb.go:383.32,385.3 1 0
stratium/services/key-manager/key-manager_grpc.pb.go:386.2,386.24 1 0
stratium/services/key-manager/key-manager_grpc.pb.go:386.24,388.3 1 0
stratium/services/key-manager/key-manager_grpc.pb.go:389.2,393.77 2 0
stratium/services/key-manager/key-manager_grpc.pb.go:393.77,395.3 1 0
stratium/services/key-manager/key-manager_grpc.pb.go:396.2,396.44 1 0
stratium/services/key-manager/key-manager_grpc.pb.go:399.172,401.32 2 1
stratium/services/key-manager/key-manager_grpc.pb.go:401.32,403.3 1 0
stratium/services/key-manager/key-manager_grpc.pb.go:404.2,404.24 1 1
stratium/services/key-manager/key-manager_grpc.pb.go:404.24,406.3 1 1
stratium/services/key-manager/key-manager_grpc.pb.go:407.2,411.77 2 0
stratium/services/key-manager/key-manager_grpc.pb.go:411.77,413.3 1 0
stratium/services/key-manager/key-manager_grpc.pb.go:414.2,414.44 1 0
stratium/services/key-manager/key-manager_grpc.pb.go:417.178,419.32 2 1
stratium/services/key-manager/key-manager_grpc.pb.go:419.32,421.3 1 0
stratium/services/key-manager/key-manager_grpc.pb.go:422.2,422.24 1 1
stratium/services/key-manager/key-manager_grpc.pb.go:422.24,424.3 1 1
stratium/services/key-manager/key-manager_grpc.pb.go:425.2,429.77 2 0
stratium/services/key-manager/key-manager_grpc.pb.go:429.77,431.3 1 0
stratium/services/key-manager/key-manager_grpc.pb.go:432.2,432.44 1 0
stratium/services/key-manager/key-manager_grpc.pb.go:435.176,437.32 2 0
stratium/services/key-manager/key-manager_grpc.pb.go:437.32,439.3 1 0
stratium/services/key-manager/key-manager_grpc.pb.go:440.2,440.24 1 0
stratium/services/key-manager/key-manager_grpc.pb.go:440.24,442.3 1 0
stratium/services/key-manager/key-manager_grpc.pb.go:443.2,447.77 2 0
stratium/services/key-manager/key-manager_grpc.pb.go:447.77,449.3 1 0
stratium/services/key-manager/key-manager_grpc.pb.go:450.2,450.44 1 0
stratium/services/key-manager/key-manager_grpc.pb.go:453.178,455.32 2 0
stratium/services/key-manager/key-manager_grpc.pb.go:455.32,457.3 1 0
stratium/services/key-manager/key-manager_grpc.pb.go:458.2,458.24 1 0
stratium/services/key-manager/key-manager_grpc.pb.go:458.24,460.3 1 0
stratium/services/key-manager/key-manager_grpc.pb.go:461.2,465.77 2 0
stratium/services/key-manager/key-manager_grpc.pb.go:465.77,467.3 1 0
stratium/services/key-manager/key-manager_grpc.pb.go:468.2,468.44 1 0
stratium/services/key-manager/key-manager_grpc.pb.go:471.180,473.32 2 0
stratium/services/key-manager/key-manager_grpc.pb.go:473.32,475.3 1 0
stratium/services/key-manager/key-manager_grpc.pb.go:476.2,476.24 1 0
stratium/services/key-manager/key-manager_grpc.pb.go:476.24,478.3 1 0
stratium/services/key-manager/key-manager_grpc.pb.go:479.2,483.77 2 0
stratium/services/key-manager/key-manager_grpc.pb.go:483.77,485.3 1 0
stratium/services/key-manager/key-manager_grpc.pb.go:486.2,486.44 1 0
stratium/services/key-manager/key-manager_grpc.pb.go:489.175,491.32 2 0
stratium/services/key-manager/key-manager_grpc.pb.go:491.32,493.3 1 0
stratium/services/key-manager/key-manager_grpc.pb.go:494.2,494.24 1 0
stratium/services/key-manager/key-manager_grpc.pb.go:494.24,496.3 1 0
stratium/services/key-manager/key-manager_grpc.pb.go:497.2,501.77 2 0
stratium/services/key-manager/key-manager_grpc.pb.go:501.77,503.3 1 0
stratium/services/key-manager/key-manager_grpc.pb.go:504.2,504.44 1 0
stratium/services/key-manager/key-manager_grpc.pb.go:507.177,509.32 2 0
stratium/services/key-manager/key-manager_grpc.pb.go:509.32,511.3 1 0
stratium/services/key-manager/key-manager_grpc.pb.go:512.2,512.24 1 0
stratium/services/key-manager/key-manager_grpc.pb.go:512.24,514.3 1 0
stratium/services/key-manager/key-manager_grpc.pb.go:515.2,519.77 2 0
stratium/services/key-manager/key-manager_grpc.pb.go:519.77,521.3 1 0
stratium/services/key-manager/key-manager_grpc.pb.go:522.2,522.44 1 0
stratium/services/key-manager/key-manager_grpc.pb.go:525.178,527.32 2 0
stratium/services/key-manager/key-manager_grpc.pb.go:527.32,529.3 1 0
stratium/services/key-manager/key-manager_grpc.pb.go:530.2,530.24 1 0
stratium/services/key-manager/key-manager_grpc.pb.go:530.24,532.3 1 0
stratium/services/key-manager/key-manager_grpc.pb.go:533.2,537.77 2 0
stratium/services/key-manager/key-manager_grpc.pb.go:537.77,539.3 1 0
stratium/services/key-manager/key-manager_grpc.pb.go:540.2,540.44 1 0
stratium/services/key-manager/key-manager_grpc.pb.go:543.174,545.32 2 0
stratium/services/key-manager/key-manager_grpc.pb.go:545.32,547.3 1 0
stratium/services/key-manager/key-manager_grpc.pb.go:548.2,548.24 1 0
stratium/services/key-manager/key-manager_grpc.pb.go:548.24,550.3 1 0
stratium/services/key-manager/key-manager_grpc.pb.go:551.2,555.77 2 0
stratium/services/key-manager/key-manager_grpc.pb.go:555.77,557.3 1 0
stratium/services/key-manager/key-manager_grpc.pb.go:558.2,558.44 1 0
stratium/services/key-manager/key_encryption.go:16.36,20.2 1 0
stratium/services/key-manager/key_encryption.go:22.36,26.2 1 0
stratium/services/key-manager/key_encryption.go:28.38,32.2 1 0
stratium/services/key-manager/key_encryption.go:41.64,42.25 1 0
stratium/services/key-manager/key_encryption.go:42.25,44.3 1 0
stratium/services/key-manager/key_encryption.go:46.2,48.8 1 0
stratium/services/key-manager/key_encryption.go:59.104,62.16 2 0
stratium/services/key-manager/key_encryption.go:62.16,64.3 1 0
stratium/services/key-manager/key_encryption.go:67.2,68.16 2 0
stratium/services/key-manager/key_encryption.go:68.16,70.3 1 0
stratium/services/key-manager/key_encryption.go:73.2,74.16 2 0
stratium/services/key-manager/key_encryption.go:74.16,76.3 1 0
stratium/services/key-manager/key_encryption.go:79.2,80.59 2 0
stratium/services/key-manager/key_encryption.go:80.59,82.3 1 0
stratium/services/key-manager/key_encryption.go:85.2,91.8 2 0
stratium/services/key-manager/key_encryption.go:95.107,96.46 1 0
stratium/services/key-manager/key_encryption.go:96.46,98.3 1 0
stratium/services/key-manager/key_encryption.go:101.2,102.16 2 0
stratium/services/key-manager/key_encryption.go:102.16,104.3 1 0
stratium/services/key-manager/key_encryption.go:107.2,108.16 2 0
stratium/services/key-manager/key_encryption.go:108.16,110.3 1 0
stratium/services/key-manager/key_encryption.go:113.2,114.16 2 0
stratium/services/key-manager/key_encryption.go:114.16,116.3 1 0
stratium/services/key-manager/key_encryption.go:119.2,120.16 2 0
stratium/services/key-manager/key_encryption.go:120.16,122.3 1 0
stratium/services/key-manager/key_encryption.go:124.2,124.24 1 0
stratium/services/key-manager/key_encryption.go:128.75,129.27 1 0
stratium/services/key-manager/key_encryption.go:129.27,131.10 2 0
stratium/services/key-manager/key_encryption.go:131.10,133.4 1 0
stratium/services/key-manager/key_encryption.go:134.3,134.45 1 0
stratium/services/key-manager/key_encryption.go:137.2,137.27 1 0
stratium/services/key-manager/key_encryption.go:137.27,139.10 2 0
stratium/services/key-manager/key_encryption.go:139.10,141.4 1 0
stratium/services/key-manager/key_encryption.go:142.3,142.44 1 0
stratium/services/key-manager/key_encryption.go:145.2,145.29 1 0
stratium/services/key-manager/key_encryption.go:145.29,146.77 1 0
stratium/services/key-manager/key_encryption.go:146.77,148.4 1 0
stratium/services/key-manager/key_encryption.go:149.3,149.64 1 0
stratium/services/key-manager/key_encryption.go:152.2,152.79 1 0
stratium/services/key-manager/key_encryption.go:156.75,157.27 1 0
stratium/services/key-manager/key_encryption.go:157.27,159.17 2 0
stratium/services/key-manager/key_encryption.go:159.17,161.4 1 0
stratium/services/key-manager/key_encryption.go:162.3,163.10 2 0
stratium/services/key-manager/key_encryption.go:163.10,165.4 1 0
stratium/services/key-manager/key_encryption.go:166.3,166.21 1 0
stratium/services/key-manager/key_encryption.go:169.2,169.27 1 0
stratium/services/key-manager/key_encryption.go:169.27,171.17 2 0
stratium/services/key-manager/key_encryption.go:171.17,173.4 1 0
stratium/services/key-manager/key_encryption.go:174.3,175.10 2 0
stratium/services/key-manager/key_encryption.go:175.10,177.4 1 0
stratium/services/key-manager/key_encryption.go:178.3,178.20 1 0
stratium/services/key-manager/key_encryption.go:181.2,181.29 1 0
stratium/services/key-manager/key_encryption.go:181.29,182.79 1 0
stratium/services/key-manager/key_encryption.go:182.79,184.4 1 0
stratium/services/key-manager/key_encryption.go:185.3,185.66 1 0
stratium/services/key-manager/key_encryption.go:188.2,188.81 1 0
stratium/services/key-manager/key_encryption.go:192.90,195.16 2 0
stratium/services/key-manager/key_encryption.go:195.16,197.3 1 0
stratium/services/key-manager/key_encryption.go:200.2,201.16 2 0
stratium/services/key-manager/key_encryption.go:201.16,203.3 1 0
stratium/services/key-manager/key_encryption.go:206.2,207.59 2 0
stratium/services/key-manager/key_encryption.go:207.59,209.3 1 0
stratium/services/key-manager/key_encryption.go:212.2,218.8 2 0
stratium/services/key-manager/key_encryption.go:222.96,223.46 1 0
stratium/services/key-manager/key_encryption.go:223.46,225.3 1 0
stratium/services/key-manager/key_encryption.go:228.2,229.16 2 0
stratium/services/key-manager/key_encryption.go:229.16,231.3 1 0
stratium/services/key-manager/key_encryption.go:234.2,235.16 2 0
stratium/services/key-manager/key_encryption.go:235.16,237.3 1 0
stratium/services/key-manager/key_encryption.go:240.2,241.16 2 0
stratium/services/key-manager/key_encryption.go:241.16,243.3 1 0
stratium/services/key-manager/key_encryption.go:245.2,245.30 1 0
stratium/services/key-manager/key_encryption.go:249.78,250.27 1 0
stratium/services/key-manager/key_encryption.go:250.27,252.10 2 0
stratium/services/key-manager/key_encryption.go:252.10,254.4 1 0
stratium/services/key-manager/key_encryption.go:255.3,260.48 3 0
stratium/services/key-manager/key_encryption.go:263.2,263.27 1 0
stratium/services/key-manager/key_encryption.go:263.27,265.10 2 0
stratium/services/key-manager/key_encryption.go:265.10,267.4 1 0
stratium/services/key-manager/key_encryption.go:268.3,269.17 2 0
stratium/services/key-manager/key_encryption.go:269.17,271.4 1 0
stratium/services/key-manager/key_encryption.go:272.3,276.48 2 0
stratium/services/key-manager/key_encryption.go:279.2,279.29 1 0
stratium/services/key-manager/key_encryption.go:279.29,280.80 1 0
stratium/services/key-manager/key_encryption.go:280.80,282.4 1 0
stratium/services/key-manager/key_encryption.go:283.3,283.64 1 0
stratium/services/key-manager/key_encryption.go:286.2,286.79 1 0
stratium/services/key-manager/key_store.go:18.46,23.2 1 1
stratium/services/key-manager/key_store.go:26.74,27.16 1 1
stratium/services/key-manager/key_store.go:27.16,29.3 1 0
stratium/services/key-manager/key_store.go:31.2,31.21 1 1
stratium/services/key-manager/key_store.go:31.21,33.3 1 1
stratium/services/key-manager/key_store.go:35.2,39.12 4 1
stratium/services/key-manager/key_store.go:43.84,44.17 1 1
stratium/services/key-manager/key_store.go:44.17,46.3 1 1
stratium/services/key-manager/key_store.go:48.2,52.13 4 1
stratium/services/key-manager/key_store.go:52.13,54.3 1 1
stratium/services/key-manager/key_store.go:57.2,58.22 2 1
stratium/services/key-manager/key_store.go:62.106,68.29 4 1
stratium/services/key-manager/key_store.go:68.29,69.37 1 1
stratium/services/key-manager/key_store.go:69.37,73.4 2 1
stratium/services/key-manager/key_store.go:76.2,76.20 1 1
stratium/services/key-manager/key_store.go:80.79,81.17 1 1
stratium/services/key-manager/key_store.go:81.17,83.3 1 1
stratium/services/key-manager/key_store.go:85.2,88.41 3 1
stratium/services/key-manager/key_store.go:88.41,90.3 1 1
stratium/services/key-manager/key_store.go:92.2,97.12 3 1
stratium/services/key-manager/key_store.go:101.75,102.16 1 1
stratium/services/key-manager/key_store.go:102.16,104.3 1 0
stratium/services/key-manager/key_store.go:106.2,106.21 1 1
stratium/services/key-manager/key_store.go:106.21,108.3 1 0
stratium/services/key-manager/key_store.go:110.2,113.45 3 1
stratium/services/key-manager/key_store.go:113.45,115.3 1 1
stratium/services/key-manager/key_store.go:117.2,118.12 2 1
stratium/services/key-manager/key_store.go:123.86,124.20 1 1
stratium/services/key-manager/key_store.go:124.20,126.3 1 0
stratium/services/key-manager/key_store.go:128.2,128.25 1 1
stratium/services/key-manager/key_store.go:128.25,130.3 1 1
stratium/services/key-manager/key_store.go:132.2,136.12 4 1
stratium/services/key-manager/key_store.go:141.92,142.17 1 1
stratium/services/key-manager/key_store.go:142.17,144.3 1 1
stratium/services/key-manager/key_store.go:146.2,150.13 4 1
stratium/services/key-manager/key_store.go:150.13,152.3 1 1
stratium/services/key-manager/key_store.go:154.2,154.21 1 1
stratium/services/key-manager/key_store.go:158.83,159.17 1 1
stratium/services/key-manager/key_store.go:159.17,161.3 1 1
stratium/services/key-manager/key_store.go:163.2,166.45 3 1
stratium/services/key-manager/key_store.go:166.45,168.3 1 1
stratium/services/key-manager/key_store.go:170.2,171.12 2 1
stratium/services/key-manager/key_store.go:175.90,176.46 1 1
stratium/services/key-manager/key_store.go:176.46,177.20 1 1
stratium/services/key-manager/key_store.go:179.24,181.46 2 0
stratium/services/key-manager/key_store.go:181.46,183.5 1 0
stratium/services/key-manager/key_store.go:185.17,187.34 2 1
stratium/services/key-manager/key_store.go:187.34,189.5 1 1
stratium/services/key-manager/key_store.go:193.2,193.13 1 1
stratium/services/key-manager/kyber_private_key.go:15.86,16.32 1 0
stratium/services/key-manager/kyber_private_key.go:17.28,20.29 3 0
stratium/services/key-manager/kyber_private_key.go:21.28,24.29 3 0
stratium/services/key-manager/kyber_private_key.go:25.29,28.29 3 0
stratium/services/key-manager/kyber_private_key.go:29.10,30.52 1 0
stratium/services/key-manager/kyber_private_key.go:30.52,32.18 2 0
stratium/services/key-manager/kyber_private_key.go:32.18,34.5 1 0
stratium/services/key-manager/kyber_private_key.go:35.4,35.30 1 0
stratium/services/key-manager/kyber_private_key.go:37.3,37.25 1 0
stratium/services/key-manager/kyber_private_key.go:41.80,42.57 1 0
stratium/services/key-manager/kyber_private_key.go:42.57,46.3 3 0
stratium/services/key-manager/kyber_private_key.go:48.2,48.57 1 0
stratium/services/key-manager/kyber_private_key.go:48.57,52.3 3 0
stratium/services/key-manager/kyber_private_key.go:54.2,54.58 1 0
stratium/services/key-manager/kyber_private_key.go:54.58,58.3 3 0
stratium/services/key-manager/kyber_private_key.go:60.2,60.128 1 0
stratium/services/key-manager/kyber_private_key.go:63.89,65.9 2 0
stratium/services/key-manager/kyber_private_key.go:65.9,67.3 1 0
stratium/services/key-manager/kyber_private_key.go:68.2,68.16 1 0
stratium/services/key-manager/kyber_private_key.go:68.16,70.3 1 0
stratium/services/key-manager/kyber_private_key.go:72.2,76.53 2 0
stratium/services/key-manager/kyber_public_key.go:15.87,16.33 1 0
stratium/services/key-manager/kyber_public_key.go:17.27,19.17 2 0
stratium/services/key-manager/kyber_public_key.go:19.17,21.4 1 0
stratium/services/key-manager/kyber_public_key.go:22.3,22.106 1 0
stratium/services/key-manager/kyber_public_key.go:23.27,25.17 2 0
stratium/services/key-manager/kyber_public_key.go:25.17,27.4 1 0
stratium/services/key-manager/kyber_public_key.go:28.3,28.106 1 0
stratium/services/key-manager/kyber_public_key.go:29.28,31.17 2 0
stratium/services/key-manager/kyber_public_key.go:31.17,33.4 1 0
stratium/services/key-manager/kyber_public_key.go:34.3,34.108 1 0
stratium/services/key-manager/kyber_public_key.go:35.10,36.54 1 0
stratium/services/key-manager/kyber_public_key.go:40.101,41.17 1 1
stratium/services/key-manager/kyber_public_key.go:42.34,44.17 2 0
stratium/services/key-manager/kyber_public_key.go:44.17,46.4 1 0
stratium/services/key-manager/kyber_public_key.go:47.3,47.24 1 0
stratium/services/key-manager/kyber_public_key.go:48.34,50.17 2 0
stratium/services/key-manager/kyber_public_key.go:50.17,52.4 1 0
stratium/services/key-manager/kyber_public_key.go:53.3,53.24 1 0
stratium/services/key-manager/kyber_public_key.go:54.35,56.17 2 0
stratium/services/key-manager/kyber_public_key.go:56.17,58.4 1 0
stratium/services/key-manager/kyber_public_key.go:59.3,59.24 1 0
stratium/services/key-manager/kyber_public_key.go:60.10,61.25 1 1
stratium/services/key-manager/kyber_public_key.go:65.68,71.2 2 1
stratium/services/key-manager/postgres_key_store.go:29.130,37.2 1 0
stratium/services/key-manager/postgres_key_store.go:83.74,84.16 1 0
stratium/services/key-manager/postgres_key_store.go:84.16,86.3 1 0
stratium/services/key-manager/postgres_key_store.go:87.2,87.21 1 0
stratium/services/key-manager/postgres_key_store.go:87.21,89.3 1 0
stratium/services/key-manager/postgres_key_store.go:94.2,94.44 1 0
stratium/services/key-manager/postgres_key_store.go:94.44,96.3 1 0
stratium/services/key-manager/postgres_key_store.go:97.2,97.12 1 0
stratium/services/key-manager/postgres_key_store.go:101.84,102.17 1 0
stratium/services/key-manager/postgres_key_store.go:102.17,104.3 1 0
stratium/services/key-manager/postgres_key_store.go:106.2,106.45 1 0
stratium/services/key-manager/postgres_key_store.go:106.45,108.3 1 0
stratium/services/key-manager/postgres_key_store.go:111.2,131.16 6 0
stratium/services/key-manager/postgres_key_store.go:131.16,132.27 1 0
stratium/services/key-manager/postgres_key_store.go:132.27,134.4 1 0
stratium/services/key-manager/postgres_key_store.go:135.3,135.55 1 0
stratium/services/key-manager/postgres_key_store.go:139.2,148.27 2 0
stratium/services/key-manager/postgres_key_store.go:148.27,150.3 1 0
stratium/services/key-manager/postgres_key_store.go:152.2,152.26 1 0
stratium/services/key-manager/postgres_key_store.go:152.26,154.75 2 0
stratium/services/key-manager/postgres_key_store.go:154.75,156.4 1 0
stratium/services/key-manager/postgres_key_store.go:159.2,161.17 3 0
stratium/services/key-manager/postgres_key_store.go:165.106,175.72 4 0
stratium/services/key-manager/postgres_key_store.go:175.72,179.3 3 0
stratium/services/key-manager/postgres_key_store.go:181.2,181.53 1 0
stratium/services/key-manager/postgres_key_store.go:181.53,185.3 3 0
stratium/services/key-manager/postgres_key_store.go:187.2,192.16 5 0
stratium/services/key-manager/postgres_key_store.go:192.16,194.3 1 0
stratium/services/key-manager/postgres_key_store.go:195.2,198.18 3 0
stratium/services/key-manager/postgres_key_store.go:198.18,220.17 3 0
stratium/services/key-manager/postgres_key_store.go:220.17,222.4 1 0
stratium/services/key-manager/postgres_key_store.go:224.3,233.28 2 0
stratium/services/key-manager/postgres_key_store.go:233.28,235.4 1 0
stratium/services/key-manager/postgres_key_store.go:237.3,237.27 1 0
stratium/services/key-manager/postgres_key_store.go:237.27,239.76 2 0
stratium/services/key-manager/postgres_key_store.go:239.76,241.5 1 0
stratium/services/key-manager/postgres_key_store.go:244.3,246.27 2 0
stratium/services/key-manager/postgres_key_store.go:249.2,249.18 1 0
stratium/services/key-manager/postgres_key_store.go:253.79,254.17 1 0
stratium/services/key-manager/postgres_key_store.go:254.17,256.3 1 0
stratium/services/key-manager/postgres_key_store.go:258.2,262.16 5 0
stratium/services/key-manager/postgres_key_store.go:262.16,264.3 1 0
stratium/services/key-manager/postgres_key_store.go:266.2,267.16 2 0
stratium/services/key-manager/postgres_key_store.go:267.16,269.3 1 0
stratium/services/key-manager/postgres_key_store.go:271.2,271.23 1 0
stratium/services/key-manager/postgres_key_store.go:271.23,273.3 1 0
stratium/services/key-manager/postgres_key_store.go:275.2,277.12 3 0
stratium/services/key-manager/postgres_key_store.go:281.75,282.16 1 0
stratium/services/key-manager/postgres_key_store.go:282.16,284.3 1 0
stratium/services/key-manager/postgres_key_store.go:285.2,285.21 1 0
stratium/services/key-manager/postgres_key_store.go:285.21,287.3 1 0
stratium/services/key-manager/postgres_key_store.go:289.2,290.16 2 0
stratium/services/key-manager/postgres_key_store.go:290.16,292.3 1 0
stratium/services/key-manager/postgres_key_store.go:294.2,311.16 7 0
stratium/services/key-manager/postgres_key_store.go:311.16,313.3 1 0
stratium/services/key-manager/postgres_key_store.go:315.2,316.16 2 0
stratium/services/key-manager/postgres_key_store.go:316.16,318.3 1 0
stratium/services/key-manager/postgres_key_store.go:320.2,320.23 1 0
stratium/services/key-manager/postgres_key_store.go:320.23,323.3 2 0
stratium/services/key-manager/postgres_key_store.go:325.2,325.44 1 0
stratium/services/key-manager/postgres_key_store.go:325.44,327.3 1 0
stratium/services/key-manager/postgres_key_store.go:328.2,329.12 2 0
stratium/services/key-manager/postgres_key_store.go:337.86,338.20 1 0
stratium/services/key-manager/postgres_key_store.go:338.20,340.3 1 0
stratium/services/key-manager/postgres_key_store.go:341.2,341.25 1 0
stratium/services/key-manager/postgres_key_store.go:341.25,343.3 1 0
stratium/services/key-manager/postgres_key_store.go:345.2,345.31 1 0
stratium/services/key-manager/postgres_key_store.go:345.31,347.38 2 0
stratium/services/key-manager/postgres_key_store.go:347.38,349.4 1 0
stratium/services/key-manager/postgres_key_store.go:350.3,358.39 3 0
stratium/services/key-manager/postgres_key_store.go:362.2,363.16 2 0
stratium/services/key-manager/postgres_key_store.go:363.16,365.3 1 0
stratium/services/key-manager/postgres_key_store.go:368.2,369.16 2 0
stratium/services/key-manager/postgres_key_store.go:369.16,371.3 1 0
stratium/services/key-manager/postgres_key_store.go:374.2,375.30 2 0
stratium/services/key-manager/postgres_key_store.go:375.30,377.3 1 0
stratium/services/key-manager/postgres_key_store.go:380.2,381.32 2 0
stratium/services/key-manager/postgres_key_store.go:381.32,383.3 1 0
stratium/services/key-manager/postgres_key_store.go:386.2,387.31 2 0
stratium/services/key-manager/postgres_key_store.go:387.31,389.3 1 0
stratium/services/key-manager/postgres_key_store.go:391.2,443.16 7 0
stratium/services/key-manager/postgres_key_store.go:443.16,446.3 2 0
stratium/services/key-manager/postgres_key_store.go:448.2,463.12 6 0
stratium/services/key-manager/postgres_key_store.go:467.92,468.17 1 0
stratium/services/key-manager/postgres_key_store.go:468.17,470.3 1 0
stratium/services/key-manager/postgres_key_store.go:472.2,472.49 1 0
stratium/services/key-manager/postgres_key_store.go:472.49,474.3 1 0
stratium/services/key-manager/postgres_key_store.go:476.2,502.16 4 0
stratium/services/key-manager/postgres_key_store.go:502.16,503.27 1 0
stratium/services/key-manager/postgres_key_store.go:503.27,505.4 1 0
stratium/services/key-manager/postgres_key_store.go:506.3,506.60 1 0
stratium/services/key-manager/postgres_key_store.go:510.2,518.16 4 0
stratium/services/key-manager/postgres_key_store.go:518.16,520.3 1 0
stratium/services/key-manager/postgres_key_store.go:523.2,524.16 2 0
stratium/services/key-manager/postgres_key_store.go:524.16,526.3 1 0
stratium/services/key-manager/postgres_key_store.go:529.2,540.27 2 0
stratium/services/key-manager/postgres_key_store.go:540.27,542.3 1 0
stratium/services/key-manager/postgres_key_store.go:544.2,544.29 1 0
stratium/services/key-manager/postgres_key_store.go:544.29,546.3 1 0
stratium/services/key-manager/postgres_key_store.go:548.2,548.31 1 0
stratium/services/key-manager/postgres_key_store.go:548.31,550.3 1 0
stratium/services/key-manager/postgres_key_store.go:552.2,552.26 1 0
stratium/services/key-manager/postgres_key_store.go:552.26,554.75 2 0
stratium/services/key-manager/postgres_key_store.go:554.75,556.4 1 0
stratium/services/key-manager/postgres_key_store.go:559.2,565.21 4 0
stratium/services/key-manager/postgres_key_store.go:569.83,570.48 1 0
stratium/services/key-manager/postgres_key_store.go:570.48,572.3 1 0
stratium/services/key-manager/postgres_key_store.go:573.2,574.12 2 0
stratium/services/key-manager/postgres_key_store.go:581.131,590.2 3 0
stratium/services/key-manager/postgres_key_store.go:592.37,593.11 1 0
stratium/services/key-manager/postgres_key_store.go:594.17,595.35 1 0
stratium/services/key-manager/postgres_key_store.go:596.17,597.35 1 0
stratium/services/key-manager/postgres_key_store.go:598.17,599.35 1 0
stratium/services/key-manager/postgres_key_store.go:600.16,601.35 1 0
stratium/services/key-manager/postgres_key_store.go:602.16,603.35 1 0
stratium/services/key-manager/postgres_key_store.go:604.16,605.35 1 0
stratium/services/key-manager/postgres_key_store.go:606.18,607.36 1 0
stratium/services/key-manager/postgres_key_store.go:608.18,609.36 1 0
stratium/services/key-manager/postgres_key_store.go:610.19,611.37 1 0
stratium/services/key-manager/postgres_key_store.go:612.10,613.35 1 0
stratium/services/key-manager/postgres_key_store.go:617.41,618.12 1 0
stratium/services/key-manager/postgres_key_store.go:619.33,620.19 1 0
stratium/services/key-manager/postgres_key_store.go:621.33,622.19 1 0
stratium/services/key-manager/postgres_key_store.go:623.33,624.19 1 0
stratium/services/key-manager/postgres_key_store.go:625.33,626.18 1 0
stratium/services/key-manager/postgres_key_store.go:627.33,628.18 1 0
stratium/services/key-manager/postgres_key_store.go:629.33,630.18 1 0
stratium/services/key-manager/postgres_key_store.go:631.34,632.20 1 0
stratium/services/key-manager/postgres_key_store.go:633.34,634.20 1 0
stratium/services/key-manager/postgres_key_store.go:635.35,636.21 1 0
stratium/services/key-manager/postgres_key_store.go:637.10,638.19 1 0
stratium/services/key-manager/postgres_key_store.go:642.50,643.11 1 0
stratium/services/key-manager/postgres_key_store.go:644.18,645.52 1 0
stratium/services/key-manager/postgres_key_store.go:646.13,647.47 1 0
stratium/services/key-manager/postgres_key_store.go:648.19,649.54 1 0
stratium/services/key-manager/postgres_key_store.go:650.10,651.52 1 0
stratium/services/key-manager/postgres_key_store.go:655.54,656.12 1 0
stratium/services/key-manager/postgres_key_store.go:657.50,658.20 1 0
stratium/services/key-manager/postgres_key_store.go:659.45,660.15 1 0
stratium/services/key-manager/postgres_key_store.go:661.52,662.21 1 0
stratium/services/key-manager/postgres_key_store.go:663.10,664.20 1 0
stratium/services/key-manager/postgres_key_store.go:668.41,669.11 1 0
stratium/services/key-manager/postgres_key_store.go:670.16,671.37 1 0
stratium/services/key-manager/postgres_key_store.go:672.18,673.39 1 0
stratium/services/key-manager/postgres_key_store.go:674.20,675.41 1 0
stratium/services/key-manager/postgres_key_store.go:676.17,677.38 1 0
stratium/services/key-manager/postgres_key_store.go:678.21,679.42 1 0
stratium/services/key-manager/postgres_key_store.go:680.10,681.37 1 0
stratium/services/key-manager/postgres_key_store.go:687.51,688.16 1 0
stratium/services/key-manager/postgres_key_store.go:689.35,690.18 1 0
stratium/services/key-manager/postgres_key_store.go:691.37,692.20 1 0
stratium/services/key-manager/postgres_key_store.go:693.39,694.20 1 0
stratium/services/key-manager/postgres_key_store.go:695.40,696.23 1 0
stratium/services/key-manager/postgres_key_store.go:697.36,698.19 1 0
stratium/services/key-manager/postgres_key_store.go:699.45,701.18 2 0
stratium/services/key-manager/postgres_key_store.go:702.40,704.18 2 0
stratium/services/key-manager/postgres_key_store.go:705.10,707.18 2 0
stratium/services/key-manager/postgres_key_store.go:712.74,713.19 1 0
stratium/services/key-manager/postgres_key_store.go:713.19,715.3 1 0
stratium/services/key-manager/postgres_key_store.go:717.2,718.18 2 0
stratium/services/key-manager/postgres_key_store.go:718.18,720.3 1 0
stratium/services/key-manager/postgres_key_store.go:722.2,723.16 2 0
stratium/services/key-manager/postgres_key_store.go:723.16,725.3 1 0
stratium/services/key-manager/postgres_key_store.go:727.2,727.17 1 0
stratium/services/key-manager/postgres_key_store.go:730.29,732.10 2 0
stratium/services/key-manager/postgres_key_store.go:732.10,734.4 1 0
stratium/services/key-manager/postgres_key_store.go:735.3,735.21 1 0
stratium/services/key-manager/postgres_key_store.go:738.29,740.10 2 0
stratium/services/key-manager/postgres_key_store.go:740.10,742.4 1 0
stratium/services/key-manager/postgres_key_store.go:743.3,743.23 1 0
stratium/services/key-manager/postgres_key_store.go:744.10,745.21 1 0
stratium/services/key-manager/postgres_key_store.go:762.128,769.2 1 0
stratium/services/key-manager/postgres_key_store.go:772.83,773.16 1 0
stratium/services/key-manager/postgres_key_store.go:773.16,775.3 1 0
stratium/services/key-manager/postgres_key_store.go:776.2,776.21 1 0
stratium/services/key-manager/postgres_key_store.go:776.21,778.3 1 0
stratium/services/key-manager/postgres_key_store.go:779.2,779.24 1 0
stratium/services/key-manager/postgres_key_store.go:779.24,781.3 1 0
stratium/services/key-manager/postgres_key_store.go:784.2,799.16 6 0
stratium/services/key-manager/postgres_key_store.go:799.16,805.17 3 0
stratium/services/key-manager/postgres_key_store.go:805.17,807.4 1 0
stratium/services/key-manager/postgres_key_store.go:810.3,811.27 2 0
stratium/services/key-manager/postgres_key_store.go:811.27,813.4 1 0
stratium/services/key-manager/postgres_key_store.go:816.3,824.17 5 0
stratium/services/key-manager/postgres_key_store.go:824.17,826.4 1 0
stratium/services/key-manager/postgres_key_store.go:827.3,827.45 1 0
stratium/services/key-manager/postgres_key_store.go:827.45,830.4 2 0
stratium/services/key-manager/postgres_key_store.go:831.3,831.13 1 0
stratium/services/key-manager/postgres_key_store.go:832.8,832.33 1 0
stratium/services/key-manager/postgres_key_store.go:832.33,835.3 1 0
stratium/services/key-manager/postgres_key_store.go:839.2,840.16 2 0
stratium/services/key-manager/postgres_key_store.go:840.16,842.3 1 0
stratium/services/key-manager/postgres_key_store.go:845.2,846.26 2 0
stratium/services/key-manager/postgres_key_store.go:846.26,848.3 1 0
stratium/services/key-manager/postgres_key_store.go:851.2,870.16 5 0
stratium/services/key-manager/postgres_key_store.go:870.16,872.3 1 0
stratium/services/key-manager/postgres_key_store.go:874.2,874.44 1 0
stratium/services/key-manager/postgres_key_store.go:874.44,877.3 2 0
stratium/services/key-manager/postgres_key_store.go:878.2,878.12 1 0
stratium/services/key-manager/postgres_key_store.go:882.90,883.17 1 0
stratium/services/key-manager/postgres_key_store.go:883.17,885.3 1 0
stratium/services/key-manager/postgres_key_store.go:887.2,887.45 1 0
stratium/services/key-manager/postgres_key_store.go:887.45,889.3 1 0
stratium/services/key-manager/postgres_key_store.go:891.2,910.16 4 0
stratium/services/key-manager/postgres_key_store.go:910.16,911.27 1 0
stratium/services/key-manager/postgres_key_store.go:911.27,913.4 1 0
stratium/services/key-manager/postgres_key_store.go:914.3,914.62 1 0
stratium/services/key-manager/postgres_key_store.go:918.2,928.27 2 0
stratium/services/key-manager/postgres_key_store.go:928.27,930.3 1 0
stratium/services/key-manager/postgres_key_store.go:932.2,932.26 1 0
stratium/services/key-manager/postgres_key_store.go:932.26,934.75 2 0
stratium/services/key-manager/postgres_key_store.go:934.75,936.4 1 0
stratium/services/key-manager/postgres_key_store.go:939.2,939.44 1 0
stratium/services/key-manager/postgres_key_store.go:939.44,941.48 2 0
stratium/services/key-manager/postgres_key_store.go:941.48,943.4 1 0
stratium/services/key-manager/postgres_key_store.go:946.2,946.17 1 0
stratium/services/key-manager/postgres_key_store.go:950.108,951.20 1 0
stratium/services/key-manager/postgres_key_store.go:951.20,953.3 1 0
stratium/services/key-manager/postgres_key_store.go:955.2,955.57 1 0
stratium/services/key-manager/postgres_key_store.go:955.57,957.3 1 0
stratium/services/key-manager/postgres_key_store.go:959.2,982.16 6 0
stratium/services/key-manager/postgres_key_store.go:982.16,983.27 1 0
stratium/services/key-manager/postgres_key_store.go:983.27,985.4 1 0
stratium/services/key-manager/postgres_key_store.go:986.3,986.69 1 0
stratium/services/key-manager/postgres_key_store.go:990.2,1000.27 2 0
stratium/services/key-manager/postgres_key_store.go:1000.27,1002.3 1 0
stratium/services/key-manager/postgres_key_store.go:1004.2,1004.26 1 0
stratium/services/key-manager/postgres_key_store.go:1004.26,1006.75 2 0
stratium/services/key-manager/postgres_key_store.go:1006.75,1008.4 1 0
stratium/services/key-manager/postgres_key_store.go:1011.2,1011.44 1 0
stratium/services/key-manager/postgres_key_store.go:1011.44,1014.3 2 0
stratium/services/key-manager/postgres_key_store.go:1016.2,1016.17 1 0
stratium/services/key-manager/postgres_key_store.go:1020.127,1021.20 1 0
stratium/services/key-manager/postgres_key_store.go:1021.20,1023.3 1 0
stratium/services/key-manager/postgres_key_store.go:1025.2,1031.21 2 0
stratium/services/key-manager/postgres_key_store.go:1031.21,1033.3 1 0
stratium/services/key-manager/postgres_key_store.go:1035.2,1040.16 5 0
stratium/services/key-manager/postgres_key_store.go:1040.16,1042.3 1 0
stratium/services/key-manager/postgres_key_store.go:1043.2,1046.18 3 0
stratium/services/key-manager/postgres_key_store.go:1046.18,1070.17 3 0
stratium/services/key-manager/postgres_key_store.go:1070.17,1072.4 1 0
stratium/services/key-manager/postgres_key_store.go:1074.3,1084.28 2 0
stratium/services/key-manager/postgres_key_store.go:1084.28,1086.4 1 0
stratium/services/key-manager/postgres_key_store.go:1088.3,1088.27 1 0
stratium/services/key-manager/postgres_key_store.go:1088.27,1090.76 2 0
stratium/services/key-manager/postgres_key_store.go:1090.76,1092.5 1 0
stratium/services/key-manager/postgres_key_store.go:1095.3,1095.27 1 0
stratium/services/key-manager/postgres_key_store.go:1098.2,1098.18 1 0
stratium/services/key-manager/postgres_key_store.go:1102.93,1103.17 1 0
stratium/services/key-manager/postgres_key_store.go:1103.17,1105.3 1 0
stratium/services/key-manager/postgres_key_store.go:1107.2,1118.16 6 0
stratium/services/key-manager/postgres_key_store.go:1118.16,1119.27 1 0
stratium/services/key-manager/postgres_key_store.go:1119.27,1121.4 1 0
stratium/services/key-manager/postgres_key_store.go:1122.3,1122.60 1 0
stratium/services/key-manager/postgres_key_store.go:1125.2,1126.21 2 0
stratium/services/key-manager/postgres_key_store.go:1126.21,1128.3 1 0
stratium/services/key-manager/postgres_key_store.go:1130.2,1130.12 1 0
stratium/services/key-manager/postgres_key_store.go:1134.85,1144.16 5 0
stratium/services/key-manager/postgres_key_store.go:1144.16,1146.3 1 0
stratium/services/key-manager/postgres_key_store.go:1147.2,1150.18 3 0
stratium/services/key-manager/postgres_key_store.go:1150.18,1152.46 2 0
stratium/services/key-manager/postgres_key_store.go:1152.46,1154.4 1 0
stratium/services/key-manager/postgres_key_store.go:1155.3,1155.38 1 0
stratium/services/key-manager/postgres_key_store.go:1158.2,1158.21 1 0
stratium/services/key-manager/provider_factory.go:17.93,25.2 3 1
stratium/services/key-manager/provider_factory.go:28.135,32.22 3 0
stratium/services/key-manager/provider_factory.go:33.50,34.45 1 0
stratium/services/key-manager/provider_factory.go:36.45,37.40 1 0
stratium/services/key-manager/provider_factory.go:39.52,40.59 1 0
stratium/services/key-manager/provider_factory.go:42.51,43.59 1 0
stratium/services/key-manager/provider_factory.go:45.10,46.72 1 0
stratium/services/key-manager/provider_factory.go:51.76,58.2 1 1
stratium/services/key-manager/provider_factory.go:61.67,152.2 10 1
stratium/services/key-manager/provider_factory.go:155.56,164.2 6 1
stratium/services/key-manager/provider_factory.go:167.106,172.13 4 1
stratium/services/key-manager/provider_factory.go:172.13,174.3 1 0
stratium/services/key-manager/provider_factory.go:176.2,176.22 1 1
stratium/services/key-manager/provider_factory.go:180.117,185.13 4 0
stratium/services/key-manager/provider_factory.go:185.13,187.3 1 0
stratium/services/key-manager/provider_factory.go:189.2,189.35 1 0
stratium/services/key-manager/provider_factory.go:193.80,197.2 3 1
stratium/services/key-manager/provider_factory.go:200.69,201.14 1 1
stratium/services/key-manager/provider_factory.go:202.26,203.40 1 1
stratium/services/key-manager/provider_factory.go:204.26,205.40 1 1
stratium/services/key-manager/provider_factory.go:206.26,207.40 1 1
stratium/services/key-manager/provider_factory.go:208.27,209.40 1 1
stratium/services/key-manager/provider_factory.go:210.27,211.40 1 1
stratium/services/key-manager/provider_factory.go:212.27,213.40 1 1
stratium/services/key-manager/provider_factory.go:214.27,215.41 1 1
stratium/services/key-manager/provider_factory.go:216.27,217.41 1 1
stratium/services/key-manager/provider_factory.go:218.28,219.42 1 1
stratium/services/key-manager/provider_factory.go:220.10,221.85 1 0
stratium/services/key-manager/rotation_manager.go:59.114,67.2 1 0
stratium/services/key-manager/rotation_manager.go:70.52,74.16 3 0
stratium/services/key-manager/rotation_manager.go:74.16,76.3 1 0
stratium/services/key-manager/rotation_manager.go:78.2,82.12 4 0
stratium/services/key-manager/rotation_manager.go:86.51,90.17 3 0
stratium/services/key-manager/rotation_manager.go:90.17,92.3 1 0
stratium/services/key-manager/rotation_manager.go:94.2,98.12 4 0
stratium/services/key-manager/rotation_manager.go:102.122,107.49 3 0
stratium/services/key-manager/rotation_manager.go:107.49,109.3 1 0
stratium/services/key-manager/rotation_manager.go:112.2,113.16 2 0
stratium/services/key-manager/rotation_manager.go:113.16,115.3 1 0
stratium/services/key-manager/rotation_manager.go:116.2,116.27 1 0
stratium/services/key-manager/rotation_manager.go:116.27,118.3 1 0
stratium/services/key-manager/rotation_manager.go:121.2,123.28 3 0
stratium/services/key-manager/rotation_manager.go:123.28,125.3 1 0
stratium/services/key-manager/rotation_manager.go:127.2,127.16 1 0
stratium/services/key-manager/rotation_manager.go:128.49,129.44 1 0
stratium/services/key-manager/rotation_manager.go:130.50,132.43 1 0
stratium/services/key-manager/rotation_manager.go:133.47,135.44 1 0
stratium/services/key-manager/rotation_manager.go:136.45,138.74 1 0
stratium/services/key-manager/rotation_manager.go:139.10,140.63 1 0
stratium/services/key-manager/rotation_manager.go:144.2,174.12 7 0
stratium/services/key-manager/rotation_manager.go:178.73,183.13 4 0
stratium/services/key-manager/rotation_manager.go:183.13,185.3 1 0
stratium/services/key-manager/rotation_manager.go:187.2,200.12 5 0
stratium/services/key-manager/rotation_manager.go:204.73,209.29 4 0
stratium/services/key-manager/rotation_manager.go:209.29,211.3 1 0
stratium/services/key-manager/rotation_manager.go:213.2,215.20 2 0
stratium/services/key-manager/rotation_manager.go:216.49,217.37 1 0
stratium/services/key-manager/rotation_manager.go:219.50,220.70 1 0
stratium/services/key-manager/rotation_manager.go:222.47,225.49 3 0
stratium/services/key-manager/rotation_manager.go:227.10,228.15 1 0
stratium/services/key-manager/rotation_manager.go:233.126,235.15 2 0
stratium/services/key-manager/rotation_manager.go:235.15,237.3 1 0
stratium/services/key-manager/rotation_manager.go:238.2,240.13 3 0
stratium/services/key-manager/rotation_manager.go:240.13,243.3 2 0
stratium/services/key-manager/rotation_manager.go:244.2,258.16 5 0
stratium/services/key-manager/rotation_manager.go:258.16,261.3 2 0
stratium/services/key-manager/rotation_manager.go:262.2,262.30 1 0
stratium/services/key-manager/rotation_manager.go:262.30,264.3 1 0
stratium/services/key-manager/rotation_manager.go:265.2,269.16 3 0
stratium/services/key-manager/rotation_manager.go:269.16,272.3 2 0
stratium/services/key-manager/rotation_manager.go:275.2,276.16 2 0
stratium/services/key-manager/rotation_manager.go:276.16,279.3 2 0
stratium/services/key-manager/rotation_manager.go:282.2,288.16 5 0
stratium/services/key-manager/rotation_manager.go:288.16,291.3 2 0
stratium/services/key-manager/rotation_manager.go:294.2,295.51 2 0
stratium/services/key-manager/rotation_manager.go:295.51,299.3 3 0
stratium/services/key-manager/rotation_manager.go:300.2,321.18 5 0
stratium/services/key-manager/rotation_manager.go:325.106,330.13 4 0
stratium/services/key-manager/rotation_manager.go:330.13,332.3 1 0
stratium/services/key-manager/rotation_manager.go:334.2,335.12 2 0
stratium/services/key-manager/rotation_manager.go:339.53,343.6 3 0
stratium/services/key-manager/rotation_manager.go:343.6,344.10 1 0
stratium/services/key-manager/rotation_manager.go:345.19,346.33 1 0
stratium/services/key-manager/rotation_manager.go:347.22,348.10 1 0
stratium/services/key-manager/rotation_manager.go:354.65,357.36 3 0
stratium/services/key-manager/rotation_manager.go:357.36,359.3 1 0
stratium/services/key-manager/rotation_manager.go:360.2,362.35 2 0
stratium/services/key-manager/rotation_manager.go:362.35,363.19 1 0
stratium/services/key-manager/rotation_manager.go:363.19,364.12 1 0
stratium/services/key-manager/rotation_manager.go:368.3,369.17 2 0
stratium/services/key-manager/rotation_manager.go:369.17,371.12 2 0
stratium/services/key-manager/rotation_manager.go:373.3,373.28 1 0
stratium/services/key-manager/rotation_manager.go:373.28,375.12 2 0
stratium/services/key-manager/rotation_manager.go:379.3,379.34 1 0
stratium/services/key-manager/rotation_manager.go:379.34,380.26 1 0
stratium/services/key-manager/rotation_manager.go:380.26,385.19 4 0
stratium/services/key-manager/rotation_manager.go:385.19,387.6 1 0
stratium/services/key-manager/rotation_manager.go:394.83,399.13 4 0
stratium/services/key-manager/rotation_manager.go:399.13,401.3 1 0
stratium/services/key-manager/rotation_manager.go:403.2,407.38 3 0
stratium/services/key-manager/rotation_manager.go:407.38,410.3 2 0
stratium/services/key-manager/rotation_manager.go:410.8,413.3 1 0
stratium/services/key-manager/rotation_manager.go:416.2,422.4 1 0
stratium/services/key-manager/rotation_manager.go:426.77,429.13 3 0
stratium/services/key-manager/rotation_manager.go:429.13,432.3 2 0
stratium/services/key-manager/rotation_manager.go:434.2,439.30 4 0
stratium/services/key-manager/rotation_manager.go:439.30,440.10 1 0
stratium/services/key-manager/rotation_manager.go:441.20,441.20 0 0
stratium/services/key-manager/rotation_manager.go:442.11,442.11 0 0
stratium/services/key-manager/rotation_manager.go:449.74,462.30 2 0
stratium/services/key-manager/rotation_manager.go:462.30,464.3 1 0
stratium/services/key-manager/rotation_manager.go:466.2,466.32 1 0
stratium/services/key-manager/rotation_manager.go:466.32,468.3 1 0
stratium/services/key-manager/rotation_manager.go:470.2,470.31 1 0
stratium/services/key-manager/rotation_manager.go:470.31,475.38 5 0
stratium/services/key-manager/rotation_manager.go:475.38,477.4 1 0
stratium/services/key-manager/rotation_manager.go:480.2,480.12 1 0
stratium/services/key-manager/rotation_manager.go:484.82,489.36 4 0
stratium/services/key-manager/rotation_manager.go:489.36,493.3 2 0
stratium/services/key-manager/rotation_manager.go:495.2,495.15 1 0
stratium/services/key-manager/rotation_manager.go:499.123,504.13 4 0
stratium/services/key-manager/rotation_manager.go:504.13,506.3 1 0
stratium/services/key-manager/rotation_manager.go:508.2,512.16 3 0
stratium/services/key-manager/rotation_manager.go:513.49,514.52 1 0
stratium/services/key-manager/rotation_manager.go:515.50,516.47 1 0
stratium/services/key-manager/rotation_manager.go:517.47,518.52 1 0
stratium/services/key-manager/rotation_manager.go:521.2,522.12 2 0
stratium/services/key-manager/seed_data.go:30.81,31.50 1 0
stratium/services/key-manager/seed_data.go:31.50,34.3 2 0
stratium/services/key-manager/seed_data.go:36.2,37.53 2 0
stratium/services/key-manager/seed_data.go:37.53,39.17 2 0
stratium/services/key-manager/seed_data.go:39.17,41.4 1 0
stratium/services/key-manager/seed_data.go:41.9,44.4 2 0
stratium/services/key-manager/seed_data.go:47.2,47.21 1 0
stratium/services/key-manager/seed_data.go:47.21,50.3 2 0
stratium/services/key-manager/seed_data.go:52.2,52.76 1 0
stratium/services/key-manager/seed_data.go:52.76,54.3 1 0
stratium/services/key-manager/seed_data.go:57.71,59.16 2 0
stratium/services/key-manager/seed_data.go:59.16,61.3 1 0
stratium/services/key-manager/seed_data.go:63.2,64.55 2 0
stratium/services/key-manager/seed_data.go:64.55,66.3 1 0
stratium/services/key-manager/seed_data.go:67.2,67.19 1 0
stratium/services/key-manager/seed_data.go:70.98,71.40 1 0
stratium/services/key-manager/seed_data.go:71.40,73.3 1 0
stratium/services/key-manager/seed_data.go:75.2,80.36 5 0
stratium/services/key-manager/seed_data.go:80.36,81.25 1 0
stratium/services/key-manager/seed_data.go:81.25,83.12 2 0
stratium/services/key-manager/seed_data.go:86.3,87.17 2 0
stratium/services/key-manager/seed_data.go:87.17,89.4 1 0
stratium/services/key-manager/seed_data.go:91.3,92.17 2 0
stratium/services/key-manager/seed_data.go:92.17,94.4 1 0
stratium/services/key-manager/seed_data.go:96.3,97.17 2 0
stratium/services/key-manager/seed_data.go:97.17,99.4 1 0
stratium/services/key-manager/seed_data.go:101.3,102.28 2 0
stratium/services/key-manager/seed_data.go:102.28,104.4 1 0
stratium/services/key-manager/seed_data.go:106.3,117.38 2 0
stratium/services/key-manager/seed_data.go:117.38,119.4 1 0
stratium/services/key-manager/seed_data.go:121.3,121.50 1 0
stratium/services/key-manager/seed_data.go:121.50,123.4 1 0
stratium/services/key-manager/seed_data.go:123.9,125.4 1 0
stratium/services/key-manager/seed_data.go:128.2,128.12 1 0
stratium/services/key-manager/seed_data.go:131.79,132.17 1 0
stratium/services/key-manager/seed_data.go:132.17,134.3 1 0
stratium/services/key-manager/seed_data.go:135.2,136.16 2 0
stratium/services/key-manager/seed_data.go:136.16,138.3 1 0
stratium/services/key-manager/seed_data.go:139.2,139.32 1 0
stratium/services/key-manager/seed_data.go:142.100,143.17 1 0
stratium/services/key-manager/seed_data.go:143.17,145.3 1 0
stratium/services/key-manager/seed_data.go:146.2,147.16 2 0
stratium/services/key-manager/seed_data.go:147.16,149.3 1 0
stratium/services/key-manager/seed_data.go:150.2,150.40 1 0
stratium/services/key-manager/seed_data.go:153.102,154.17 1 0
stratium/services/key-manager/seed_data.go:154.17,156.3 1 0
stratium/services/key-manager/seed_data.go:157.2,158.16 2 0
stratium/services/key-manager/seed_data.go:158.16,160.3 1 0
stratium/services/key-manager/seed_data.go:161.2,161.39 1 0
stratium/services/key-manager/seed_data.go:164.83,166.22 2 0
stratium/services/key-manager/seed_data.go:166.22,168.3 1 0
stratium/services/key-manager/seed_data.go:169.2,169.44 1 0
stratium/services/key-manager/seed_data.go:169.44,171.3 1 0
stratium/services/key-manager/seed_data.go:172.2,172.37 1 0
stratium/services/key-manager/seed_data.go:172.37,174.3 1 0
stratium/services/key-manager/seed_data.go:175.2,175.49 1 0
stratium/services/key-manager/seed_data.go:178.76,210.2 2 0
stratium/services/key-manager/server.go:46.90,59.28 3 0
stratium/services/key-manager/server.go:59.28,61.3 1 0
stratium/services/key-manager/server.go:62.2,63.26 2 0
stratium/services/key-manager/server.go:63.26,65.3 1 0
stratium/services/key-manager/server.go:68.2,73.19 5 0
stratium/services/key-manager/server.go:73.19,75.3 1 0
stratium/services/key-manager/server.go:78.2,79.16 2 0
stratium/services/key-manager/server.go:79.16,81.3 1 0
stratium/services/key-manager/server.go:81.8,84.3 2 0
stratium/services/key-manager/server.go:87.2,90.71 2 0
stratium/services/key-manager/server.go:90.71,92.17 2 0
stratium/services/key-manager/server.go:92.17,94.12 2 0
stratium/services/key-manager/server.go:98.3,98.66 1 0
stratium/services/key-manager/server.go:98.66,100.4 1 0
stratium/services/key-manager/server.go:104.2,112.16 5 0
stratium/services/key-manager/server.go:112.16,115.3 2 0
stratium/services/key-manager/server.go:116.2,116.24 1 0
stratium/services/key-manager/server.go:116.24,118.3 1 0
stratium/services/key-manager/server.go:121.2,135.48 3 0
stratium/services/key-manager/server.go:135.48,137.3 1 0
stratium/services/key-manager/server.go:139.2,140.16 2 0
stratium/services/key-manager/server.go:140.16,143.3 2 0
stratium/services/key-manager/server.go:145.2,145.35 1 0
stratium/services/key-manager/server.go:145.35,147.3 1 0
stratium/services/key-manager/server.go:147.8,150.3 2 0
stratium/services/key-manager/server.go:153.2,153.30 1 0
stratium/services/key-manager/server.go:153.30,159.20 5 0
stratium/services/key-manager/server.go:159.20,162.54 2 0
stratium/services/key-manager/server.go:162.54,166.48 2 0
stratium/services/key-manager/server.go:166.48,168.6 1 0
stratium/services/key-manager/server.go:173.2,174.20 2 0
stratium/services/key-manager/server.go:185.144,188.16 2 0
stratium/services/key-manager/server.go:188.16,190.3 1 0
stratium/services/key-manager/server.go:193.2,193.34 1 0
stratium/services/key-manager/server.go:193.34,196.3 2 0
stratium/services/key-manager/server.go:198.2,202.16 3 0
stratium/services/key-manager/server.go:202.16,205.3 2 0
stratium/services/key-manager/server.go:207.2,215.16 5 0
stratium/services/key-manager/server.go:215.16,218.3 2 0
stratium/services/key-manager/server.go:220.2,225.16 4 0
stratium/services/key-manager/server.go:225.16,228.3 1 0
stratium/services/key-manager/server.go:231.2,232.16 2 0
stratium/services/key-manager/server.go:232.16,235.3 2 0
stratium/services/key-manager/server.go:238.2,257.8 10 0
stratium/services/key-manager/server.go:261.81,263.23 1 0
stratium/services/key-manager/server.go:263.23,266.3 2 0
stratium/services/key-manager/server.go:269.2,269.30 1 0
stratium/services/key-manager/server.go:269.30,272.3 2 0
stratium/services/key-manager/server.go:274.2,274.29 1 0
stratium/services/key-manager/server.go:274.29,277.3 2 0
stratium/services/key-manager/server.go:280.2,280.31 1 0
stratium/services/key-manager/server.go:280.31,283.3 2 0
stratium/services/key-manager/server.go:285.2,287.16 3 0
stratium/services/key-manager/server.go:287.16,291.3 2 0
stratium/services/key-manager/server.go:292.2,292.25 1 0
stratium/services/key-manager/server.go:297.74,301.16 3 0
stratium/services/key-manager/server.go:301.16,303.3 1 0
stratium/services/key-manager/server.go:305.2,305.15 1 0
stratium/services/key-manager/server.go:305.15,308.3 1 0
stratium/services/key-manager/server.go:312.2,319.16 3 0
stratium/services/key-manager/server.go:319.16,321.3 1 0
stratium/services/key-manager/server.go:323.2,324.12 2 0
stratium/services/key-manager/server.go:328.79,345.49 7 0
stratium/services/key-manager/server.go:345.49,347.3 1 0
stratium/services/key-manager/server.go:347.8,349.3 1 0
stratium/services/key-manager/server.go:353.53,355.2 1 0
stratium/services/key-manager/server.go:358.100,363.56 2 1
stratium/services/key-manager/server.go:363.56,365.3 1 1
stratium/services/key-manager/server.go:368.2,369.16 2 1
stratium/services/key-manager/server.go:369.16,371.3 1 0
stratium/services/key-manager/server.go:374.2,374.33 1 1
stratium/services/key-manager/server.go:374.33,376.17 2 1
stratium/services/key-manager/server.go:376.17,378.4 1 0
stratium/services/key-manager/server.go:382.2,386.16 3 1
stratium/services/key-manager/server.go:386.16,388.3 1 0
stratium/services/key-manager/server.go:391.2,397.26 6 1
stratium/services/key-manager/server.go:397.26,399.3 1 0
stratium/services/key-manager/server.go:401.2,401.33 1 1
stratium/services/key-manager/server.go:401.33,403.3 1 1
stratium/services/key-manager/server.go:406.2,407.16 2 1
stratium/services/key-manager/server.go:407.16,409.3 1 0
stratium/services/key-manager/server.go:413.2,414.16 2 1
stratium/services/key-manager/server.go:414.16,416.3 1 0
stratium/services/key-manager/server.go:419.2,419.97 1 1
stratium/services/key-manager/server.go:419.97,422.17 3 1
stratium/services/key-manager/server.go:422.17,424.4 1 0
stratium/services/key-manager/server.go:427.2,432.8 2 1
stratium/services/key-manager/server.go:436.91,439.21 2 1
stratium/services/key-manager/server.go:439.21,441.3 1 1
stratium/services/key-manager/server.go:443.2,444.16 2 1
stratium/services/key-manager/server.go:444.16,446.3 1 1
stratium/services/key-manager/server.go:449.2,449.27 1 1
stratium/services/key-manager/server.go:449.27,451.3 1 1
stratium/services/key-manager/server.go:453.2,456.8 1 1
stratium/services/key-manager/server.go:460.97,465.29 3 1
stratium/services/key-manager/server.go:465.29,467.3 1 1
stratium/services/key-manager/server.go:468.2,468.30 1 1
stratium/services/key-manager/server.go:468.30,470.3 1 0
stratium/services/key-manager/server.go:471.2,471.77 1 1
stratium/services/key-manager/server.go:471.77,473.3 1 0
stratium/services/key-manager/server.go:474.2,474.58 1 1
stratium/services/key-manager/server.go:474.58,476.3 1 0
stratium/services/key-manager/server.go:479.2,480.16 2 1
stratium/services/key-manager/server.go:480.16,482.3 1 0
stratium/services/key-manager/server.go:485.2,487.19 3 1
stratium/services/key-manager/server.go:487.19,489.3 1 1
stratium/services/key-manager/server.go:491.2,492.25 2 1
stratium/services/key-manager/server.go:492.25,494.72 1 0
stratium/services/key-manager/server.go:494.72,495.29 1 0
stratium/services/key-manager/server.go:495.29,496.44 1 0
stratium/services/key-manager/server.go:496.44,498.11 2 0
stratium/services/key-manager/server.go:504.2,505.26 2 1
stratium/services/key-manager/server.go:505.26,507.3 1 1
stratium/services/key-manager/server.go:509.2,512.28 3 1
stratium/services/key-manager/server.go:512.28,514.27 2 1
stratium/services/key-manager/server.go:514.27,516.4 1 1
stratium/services/key-manager/server.go:519.2,526.8 2 1
stratium/services/key-manager/server.go:530.100,533.21 2 1
stratium/services/key-manager/server.go:533.21,535.3 1 1
stratium/services/key-manager/server.go:538.2,539.16 2 1
stratium/services/key-manager/server.go:539.16,541.3 1 1
stratium/services/key-manager/server.go:542.2,542.27 1 1
stratium/services/key-manager/server.go:542.27,544.3 1 0
stratium/services/key-manager/server.go:547.2,547.38 1 1
stratium/services/key-manager/server.go:547.38,553.3 1 0
stratium/services/key-manager/server.go:556.2,557.16 2 1
stratium/services/key-manager/server.go:557.16,559.3 1 0
stratium/services/key-manager/server.go:562.2,563.16 2 1
stratium/services/key-manager/server.go:563.16,565.17 2 1
stratium/services/key-manager/server.go:565.17,567.4 1 0
stratium/services/key-manager/server.go:571.2,572.16 2 1
stratium/services/key-manager/server.go:572.16,574.3 1 0
stratium/services/key-manager/server.go:576.2,582.8 2 1
stratium/services/key-manager/server.go:586.100,589.21 2 1
stratium/services/key-manager/server.go:589.21,591.3 1 1
stratium/services/key-manager/server.go:593.2,594.16 2 1
stratium/services/key-manager/server.go:594.16,596.3 1 1
stratium/services/key-manager/server.go:597.2,597.27 1 1
stratium/services/key-manager/server.go:597.27,599.3 1 0
stratium/services/key-manager/server.go:602.2,603.16 2 1
stratium/services/key-manager/server.go:603.16,605.3 1 0
stratium/services/key-manager/server.go:607.2,608.22 2 1
stratium/services/key-manager/server.go:612.100,616.16 3 1
stratium/services/key-manager/server.go:616.16,618.3 1 0
stratium/services/key-manager/server.go:620.2,620.22 1 1
stratium/services/key-manager/server.go:623.118,624.28 1 1
stratium/services/key-manager/server.go:624.28,626.3 1 0
stratium/services/key-manager/server.go:627.2,627.32 1 1
stratium/services/key-manager/server.go:627.32,629.3 1 0
stratium/services/key-manager/server.go:630.2,630.41 1 1
stratium/services/key-manager/server.go:630.41,632.3 1 0
stratium/services/key-manager/server.go:633.2,633.33 1 1
stratium/services/key-manager/server.go:633.33,635.3 1 0
stratium/services/key-manager/server.go:637.2,638.16 2 1
stratium/services/key-manager/server.go:638.16,640.3 1 0
stratium/services/key-manager/server.go:642.2,643.35 2 1
stratium/services/key-manager/server.go:643.35,644.104 1 1
stratium/services/key-manager/server.go:644.104,646.4 1 1
stratium/services/key-manager/server.go:646.9,646.62 1 1
stratium/services/key-manager/server.go:646.62,649.4 1 1
stratium/services/key-manager/server.go:649.9,651.4 1 1
stratium/services/key-manager/server.go:652.8,654.17 2 1
stratium/services/key-manager/server.go:654.17,656.4 1 1
stratium/services/key-manager/server.go:659.2,660.16 2 1
stratium/services/key-manager/server.go:660.16,662.3 1 0
stratium/services/key-manager/server.go:664.2,668.8 1 1
stratium/services/key-manager/server.go:672.112,677.19 3 1
stratium/services/key-manager/server.go:677.19,679.38 2 1
stratium/services/key-manager/server.go:679.38,681.44 2 1
stratium/services/key-manager/server.go:681.44,682.13 1 0
stratium/services/key-manager/server.go:684.4,684.51 1 1
stratium/services/key-manager/server.go:686.3,686.28 1 1
stratium/services/key-manager/server.go:690.2,690.23 1 1
stratium/services/key-manager/server.go:690.23,692.38 2 1
stratium/services/key-manager/server.go:692.38,693.26 1 1
stratium/services/key-manager/server.go:693.26,695.5 1 1
stratium/services/key-manager/server.go:697.3,697.33 1 1
stratium/services/key-manager/server.go:700.2,703.8 1 1
stratium/services/key-manager/server.go:707.118,711.37 3 0
stratium/services/key-manager/server.go:711.37,712.40 1 0
stratium/services/key-manager/server.go:712.40,713.21 1 0
stratium/services/key-manager/server.go:713.21,715.45 2 0
stratium/services/key-manager/server.go:715.45,717.6 1 0
stratium/services/key-manager/server.go:719.4,722.10 1 0
stratium/services/key-manager/server.go:726.2,726.92 1 0
stratium/services/key-manager/server_client_keys.go:13.124,16.16 2 0
stratium/services/key-manager/server_client_keys.go:16.16,23.3 1 0
stratium/services/key-manager/server_client_keys.go:25.2,27.26 2 0
stratium/services/key-manager/server_client_keys.go:27.26,33.3 1 0
stratium/services/key-manager/server_client_keys.go:35.2,35.28 1 0
stratium/services/key-manager/server_client_keys.go:35.28,41.3 1 0
stratium/services/key-manager/server_client_keys.go:43.2,44.45 2 0
stratium/services/key-manager/server_client_keys.go:44.45,46.17 2 0
stratium/services/key-manager/server_client_keys.go:46.17,52.4 1 0
stratium/services/key-manager/server_client_keys.go:53.3,53.21 1 0
stratium/services/key-manager/server_client_keys.go:54.8,55.140 1 0
stratium/services/key-manager/server_client_keys.go:55.140,58.4 2 0
stratium/services/key-manager/server_client_keys.go:61.2,61.53 1 0
stratium/services/key-manager/server_client_keys.go:61.53,67.3 1 0
stratium/services/key-manager/server_client_keys.go:70.2,74.33 3 0
stratium/services/key-manager/server_client_keys.go:74.33,76.3 1 0
stratium/services/key-manager/server_client_keys.go:77.2,77.24 1 0
stratium/services/key-manager/server_client_keys.go:77.24,79.3 1 0
stratium/services/key-manager/server_client_keys.go:82.2,99.16 4 0
stratium/services/key-manager/server_client_keys.go:99.16,106.3 2 0
stratium/services/key-manager/server_client_keys.go:108.2,114.8 2 0
stratium/services/key-manager/server_client_keys.go:118.109,121.16 2 0
stratium/services/key-manager/server_client_keys.go:121.16,128.3 1 0
stratium/services/key-manager/server_client_keys.go:130.2,133.26 2 0
stratium/services/key-manager/server_client_keys.go:133.26,139.3 1 0
stratium/services/key-manager/server_client_keys.go:141.2,144.21 2 0
stratium/services/key-manager/server_client_keys.go:144.21,146.17 2 0
stratium/services/key-manager/server_client_keys.go:146.17,152.4 1 0
stratium/services/key-manager/server_client_keys.go:155.3,155.37 1 0
stratium/services/key-manager/server_client_keys.go:155.37,161.4 1 0
stratium/services/key-manager/server_client_keys.go:162.8,165.17 2 0
stratium/services/key-manager/server_client_keys.go:165.17,171.4 1 0
stratium/services/key-manager/server_client_keys.go:175.2,175.75 1 0
stratium/services/key-manager/server_client_keys.go:175.75,182.3 2 0
stratium/services/key-manager/server_client_keys.go:184.2,190.8 2 0
stratium/services/key-manager/server_client_keys.go:194.115,197.16 2 0
stratium/services/key-manager/server_client_keys.go:197.16,203.3 1 0
stratium/services/key-manager/server_client_keys.go:205.2,208.47 2 0
stratium/services/key-manager/server_client_keys.go:208.47,213.3 1 0
stratium/services/key-manager/server_client_keys.go:216.2,217.16 2 0
stratium/services/key-manager/server_client_keys.go:217.16,223.3 2 0
stratium/services/key-manager/server_client_keys.go:226.2,227.19 2 0
stratium/services/key-manager/server_client_keys.go:227.19,229.3 1 0
stratium/services/key-manager/server_client_keys.go:231.2,234.25 3 0
stratium/services/key-manager/server_client_keys.go:234.25,237.3 1 0
stratium/services/key-manager/server_client_keys.go:239.2,240.27 2 0
stratium/services/key-manager/server_client_keys.go:240.27,242.3 1 0
stratium/services/key-manager/server_client_keys.go:244.2,247.29 3 0
stratium/services/key-manager/server_client_keys.go:247.29,249.28 2 0
stratium/services/key-manager/server_client_keys.go:249.28,251.4 1 0
stratium/services/key-manager/server_client_keys.go:254.2,261.8 2 0
stratium/services/key-manager/server_client_keys.go:265.118,268.16 2 0
stratium/services/key-manager/server_client_keys.go:268.16,275.3 1 0
stratium/services/key-manager/server_client_keys.go:277.2,281.47 2 0
stratium/services/key-manager/server_client_keys.go:281.47,287.3 1 0
stratium/services/key-manager/server_client_keys.go:289.2,289.21 1 0
stratium/services/key-manager/server_client_keys.go:289.21,295.3 1 0
stratium/services/key-manager/server_client_keys.go:298.2,299.16 2 0
stratium/services/key-manager/server_client_keys.go:299.16,305.3 1 0
stratium/services/key-manager/server_client_keys.go:308.2,308.36 1 0
stratium/services/key-manager/server_client_keys.go:308.36,314.3 1 0
stratium/services/key-manager/server_client_keys.go:317.2,318.16 2 0
stratium/services/key-manager/server_client_keys.go:318.16,325.3 2 0
stratium/services/key-manager/server_client_keys.go:327.2,332.8 2 0
stratium/services/key-manager/server_client_keys.go:336.106,341.16 3 0
stratium/services/key-manager/server_client_keys.go:341.16,347.3 2 0
stratium/services/key-manager/server_client_keys.go:350.2,351.19 2 0
stratium/services/key-manager/server_client_keys.go:351.19,353.3 1 0
stratium/services/key-manager/server_client_keys.go:355.2,358.25 3 0
stratium/services/key-manager/server_client_keys.go:358.25,360.3 1 0
stratium/services/key-manager/server_client_keys.go:362.2,363.27 2 0
stratium/services/key-manager/server_client_keys.go:363.27,365.3 1 0
stratium/services/key-manager/server_client_keys.go:367.2,370.29 3 0
stratium/services/key-manager/server_client_keys.go:370.29,372.28 2 0
stratium/services/key-manager/server_client_keys.go:372.28,374.4 1 0
stratium/services/key-manager/server_client_keys.go:377.2,384.8 2 0
stratium/services/key-manager/server_crypto_helpers.go:21.40,22.39 1 1
stratium/services/key-manager/server_crypto_helpers.go:22.39,24.3 1 1
stratium/services/key-manager/server_crypto_helpers.go:25.2,25.115 1 1
stratium/services/key-manager/server_crypto_helpers.go:28.59,29.39 1 1
stratium/services/key-manager/server_crypto_helpers.go:29.39,31.3 1 0
stratium/services/key-manager/server_crypto_helpers.go:32.2,32.30 1 1
stratium/services/key-manager/server_crypto_helpers.go:32.30,34.3 1 0
stratium/services/key-manager/server_crypto_helpers.go:35.2,35.73 1 1
stratium/services/key-manager/server_crypto_helpers.go:38.72,40.59 2 1
stratium/services/key-manager/server_crypto_helpers.go:40.59,42.3 1 1
stratium/services/key-manager/server_crypto_helpers.go:44.2,44.56 1 1
stratium/services/key-manager/server_crypto_helpers.go:44.56,46.3 1 0
stratium/services/key-manager/server_crypto_helpers.go:48.2,49.16 2 1
stratium/services/key-manager/server_crypto_helpers.go:49.16,51.3 1 0
stratium/services/key-manager/server_crypto_helpers.go:52.2,52.19 1 1
stratium/services/key-manager/server_crypto_helpers.go:52.19,54.3 1 0
stratium/services/key-manager/server_crypto_helpers.go:56.2,57.16 2 1
stratium/services/key-manager/server_crypto_helpers.go:57.16,59.3 1 0
stratium/services/key-manager/server_crypto_helpers.go:60.2,60.25 1 1
stratium/services/key-manager/server_crypto_helpers.go:60.25,62.3 1 0
stratium/services/key-manager/server_crypto_helpers.go:64.2,65.16 2 1
stratium/services/key-manager/server_crypto_helpers.go:65.16,67.3 1 0
stratium/services/key-manager/server_crypto_helpers.go:69.2,69.30 1 1
stratium/services/key-manager/server_crypto_helpers.go:70.22,71.75 1 1
stratium/services/key-manager/server_crypto_helpers.go:71.75,73.4 1 0
stratium/services/key-manager/server_crypto_helpers.go:74.3,74.18 1 1
stratium/services/key-manager/server_crypto_helpers.go:75.10,76.114 1 0
stratium/services/key-manager/server_crypto_helpers.go:80.88,82.85 2 1
stratium/services/key-manager/server_crypto_helpers.go:82.85,84.3 1 1
stratium/services/key-manager/server_crypto_helpers.go:85.2,85.52 1 1
stratium/services/key-manager/server_crypto_helpers.go:88.117,90.16 2 0
stratium/services/key-manager/server_crypto_helpers.go:90.16,92.3 1 0
stratium/services/key-manager/server_crypto_helpers.go:93.2,93.55 1 0
stratium/services/key-manager/server_crypto_helpers.go:96.81,98.16 2 1
stratium/services/key-manager/server_crypto_helpers.go:98.16,100.3 1 0
stratium/services/key-manager/server_crypto_helpers.go:102.2,102.30 1 1
stratium/services/key-manager/server_crypto_helpers.go:103.22,104.44 1 1
stratium/services/key-manager/server_crypto_helpers.go:105.10,106.106 1 0
stratium/services/key-manager/server_crypto_helpers.go:110.50,111.16 1 1
stratium/services/key-manager/server_crypto_helpers.go:111.16,113.3 1 0
stratium/services/key-manager/server_crypto_helpers.go:114.2,114.28 1 1
stratium/services/key-manager/server_crypto_helpers.go:114.28,116.3 1 0
stratium/services/key-manager/server_crypto_helpers.go:118.2,119.18 2 1
stratium/services/key-manager/server_crypto_helpers.go:119.18,121.3 1 0
stratium/services/key-manager/server_crypto_helpers.go:123.2,124.16 2 1
stratium/services/key-manager/server_crypto_helpers.go:124.16,126.3 1 0
stratium/services/key-manager/server_crypto_helpers.go:127.2,127.17 1 1
stratium/services/key-manager/server_crypto_helpers.go:130.113,132.16 2 1
stratium/services/key-manager/server_crypto_helpers.go:132.16,134.3 1 0
stratium/services/key-manager/server_crypto_helpers.go:135.2,135.61 1 1
stratium/services/key-manager/server_crypto_helpers.go:135.61,137.3 1 0
stratium/services/key-manager/server_crypto_helpers.go:139.2,140.16 2 1
stratium/services/key-manager/server_crypto_helpers.go:140.16,142.3 1 0
stratium/services/key-manager/server_crypto_helpers.go:144.2,144.55 1 1
stratium/services/key-manager/server_crypto_helpers.go:147.77,149.26 2 1
stratium/services/key-manager/server_crypto_helpers.go:149.26,151.3 1 1
stratium/services/key-manager/server_crypto_helpers.go:153.2,154.40 2 1
stratium/services/key-manager/server_crypto_helpers.go:154.40,156.3 1 0
stratium/services/key-manager/server_crypto_helpers.go:158.2,160.17 3 1
stratium/services/key-manager/server_crypto_helpers.go:160.17,164.3 3 1
stratium/services/key-manager/server_crypto_helpers.go:166.2,166.52 1 1
stratium/services/key-manager/server_crypto_helpers.go:166.52,168.3 1 0
stratium/services/key-manager/server_crypto_helpers.go:170.2,171.43 2 1
stratium/services/key-manager/server_crypto_helpers.go:171.43,173.3 1 1
stratium/services/key-manager/server_crypto_helpers.go:174.2,174.43 1 1
stratium/services/key-manager/server_crypto_helpers.go:174.43,176.3 1 0
stratium/services/key-manager/server_crypto_helpers.go:178.2,179.21 2 1
stratium/services/key-manager/server_crypto_helpers.go:179.21,181.3 1 0
stratium/services/key-manager/server_crypto_helpers.go:183.2,183.19 1 1
stratium/services/key-manager/server_crypto_helpers.go:186.59,188.18 2 0
stratium/services/key-manager/server_crypto_helpers.go:188.18,190.3 1 0
stratium/services/key-manager/server_crypto_helpers.go:192.2,193.16 2 0
stratium/services/key-manager/server_crypto_helpers.go:193.16,195.3 1 0
stratium/services/key-manager/server_crypto_helpers.go:197.2,197.27 1 0
stratium/services/key-manager/server_crypto_helpers.go:198.22,200.15 2 0
stratium/services/key-manager/server_crypto_helpers.go:201.13,202.41 1 0
stratium/services/key-manager/server_crypto_helpers.go:203.13,204.41 1 0
stratium/services/key-manager/server_crypto_helpers.go:205.13,206.41 1 0
stratium/services/key-manager/server_crypto_helpers.go:207.11,208.89 1 0
stratium/services/key-manager/server_crypto_helpers.go:210.24,211.34 1 0
stratium/services/key-manager/server_crypto_helpers.go:212.16,213.41 1 0
stratium/services/key-manager/server_crypto_helpers.go:214.16,215.41 1 0
stratium/services/key-manager/server_crypto_helpers.go:216.16,217.41 1 0
stratium/services/key-manager/server_crypto_helpers.go:218.11,219.105 1 0
stratium/services/key-manager/server_crypto_helpers.go:221.10,222.82 1 0
stratium/services/key-manager/server_crypto_helpers.go:227.72,228.20 1 1
stratium/services/key-manager/server_crypto_helpers.go:228.20,230.3 1 1
stratium/services/key-manager/server_crypto_helpers.go:232.2,232.49 1 1
stratium/services/key-manager/server_crypto_helpers.go:232.49,234.3 1 1
stratium/services/key-manager/server_crypto_helpers.go:236.2,236.71 1 1
stratium/services/key-manager/server_crypto_helpers.go:236.71,238.3 1 0
stratium/services/key-manager/server_crypto_helpers.go:240.2,240.57 1 1
stratium/services/key-manager/server_crypto_helpers.go:240.57,242.3 1 1
stratium/services/key-manager/server_crypto_helpers.go:244.2,244.12 1 1
stratium/services/key-manager/server_crypto_helpers.go:247.49,248.17 1 1
stratium/services/key-manager/server_crypto_helpers.go:251.29,252.14 1 1
stratium/services/key-manager/server_crypto_helpers.go:253.10,254.15 1 1
stratium/services/key-manager/server_crypto_helpers.go:258.55,260.35 2 1
stratium/services/key-manager/server_crypto_helpers.go:260.35,261.36 1 1
stratium/services/key-manager/server_crypto_helpers.go:261.36,263.4 1 1
stratium/services/key-manager/server_crypto_helpers.go:265.2,265.17 1 1
stratium/services/key-manager/server_crypto_helpers.go:269.54,282.30 2 1
stratium/services/key-manager/server_crypto_helpers.go:282.30,284.3 1 0
stratium/services/key-manager/server_crypto_helpers.go:286.2,286.32 1 1
stratium/services/key-manager/server_crypto_helpers.go:286.32,288.3 1 0
stratium/services/key-manager/server_crypto_helpers.go:290.2,290.37 1 1
stratium/services/key-manager/server_crypto_helpers.go:290.37,292.3 1 1
stratium/services/key-manager/server_crypto_helpers.go:294.2,294.31 1 1
stratium/services/key-manager/server_crypto_helpers.go:294.31,299.38 5 0
stratium/services/key-manager/server_crypto_helpers.go:299.38,301.4 1 0
stratium/services/key-manager/server_crypto_helpers.go:304.2,304.12 1 1
stratium/services/key-manager/smartcard_provider.go:71.97,80.19 2 1
stratium/services/key-manager/smartcard_provider.go:80.19,81.42 1 0
stratium/services/key-manager/smartcard_provider.go:81.42,83.4 1 0
stratium/services/key-manager/smartcard_provider.go:84.3,84.29 1 0
stratium/services/key-manager/smartcard_provider.go:87.2,87.17 1 1
stratium/services/key-manager/smartcard_provider.go:90.42,98.2 1 1
stratium/services/key-manager/smartcard_provider.go:100.65,101.22 1 1
stratium/services/key-manager/smartcard_provider.go:101.22,103.3 1 0
stratium/services/key-manager/smartcard_provider.go:105.2,106.70 2 1
stratium/services/key-manager/smartcard_provider.go:106.70,108.3 1 1
stratium/services/key-manager/smartcard_provider.go:110.2,118.36 2 1
stratium/services/key-manager/smartcard_provider.go:118.36,119.43 1 1
stratium/services/key-manager/smartcard_provider.go:119.43,121.4 1 1
stratium/services/key-manager/smartcard_provider.go:124.2,124.14 1 1
stratium/services/key-manager/smartcard_provider.go:127.50,130.2 2 0
stratium/services/key-manager/smartcard_provider.go:132.57,133.20 1 1
stratium/services/key-manager/smartcard_provider.go:133.20,135.3 1 0
stratium/services/key-manager/smartcard_provider.go:136.2,136.92 1 1
stratium/services/key-manager/smartcard_provider.go:140.66,141.33 1 1
stratium/services/key-manager/smartcard_provider.go:141.33,143.3 1 0
stratium/services/key-manager/smartcard_provider.go:144.2,144.53 1 1
stratium/services/key-manager/smartcard_provider.go:148.57,149.33 1 1
stratium/services/key-manager/smartcard_provider.go:149.33,151.3 1 0
stratium/services/key-manager/smartcard_provider.go:152.2,152.34 1 1
stratium/services/key-manager/smartcard_provider.go:156.51,161.2 3 1
stratium/services/key-manager/smartcard_provider.go:164.65,169.2 3 1
stratium/services/key-manager/smartcard_provider.go:172.56,174.2 1 0
stratium/services/key-manager/smartcard_provider.go:177.64,179.2 1 0
stratium/services/key-manager/smartcard_provider.go:182.144,186.28 3 1
stratium/services/key-manager/smartcard_provider.go:186.28,188.3 1 0
stratium/services/key-manager/smartcard_provider.go:190.2,190.56 1 1
stratium/services/key-manager/smartcard_provider.go:193.129,194.28 1 1
stratium/services/key-manager/smartcard_provider.go:194.28,196.3 1 0
stratium/services/key-manager/smartcard_provider.go:198.2,198.61 1 1
stratium/services/key-manager/smartcard_provider.go:198.61,200.3 1 1
stratium/services/key-manager/smartcard_provider.go:203.2,203.47 1 1
stratium/services/key-manager/smartcard_provider.go:203.47,205.3 1 0
stratium/services/key-manager/smartcard_provider.go:208.2,209.63 2 1
stratium/services/key-manager/smartcard_provider.go:209.63,210.31 1 1
stratium/services/key-manager/smartcard_provider.go:210.31,212.9 2 1
stratium/services/key-manager/smartcard_provider.go:215.2,215.16 1 1
stratium/services/key-manager/smartcard_provider.go:215.16,217.3 1 0
stratium/services/key-manager/smartcard_provider.go:220.2,221.27 2 1
stratium/services/key-manager/smartcard_provider.go:221.27,223.3 1 1
stratium/services/key-manager/smartcard_provider.go:226.2,227.16 2 1
stratium/services/key-manager/smartcard_provider.go:227.16,229.3 1 0
stratium/services/key-manager/smartcard_provider.go:232.2,233.16 2 1
stratium/services/key-manager/smartcard_provider.go:233.16,237.3 2 0
stratium/services/key-manager/smartcard_provider.go:240.2,242.16 3 1
stratium/services/key-manager/smartcard_provider.go:242.16,245.3 2 0
stratium/services/key-manager/smartcard_provider.go:248.2,262.55 2 1
stratium/services/key-manager/smartcard_provider.go:262.55,263.65 1 0
stratium/services/key-manager/smartcard_provider.go:263.65,266.4 2 0
stratium/services/key-manager/smartcard_provider.go:270.2,270.27 1 1
stratium/services/key-manager/smartcard_provider.go:270.27,271.27 1 1
stratium/services/key-manager/smartcard_provider.go:271.27,273.4 1 1
stratium/services/key-manager/smartcard_provider.go:277.2,277.65 1 1
stratium/services/key-manager/smartcard_provider.go:277.65,278.32 1 1
stratium/services/key-manager/smartcard_provider.go:278.32,280.4 1 1
stratium/services/key-manager/smartcard_provider.go:284.2,286.21 2 1
stratium/services/key-manager/smartcard_provider.go:290.96,294.28 3 1
stratium/services/key-manager/smartcard_provider.go:294.28,296.3 1 0
stratium/services/key-manager/smartcard_provider.go:298.2,299.13 2 1
stratium/services/key-manager/smartcard_provider.go:299.13,301.3 1 0
stratium/services/key-manager/smartcard_provider.go:302.2,302.69 1 1
stratium/services/key-manager/smartcard_provider.go:302.69,304.3 1 0
stratium/services/key-manager/smartcard_provider.go:307.2,307.70 1 1
stratium/services/key-manager/smartcard_provider.go:307.70,309.3 1 0
stratium/services/key-manager/smartcard_provider.go:312.2,313.16 2 1
stratium/services/key-manager/smartcard_provider.go:313.16,315.3 1 0
stratium/services/key-manager/smartcard_provider.go:317.2,317.21 1 1
stratium/services/key-manager/smartcard_provider.go:321.87,325.28 3 0
stratium/services/key-manager/smartcard_provider.go:325.28,327.3 1 0
stratium/services/key-manager/smartcard_provider.go:330.2,331.16 2 0
stratium/services/key-manager/smartcard_provider.go:331.16,333.3 1 0
stratium/services/key-manager/smartcard_provider.go:336.2,337.12 2 0
stratium/services/key-manager/smartcard_provider.go:341.84,345.28 3 0
stratium/services/key-manager/smartcard_provider.go:345.28,347.3 1 0
stratium/services/key-manager/smartcard_provider.go:350.2,351.16 2 0
stratium/services/key-manager/smartcard_provider.go:351.16,353.3 1 0
stratium/services/key-manager/smartcard_provider.go:355.2,355.24 1 0
stratium/services/key-manager/smartcard_provider.go:359.101,360.22 1 1
stratium/services/key-manager/smartcard_provider.go:360.22,362.3 1 0
stratium/services/key-manager/smartcard_provider.go:365.2,366.59 2 1
stratium/services/key-manager/smartcard_provider.go:366.59,369.3 2 1
stratium/services/key-manager/smartcard_provider.go:370.2,370.53 1 0
stratium/services/key-manager/smartcard_provider.go:370.53,372.3 1 0
stratium/services/key-manager/smartcard_provider.go:373.2,375.39 2 0
stratium/services/key-manager/smartcard_provider.go:379.110,380.22 1 1
stratium/services/key-manager/smartcard_provider.go:380.22,382.3 1 0
stratium/services/key-manager/smartcard_provider.go:385.2,386.59 2 1
stratium/services/key-manager/smartcard_provider.go:386.59,389.3 2 0
stratium/services/key-manager/smartcard_provider.go:390.2,390.53 1 1
stratium/services/key-manager/smartcard_provider.go:390.53,392.3 1 1
stratium/services/key-manager/smartcard_provider.go:393.2,395.48 2 1
stratium/services/key-manager/smartcard_provider.go:399.109,400.22 1 1
stratium/services/key-manager/smartcard_provider.go:400.22,402.3 1 0
stratium/services/key-manager/smartcard_provider.go:405.2,406.59 2 1
stratium/services/key-manager/smartcard_provider.go:406.59,409.3 2 0
stratium/services/key-manager/smartcard_provider.go:410.2,410.53 1 1
stratium/services/key-manager/smartcard_provider.go:410.53,412.3 1 1
stratium/services/key-manager/smartcard_provider.go:413.2,415.47 2 1
stratium/services/key-manager/smartcard_provider.go:419.95,423.28 3 1
stratium/services/key-manager/smartcard_provider.go:423.28,425.3 1 0
stratium/services/key-manager/smartcard_provider.go:427.2,428.13 2 1
stratium/services/key-manager/smartcard_provider.go:428.13,430.3 1 0
stratium/services/key-manager/smartcard_provider.go:431.2,431.72 1 1
stratium/services/key-manager/smartcard_provider.go:431.72,433.3 1 0
stratium/services/key-manager/smartcard_provider.go:436.2,437.40 2 1
stratium/services/key-manager/smartcard_provider.go:437.40,438.39 1 1
stratium/services/key-manager/smartcard_provider.go:438.39,440.4 1 0
stratium/services/key-manager/smartcard_provider.go:444.2,445.16 2 1
stratium/services/key-manager/smartcard_provider.go:445.16,447.3 1 0
stratium/services/key-manager/smartcard_provider.go:450.2,454.16 3 1
stratium/services/key-manager/smartcard_provider.go:454.16,456.3 1 0
stratium/services/key-manager/smartcard_provider.go:458.2,461.24 3 1
stratium/services/key-manager/smartcard_provider.go:465.74,470.27 3 1
stratium/services/key-manager/smartcard_provider.go:470.27,472.3 1 1
stratium/services/key-manager/smartcard_provider.go:473.2,473.58 1 1
stratium/services/key-manager/smartcard_provider.go:473.58,475.3 1 0
stratium/services/key-manager/smartcard_provider.go:477.2,477.43 1 1
stratium/services/key-manager/smartcard_provider.go:477.43,478.41 1 0
stratium/services/key-manager/smartcard_provider.go:478.41,480.4 1 0
stratium/services/key-manager/smartcard_provider.go:481.8,481.32 1 1
stratium/services/key-manager/smartcard_provider.go:481.32,483.3 1 0
stratium/services/key-manager/smartcard_provider.go:486.2,486.25 1 1
stratium/services/key-manager/smartcard_provider.go:486.25,488.17 2 1
stratium/services/key-manager/smartcard_provider.go:488.17,490.4 1 0
stratium/services/key-manager/smartcard_provider.go:493.3,493.54 1 1
stratium/services/key-manager/smartcard_provider.go:493.54,495.18 2 1
stratium/services/key-manager/smartcard_provider.go:495.18,497.5 1 0
stratium/services/key-manager/smartcard_provider.go:501.3,501.43 1 1
stratium/services/key-manager/smartcard_provider.go:501.43,503.18 2 1
stratium/services/key-manager/smartcard_provider.go:503.18,505.5 1 0
stratium/services/key-manager/smartcard_provider.go:508.3,508.23 1 1
stratium/services/key-manager/smartcard_provider.go:511.2,511.12 1 1
stratium/services/key-manager/smartcard_provider.go:514.71,520.29 2 1
stratium/services/key-manager/smartcard_provider.go:520.29,522.3 1 1
stratium/services/key-manager/smartcard_provider.go:523.2,523.18 1 1
stratium/services/key-manager/smartcard_provider.go:526.59,528.2 1 1
stratium/services/key-manager/smartcard_provider.go:530.70,532.13 2 1
stratium/services/key-manager/smartcard_provider.go:532.13,535.3 2 1
stratium/services/key-manager/smartcard_provider.go:537.2,538.16 2 1
stratium/services/key-manager/smartcard_provider.go:538.16,540.3 1 0
stratium/services/key-manager/smartcard_provider.go:541.2,542.12 2 1
stratium/services/key-manager/smartcard_provider.go:545.81,546.30 1 1
stratium/services/key-manager/smartcard_provider.go:546.30,548.3 1 1
stratium/services/key-manager/smartcard_provider.go:549.2,549.35 1 1
stratium/services/key-manager/smartcard_provider.go:549.35,551.3 1 0
stratium/services/key-manager/smartcard_provider.go:552.2,552.99 1 1
stratium/services/key-manager/smartcard_provider.go:555.78,556.30 1 1
stratium/services/key-manager/smartcard_provider.go:556.30,558.3 1 1
stratium/services/key-manager/smartcard_provider.go:560.2,561.53 2 1
stratium/services/key-manager/smartcard_provider.go:561.53,563.3 1 1
stratium/services/key-manager/smartcard_provider.go:563.8,565.17 2 0
stratium/services/key-manager/smartcard_provider.go:565.17,567.4 1 0
stratium/services/key-manager/smartcard_provider.go:568.3,568.44 1 0
stratium/services/key-manager/smartcard_provider.go:571.2,571.35 1 1
stratium/services/key-manager/smartcard_provider.go:571.35,573.3 1 0
stratium/services/key-manager/smartcard_provider.go:574.2,574.109 1 1
stratium/services/key-manager/smartcard_provider.go:578.69,583.29 4 0
stratium/services/key-manager/smartcard_provider.go:583.29,584.17 1 0
stratium/services/key-manager/smartcard_provider.go:584.17,586.4 1 0
stratium/services/key-manager/smartcard_provider.go:589.2,589.15 1 0
stratium/services/key-manager/smartcard_provider.go:593.66,596.2 2 1
stratium/services/key-manager/smartcard_provider.go:598.45,602.2 3 0
stratium/services/key-manager/smartcard_provider.go:604.45,606.2 1 1
stratium/services/key-manager/smartcard_provider.go:608.58,609.18 1 0
stratium/services/key-manager/smartcard_provider.go:609.18,611.3 1 0
stratium/services/key-manager/smartcard_provider.go:613.2,614.34 2 0
stratium/services/key-manager/smartcard_provider.go:614.34,616.3 1 0
stratium/services/key-manager/smartcard_provider.go:617.2,617.21 1 0
stratium/services/key-manager/smartcard_provider.go:620.62,621.18 1 1
stratium/services/key-manager/smartcard_provider.go:621.18,623.3 1 0
stratium/services/key-manager/smartcard_provider.go:625.2,625.47 1 1
stratium/services/key-manager/smartcard_provider.go:625.47,627.3 1 0
stratium/services/key-manager/smartcard_provider.go:629.2,630.12 2 1
stratium/services/key-manager/smartcard_provider.go:633.69,634.44 1 1
stratium/services/key-manager/smartcard_provider.go:634.44,636.3 1 0
stratium/services/key-manager/smartcard_provider.go:638.2,643.8 1 1
stratium/services/key-manager/smartcard_provider.go:646.57,647.18 1 1
stratium/services/key-manager/smartcard_provider.go:647.18,649.3 1 0
stratium/services/key-manager/smartcard_provider.go:652.2,652.36 1 1
stratium/services/key-manager/smartcard_provider.go:652.36,655.3 2 1
stratium/services/key-manager/smartcard_provider.go:657.2,657.34 1 0
stratium/services/key-manager/smartcard_provider.go:660.49,662.2 1 1
stratium/services/key-manager/smartcard_provider.go:664.107,665.38 1 1
stratium/services/key-manager/smartcard_provider.go:665.38,667.3 1 0
stratium/services/key-manager/smartcard_provider.go:669.2,674.17 2 1
stratium/services/key-manager/smartcard_provider.go:675.33,677.17 2 1
stratium/services/key-manager/smartcard_provider.go:677.17,679.4 1 0
stratium/services/key-manager/smartcard_provider.go:680.3,680.30 1 1
stratium/services/key-manager/smartcard_provider.go:681.33,683.17 2 1
stratium/services/key-manager/smartcard_provider.go:683.17,685.4 1 0
stratium/services/key-manager/smartcard_provider.go:686.3,686.32 1 1
stratium/services/key-manager/smartcard_provider.go:687.33,689.17 2 0
stratium/services/key-manager/smartcard_provider.go:689.17,691.4 1 0
stratium/services/key-manager/smartcard_provider.go:692.3,692.32 1 0
stratium/services/key-manager/smartcard_provider.go:693.10,694.56 1 0
stratium/services/key-manager/smartcard_provider.go:697.2,698.12 2 1
stratium/services/key-manager/smartcard_provider.go:701.79,702.38 1 1
stratium/services/key-manager/smartcard_provider.go:702.38,704.3 1 0
stratium/services/key-manager/smartcard_provider.go:706.2,707.13 2 1
stratium/services/key-manager/smartcard_provider.go:707.13,709.3 1 0
stratium/services/key-manager/smartcard_provider.go:711.2,711.27 1 1
stratium/services/key-manager/smartcard_provider.go:711.27,713.3 1 1
stratium/services/key-manager/smartcard_provider.go:714.2,714.29 1 1
stratium/services/key-manager/smartcard_provider.go:714.29,716.3 1 1
stratium/services/key-manager/smartcard_provider.go:718.2,718.52 1 0
stratium/services/key-manager/smartcard_provider.go:721.56,722.38 1 1
stratium/services/key-manager/smartcard_provider.go:722.38,724.3 1 0
stratium/services/key-manager/smartcard_provider.go:726.2,727.12 2 1
stratium/services/key-manager/smartcard_provider.go:730.55,731.38 1 0
stratium/services/key-manager/smartcard_provider.go:731.38,733.3 1 0
stratium/services/key-manager/smartcard_provider.go:735.2,736.28 2 0
stratium/services/key-manager/smartcard_provider.go:736.28,738.3 1 0
stratium/services/key-manager/smartcard_provider.go:739.2,739.18 1 0
stratium/services/key-manager/smartcard_provider.go:742.74,743.38 1 0
stratium/services/key-manager/smartcard_provider.go:743.38,745.3 1 0
stratium/services/key-manager/smartcard_provider.go:747.2,747.41 1 0
stratium/services/key-manager/smartcard_provider.go:747.41,749.3 1 0
stratium/services/key-manager/smartcard_provider.go:751.2,754.27 3 0
stratium/services/key-manager/smartcard_provider.go:754.27,756.3 1 0
stratium/services/key-manager/smartcard_provider.go:757.2,757.29 1 0
stratium/services/key-manager/smartcard_provider.go:757.29,759.3 1 0
stratium/services/key-manager/smartcard_provider.go:761.2,761.53 1 0
stratium/services/key-manager/smartcard_provider.go:764.83,765.38 1 1
stratium/services/key-manager/smartcard_provider.go:765.38,767.3 1 0
stratium/services/key-manager/smartcard_provider.go:769.2,770.13 2 1
stratium/services/key-manager/smartcard_provider.go:770.13,772.3 1 0
stratium/services/key-manager/smartcard_provider.go:774.2,774.27 1 1
stratium/services/key-manager/smartcard_provider.go:774.27,776.17 2 1
stratium/services/key-manager/smartcard_provider.go:776.17,778.4 1 0
stratium/services/key-manager/smartcard_provider.go:779.3,779.24 1 1
stratium/services/key-manager/smartcard_provider.go:782.2,782.78 1 0
stratium/services/key-manager/smartcard_provider.go:785.82,786.38 1 1
stratium/services/key-manager/smartcard_provider.go:786.38,788.3 1 0
stratium/services/key-manager/smartcard_provider.go:790.2,791.13 2 1
stratium/services/key-manager/smartcard_provider.go:791.13,793.3 1 0
stratium/services/key-manager/smartcard_provider.go:795.2,795.27 1 1
stratium/services/key-manager/smartcard_provider.go:795.27,797.17 2 1
stratium/services/key-manager/smartcard_provider.go:797.17,799.4 1 0
stratium/services/key-manager/smartcard_provider.go:800.3,800.25 1 1
stratium/services/key-manager/smartcard_provider.go:803.2,803.78 1 0
stratium/services/key-manager/smartcard_provider.go:806.83,807.38 1 1
stratium/services/key-manager/smartcard_provider.go:807.38,809.3 1 0
stratium/services/key-manager/smartcard_provider.go:811.2,811.42 1 1
stratium/services/key-manager/smartcard_provider.go:811.42,817.3 2 1
stratium/services/key-manager/smartcard_provider.go:819.2,819.41 1 0
stratium/services/key-manager/software_provider.go:30.76,37.19 2 1
stratium/services/key-manager/software_provider.go:37.19,39.3 1 0
stratium/services/key-manager/software_provider.go:41.2,41.17 1 1
stratium/services/key-manager/software_provider.go:45.62,49.2 3 1
stratium/services/key-manager/software_provider.go:52.65,54.2 1 1
stratium/services/key-manager/software_provider.go:57.56,59.2 1 0
stratium/services/key-manager/software_provider.go:62.50,64.2 1 0
stratium/services/key-manager/software_provider.go:67.64,79.2 1 0
stratium/services/key-manager/software_provider.go:82.55,84.2 1 0
stratium/services/key-manager/software_provider.go:87.63,89.2 1 0
stratium/services/key-manager/software_provider.go:92.151,97.17 4 1
stratium/services/key-manager/software_provider.go:98.33,100.17 2 1
stratium/services/key-manager/software_provider.go:100.17,102.4 1 0
stratium/services/key-manager/software_provider.go:103.3,103.54 1 1
stratium/services/key-manager/software_provider.go:105.33,107.17 2 1
stratium/services/key-manager/software_provider.go:107.17,109.4 1 0
stratium/services/key-manager/software_provider.go:110.3,110.54 1 1
stratium/services/key-manager/software_provider.go:112.33,114.17 2 1
stratium/services/key-manager/software_provider.go:114.17,116.4 1 0
stratium/services/key-manager/software_provider.go:117.3,117.54 1 1
stratium/services/key-manager/software_provider.go:119.33,121.17 2 1
stratium/services/key-manager/software_provider.go:121.17,123.4 1 0
stratium/services/key-manager/software_provider.go:124.3,124.56 1 1
stratium/services/key-manager/software_provider.go:126.33,128.17 2 1
stratium/services/key-manager/software_provider.go:128.17,130.4 1 0
stratium/services/key-manager/software_provider.go:131.3,131.56 1 1
stratium/services/key-manager/software_provider.go:133.33,135.17 2 1
stratium/services/key-manager/software_provider.go:135.17,137.4 1 0
stratium/services/key-manager/software_provider.go:138.3,138.56 1 1
stratium/services/key-manager/software_provider.go:142.31,144.17 2 1
stratium/services/key-manager/software_provider.go:144.17,146.4 1 0
stratium/services/key-manager/software_provider.go:147.3,148.20 2 1
stratium/services/key-manager/software_provider.go:150.10,151.62 1 0
stratium/services/key-manager/software_provider.go:155.2,156.16 2 1
stratium/services/key-manager/software_provider.go:156.16,158.3 1 0
stratium/services/key-manager/software_provider.go:161.2,175.55 2 1
stratium/services/key-manager/software_provider.go:175.55,176.65 1 0
stratium/services/key-manager/software_provider.go:176.65,179.4 2 0
stratium/services/key-manager/software_provider.go:183.2,183.27 1 1
stratium/services/key-manager/software_provider.go:183.27,184.27 1 0
stratium/services/key-manager/software_provider.go:184.27,186.4 1 0
stratium/services/key-manager/software_provider.go:189.2,189.21 1 1
stratium/services/key-manager/software_provider.go:193.143,196.16 2 1
stratium/services/key-manager/software_provider.go:196.16,198.3 1 0
stratium/services/key-manager/software_provider.go:202.2,202.21 1 1
stratium/services/key-manager/software_provider.go:206.95,211.21 4 1
stratium/services/key-manager/software_provider.go:211.21,213.3 1 0
stratium/services/key-manager/software_provider.go:216.2,217.16 2 1
stratium/services/key-manager/software_provider.go:217.16,219.3 1 0
stratium/services/key-manager/software_provider.go:222.2,222.70 1 1
stratium/services/key-manager/software_provider.go:222.70,224.3 1 0
stratium/services/key-manager/software_provider.go:226.2,226.21 1 1
stratium/services/key-manager/software_provider.go:230.86,235.21 4 1
stratium/services/key-manager/software_provider.go:235.21,237.3 1 0
stratium/services/key-manager/software_provider.go:241.2,241.12 1 1
stratium/services/key-manager/software_provider.go:245.83,250.21 4 0
stratium/services/key-manager/software_provider.go:250.21,252.3 1 0
stratium/services/key-manager/software_provider.go:255.2,259.16 3 0
stratium/services/key-manager/software_provider.go:259.16,261.3 1 0
stratium/services/key-manager/software_provider.go:263.2,264.27 2 0
stratium/services/key-manager/software_provider.go:264.27,266.3 1 0
stratium/services/key-manager/software_provider.go:268.2,268.20 1 0
stratium/services/key-manager/software_provider.go:272.100,274.16 2 0
stratium/services/key-manager/software_provider.go:274.16,276.3 1 0
stratium/services/key-manager/software_provider.go:278.2,284.49 5 0
stratium/services/key-manager/software_provider.go:285.23,286.75 1 0
stratium/services/key-manager/software_provider.go:287.25,288.58 1 0
stratium/services/key-manager/software_provider.go:289.10,290.69 1 0
stratium/services/key-manager/software_provider.go:295.109,297.16 2 1
stratium/services/key-manager/software_provider.go:297.16,299.3 1 0
stratium/services/key-manager/software_provider.go:301.2,305.49 4 1
stratium/services/key-manager/software_provider.go:306.23,307.81 1 1
stratium/services/key-manager/software_provider.go:308.25,309.61 1 1
stratium/services/key-manager/software_provider.go:310.10,311.75 1 1
stratium/services/key-manager/software_provider.go:311.75,313.4 1 1
stratium/services/key-manager/software_provider.go:314.3,314.88 1 0
stratium/services/key-manager/software_provider.go:319.108,321.16 2 1
stratium/services/key-manager/software_provider.go:321.16,323.3 1 0
stratium/services/key-manager/software_provider.go:325.2,329.47 4 1
stratium/services/key-manager/software_provider.go:330.22,331.79 1 1
stratium/services/key-manager/software_provider.go:332.24,333.58 1 1
stratium/services/key-manager/software_provider.go:334.10,335.74 1 1
stratium/services/key-manager/software_provider.go:335.74,337.4 1 1
stratium/services/key-manager/software_provider.go:338.3,338.86 1 0
stratium/services/key-manager/software_provider.go:343.94,346.16 2 0
stratium/services/key-manager/software_provider.go:346.16,348.3 1 0
stratium/services/key-manager/software_provider.go:351.2,352.40 2 0
stratium/services/key-manager/software_provider.go:352.40,354.3 1 0
stratium/services/key-manager/software_provider.go:357.2,358.16 2 0
stratium/services/key-manager/software_provider.go:358.16,360.3 1 0
stratium/services/key-manager/software_provider.go:362.2,366.24 3 0
stratium/services/key-manager/software_provider.go:370.73,374.27 3 0
stratium/services/key-manager/software_provider.go:374.27,376.3 1 0
stratium/services/key-manager/software_provider.go:379.2,379.63 1 0
stratium/services/key-manager/software_provider.go:379.63,380.65 1 0
stratium/services/key-manager/software_provider.go:380.65,382.4 1 0
stratium/services/key-manager/software_provider.go:385.2,385.12 1 0
stratium/services/key-manager/software_provider.go:389.68,394.29 4 0
stratium/services/key-manager/software_provider.go:394.29,396.3 1 0
stratium/services/key-manager/software_provider.go:398.2,398.15 1 0
stratium/services/key-manager/software_provider.go:402.77,406.33 3 1
stratium/services/key-manager/software_provider.go:407.22,409.17 2 1
stratium/services/key-manager/software_provider.go:409.17,411.4 1 0
stratium/services/key-manager/software_provider.go:412.24,414.17 2 1
stratium/services/key-manager/software_provider.go:414.17,416.4 1 0
stratium/services/key-manager/software_provider.go:417.10,418.67 1 1
stratium/services/key-manager/software_provider.go:418.67,420.4 1 1
stratium/services/key-manager/software_provider.go:421.3,421.70 1 0
stratium/services/key-manager/software_provider.go:424.2,429.34 2 1
stratium/services/key-manager/software_provider.go:433.115,434.28 1 1
stratium/services/key-manager/software_provider.go:434.28,436.3 1 0
stratium/services/key-manager/software_provider.go:438.2,439.16 2 1
stratium/services/key-manager/software_provider.go:439.16,441.3 1 0
stratium/services/key-manager/software_provider.go:443.2,444.16 2 1
stratium/services/key-manager/software_provider.go:444.16,446.3 1 0
stratium/services/key-manager/software_provider.go:448.2,449.44 2 1
stratium/services/key-manager/software_provider.go:449.44,451.3 1 0
stratium/services/key-manager/software_provider.go:453.2,455.52 2 1
stratium/services/key-manager/software_provider.go:459.109,460.28 1 1
stratium/services/key-manager/software_provider.go:460.28,462.3 1 0
stratium/services/key-manager/software_provider.go:465.2,466.16 2 1
stratium/services/key-manager/software_provider.go:466.16,468.3 1 0
stratium/services/key-manager/software_provider.go:470.2,471.16 2 1
stratium/services/key-manager/software_provider.go:471.16,473.3 1 0
stratium/services/key-manager/software_provider.go:475.2,476.35 2 1
stratium/services/key-manager/software_provider.go:476.35,478.3 1 0
stratium/services/key-manager/software_provider.go:481.2,486.16 4 1
stratium/services/key-manager/software_provider.go:486.16,488.3 1 0
stratium/services/key-manager/software_provider.go:490.2,490.17 1 1
stratium/services/key-manager/software_provider_kyber.go:14.87,15.17 1 1
stratium/services/key-manager/software_provider_kyber.go:16.34,18.17 2 1
stratium/services/key-manager/software_provider_kyber.go:18.17,20.4 1 0
stratium/services/key-manager/software_provider_kyber.go:21.3,21.24 1 1
stratium/services/key-manager/software_provider_kyber.go:22.34,24.17 2 1
stratium/services/key-manager/software_provider_kyber.go:24.17,26.4 1 0
stratium/services/key-manager/software_provider_kyber.go:27.3,27.24 1 1
stratium/services/key-manager/software_provider_kyber.go:28.35,30.17 2 1
stratium/services/key-manager/software_provider_kyber.go:30.17,32.4 1 0
stratium/services/key-manager/software_provider_kyber.go:33.3,33.24 1 1
stratium/services/key-manager/software_provider_kyber.go:34.10,35.73 1 0
stratium/services/key-manager/software_provider_kyber.go:39.103,40.33 1 1
stratium/services/key-manager/software_provider_kyber.go:41.27,43.17 2 1
stratium/services/key-manager/software_provider_kyber.go:43.17,45.4 1 0
stratium/services/key-manager/software_provider_kyber.go:46.3,47.30 2 1
stratium/services/key-manager/software_provider_kyber.go:48.27,50.17 2 1
stratium/services/key-manager/software_provider_kyber.go:50.17,52.4 1 0
stratium/services/key-manager/software_provider_kyber.go:53.3,54.30 2 1
stratium/services/key-manager/software_provider_kyber.go:55.28,57.17 2 1
stratium/services/key-manager/software_provider_kyber.go:57.17,59.4 1 0
stratium/services/key-manager/software_provider_kyber.go:60.3,61.30 2 1
stratium/services/key-manager/software_provider_kyber.go:62.10,63.25 1 0
stratium/services/key-manager/software_provider_kyber.go:67.105,68.34 1 1
stratium/services/key-manager/software_provider_kyber.go:69.28,71.30 2 1
stratium/services/key-manager/software_provider_kyber.go:72.28,74.30 2 1
stratium/services/key-manager/software_provider_kyber.go:75.29,77.30 2 1
stratium/services/key-manager/software_provider_kyber.go:78.10,79.25 1 0
stratium/services/key-manager/software_provider_kyber.go:83.91,84.33 1 1
stratium/services/key-manager/software_provider_kyber.go:85.27,87.17 2 1
stratium/services/key-manager/software_provider_kyber.go:87.17,89.4 1 0
stratium/services/key-manager/software_provider_kyber.go:90.3,90.78 1 1
stratium/services/key-manager/software_provider_kyber.go:91.27,93.17 2 1
stratium/services/key-manager/software_provider_kyber.go:93.17,95.4 1 0
stratium/services/key-manager/software_provider_kyber.go:96.3,96.78 1 1
stratium/services/key-manager/software_provider_kyber.go:97.28,99.17 2 1
stratium/services/key-manager/software_provider_kyber.go:99.17,101.4 1 0
stratium/services/key-manager/software_provider_kyber.go:102.3,102.79 1 1
stratium/services/key-manager/software_provider_kyber.go:103.10,104.24 1 0
stratium/services/key-manager/software_provider_kyber.go:109.119,111.41 2 1
stratium/services/key-manager/software_provider_kyber.go:111.41,113.3 1 0
stratium/services/key-manager/software_provider_kyber.go:115.2,119.16 4 1
stratium/services/key-manager/software_provider_kyber.go:119.16,121.3 1 0
stratium/services/key-manager/software_provider_kyber.go:123.2,123.65 1 1
stratium/services/key-manager/software_provider_kyber.go:127.119,129.41 2 1
stratium/services/key-manager/software_provider_kyber.go:129.41,131.3 1 0
stratium/services/key-manager/software_provider_kyber.go:133.2,137.16 4 1
stratium/services/key-manager/software_provider_kyber.go:137.16,139.3 1 0
stratium/services/key-manager/software_provider_kyber.go:141.2,141.65 1 1
stratium/services/key-manager/software_provider_kyber.go:145.121,147.41 2 1
stratium/services/key-manager/software_provider_kyber.go:147.41,149.3 1 0
stratium/services/key-manager/software_provider_kyber.go:151.2,155.16 4 1
stratium/services/key-manager/software_provider_kyber.go:155.16,157.3 1 0
stratium/services/key-manager/software_provider_kyber.go:159.2,159.65 1 1
stratium/services/key-manager/telemetry.go:26.32,27.36 1 1
stratium/services/key-manager/telemetry.go:27.36,35.17 4 1
stratium/services/key-manager/telemetry.go:35.17,37.4 1 0
stratium/services/key-manager/telemetry.go:39.3,43.17 1 1
stratium/services/key-manager/telemetry.go:43.17,45.4 1 0
stratium/services/key-manager/telemetry.go:47.3,50.17 1 1
stratium/services/key-manager/telemetry.go:50.17,52.4 1 0
stratium/services/key-manager/telemetry.go:54.3,57.17 1 1
stratium/services/key-manager/telemetry.go:57.17,59.4 1 0
stratium/services/key-manager/telemetry.go:61.3,65.17 1 1
stratium/services/key-manager/telemetry.go:65.17,67.4 1 0
stratium/services/key-manager/telemetry.go:71.59,72.21 1 1
stratium/services/key-manager/telemetry.go:72.21,74.3 1 0
stratium/services/key-manager/telemetry.go:75.2,76.34 2 1
stratium/services/key-manager/telemetry.go:76.34,78.3 1 0
stratium/services/key-manager/telemetry.go:79.2,83.5 1 1
stratium/services/key-manager/telemetry.go:86.111,93.32 3 0
stratium/services/key-manager/telemetry.go:93.32,95.3 1 0
stratium/services/key-manager/telemetry.go:97.2,97.45 1 0
stratium/services/key-manager/telemetry.go:97.45,100.3 2 0
stratium/services/key-manager/telemetry.go:103.42,105.54 2 0
stratium/services/key-manager/telemetry.go:105.54,107.3 1 0
stratium/services/key-manager/telemetry.go:108.2,108.62 1 0
stratium/services/key-manager/telemetry.go:111.90,113.38 2 0
stratium/services/key-manager/telemetry.go:113.38,115.3 1 0
stratium/services/key-manager/telemetry.go:116.2,117.14 2 0
stratium/services/key-manager/telemetry.go:117.14,119.3 1 0
stratium/services/key-manager/telemetry.go:120.2,121.61 1 0
stratium/services/key-manager/telemetry.go:124.55,125.16 1 0
stratium/services/key-manager/telemetry.go:125.16,127.3 1 0
stratium/services/key-manager/telemetry.go:128.2,128.12 1 0
stratium/services/key-manager/yubikey_card_reader.go:54.54,61.2 1 1
stratium/services/key-manager/yubikey_card_reader.go:63.86,68.36 4 0
stratium/services/key-manager/yubikey_card_reader.go:68.36,70.3 1 0
stratium/services/key-manager/yubikey_card_reader.go:71.2,72.16 2 0
stratium/services/key-manager/yubikey_card_reader.go:72.16,74.20 2 0
stratium/services/key-manager/yubikey_card_reader.go:74.20,76.4 1 0
stratium/services/key-manager/yubikey_card_reader.go:77.3,77.21 1 0
stratium/services/key-manager/yubikey_card_reader.go:79.2,79.20 1 0
stratium/services/key-manager/yubikey_card_reader.go:82.53,83.70 1 1
stratium/services/key-manager/yubikey_card_reader.go:83.70,85.3 1 0
stratium/services/key-manager/yubikey_card_reader.go:86.2,86.26 1 1
stratium/services/key-manager/yubikey_card_reader.go:89.51,90.67 1 1
stratium/services/key-manager/yubikey_card_reader.go:90.67,92.3 1 0
stratium/services/key-manager/yubikey_card_reader.go:93.2,93.16 1 1
stratium/services/key-manager/yubikey_card_reader.go:96.55,97.55 1 1
stratium/services/key-manager/yubikey_card_reader.go:97.55,99.3 1 1
stratium/services/key-manager/yubikey_card_reader.go:100.2,100.11 1 0
stratium/services/key-manager/yubikey_card_reader.go:103.46,105.16 2 1
stratium/services/key-manager/yubikey_card_reader.go:105.16,107.3 1 1
stratium/services/key-manager/yubikey_card_reader.go:108.2,108.15 1 1
stratium/services/key-manager/yubikey_card_reader.go:111.87,112.59 1 1
stratium/services/key-manager/yubikey_card_reader.go:112.59,114.3 1 1
stratium/services/key-manager/yubikey_card_reader.go:115.2,115.78 1 1
stratium/services/key-manager/yubikey_card_reader.go:115.78,117.3 1 0
stratium/services/key-manager/yubikey_card_reader.go:118.2,118.61 1 1
stratium/services/key-manager/yubikey_card_reader.go:118.61,120.3 1 1
stratium/services/key-manager/yubikey_card_reader.go:121.2,121.80 1 0
stratium/services/key-manager/yubikey_card_reader.go:121.80,123.3 1 0
stratium/services/key-manager/yubikey_card_reader.go:124.2,124.26 1 0
stratium/services/key-manager/yubikey_card_reader.go:124.26,126.3 1 0
stratium/services/key-manager/yubikey_card_reader.go:127.2,127.13 1 0
stratium/services/key-manager/yubikey_card_reader.go:130.108,131.20 1 1
stratium/services/key-manager/yubikey_card_reader.go:131.20,132.37 1 1
stratium/services/key-manager/yubikey_card_reader.go:132.37,133.69 1 0
stratium/services/key-manager/yubikey_card_reader.go:133.69,135.5 1 0
stratium/services/key-manager/yubikey_card_reader.go:137.3,137.39 1 1
stratium/services/key-manager/yubikey_card_reader.go:137.39,138.60 1 0
stratium/services/key-manager/yubikey_card_reader.go:138.60,140.5 1 0
stratium/services/key-manager/yubikey_card_reader.go:144.2,144.32 1 1
stratium/services/key-manager/yubikey_card_reader.go:144.32,146.3 1 0
stratium/services/key-manager/yubikey_card_reader.go:148.2,148.37 1 1
stratium/services/key-manager/yubikey_card_reader.go:151.45,153.21 2 1
stratium/services/key-manager/yubikey_card_reader.go:153.21,155.3 1 1
stratium/services/key-manager/yubikey_card_reader.go:156.2,157.19 2 0
stratium/services/key-manager/yubikey_card_reader.go:160.72,164.33 3 1
stratium/services/key-manager/yubikey_card_reader.go:164.33,165.55 1 1
stratium/services/key-manager/yubikey_card_reader.go:165.55,166.12 1 0
stratium/services/key-manager/yubikey_card_reader.go:168.3,168.24 1 1
stratium/services/key-manager/yubikey_card_reader.go:171.2,171.75 1 1
stratium/services/key-manager/yubikey_card_reader.go:171.75,172.44 1 1
stratium/services/key-manager/yubikey_card_reader.go:172.44,174.4 1 0
stratium/services/key-manager/yubikey_card_reader.go:177.2,177.23 1 1
stratium/services/key-manager/yubikey_card_reader.go:177.23,179.3 1 0
stratium/services/key-manager/yubikey_card_reader.go:180.2,180.21 1 1
stratium/services/key-manager/yubikey_card_reader.go:180.21,182.3 1 0
stratium/services/key-manager/yubikey_card_reader.go:184.2,184.55 1 1
stratium/services/key-manager/yubikey_card_reader.go:184.55,186.3 1 0
stratium/services/key-manager/yubikey_card_reader.go:188.2,189.74 2 1
stratium/services/key-manager/yubikey_card_reader.go:189.74,191.3 1 0
stratium/services/key-manager/yubikey_card_reader.go:192.2,195.12 3 1
stratium/services/key-manager/yubikey_card_reader.go:198.51,206.2 6 0
stratium/services/key-manager/yubikey_card_reader.go:208.51,212.2 3 0
stratium/services/key-manager/yubikey_card_reader.go:214.64,223.16 8 0
stratium/services/key-manager/yubikey_card_reader.go:223.16,225.3 1 0
stratium/services/key-manager/yubikey_card_reader.go:227.2,227.21 1 0
stratium/services/key-manager/yubikey_card_reader.go:227.21,228.48 1 0
stratium/services/key-manager/yubikey_card_reader.go:228.48,230.18 2 0
stratium/services/key-manager/yubikey_card_reader.go:230.18,233.32 3 0
stratium/services/key-manager/yubikey_card_reader.go:233.32,235.20 2 0
stratium/services/key-manager/yubikey_card_reader.go:235.20,236.15 1 0
stratium/services/key-manager/yubikey_card_reader.go:238.6,238.37 1 0
stratium/services/key-manager/yubikey_card_reader.go:240.5,240.25 1 0
stratium/services/key-manager/yubikey_card_reader.go:240.25,242.6 1 0
stratium/services/key-manager/yubikey_card_reader.go:247.2,247.20 1 0
stratium/services/key-manager/yubikey_card_reader.go:247.20,249.3 1 0
stratium/services/key-manager/yubikey_card_reader.go:251.2,251.41 1 0
stratium/services/key-manager/yubikey_card_reader.go:254.68,258.18 3 0
stratium/services/key-manager/yubikey_card_reader.go:258.18,260.3 1 0
stratium/services/key-manager/yubikey_card_reader.go:261.2,261.39 1 0
stratium/services/key-manager/yubikey_card_reader.go:261.39,263.3 1 0
stratium/services/key-manager/yubikey_card_reader.go:265.2,266.12 2 0
stratium/services/key-manager/yubikey_card_reader.go:269.75,273.18 3 0
stratium/services/key-manager/yubikey_card_reader.go:273.18,275.3 1 0
stratium/services/key-manager/yubikey_card_reader.go:277.2,284.75 2 0
stratium/services/key-manager/yubikey_card_reader.go:284.75,286.3 1 0
stratium/services/key-manager/yubikey_card_reader.go:288.2,288.18 1 0
stratium/services/key-manager/yubikey_card_reader.go:291.63,295.18 3 1
stratium/services/key-manager/yubikey_card_reader.go:295.18,297.3 1 0
stratium/services/key-manager/yubikey_card_reader.go:298.2,298.34 1 1
stratium/services/key-manager/yubikey_card_reader.go:298.34,300.3 1 0
stratium/services/key-manager/yubikey_card_reader.go:302.2,302.78 1 1
stratium/services/key-manager/yubikey_card_reader.go:302.78,304.3 1 0
stratium/services/key-manager/yubikey_card_reader.go:305.2,305.20 1 1
stratium/services/key-manager/yubikey_card_reader.go:305.20,306.47 1 1
stratium/services/key-manager/yubikey_card_reader.go:306.47,308.4 1 1
stratium/services/key-manager/yubikey_card_reader.go:311.2,314.12 4 1
stratium/services/key-manager/yubikey_card_reader.go:317.55,321.2 3 0
stratium/services/key-manager/yubikey_card_reader.go:323.113,327.38 3 1
stratium/services/key-manager/yubikey_card_reader.go:327.38,329.3 1 0
stratium/services/key-manager/yubikey_card_reader.go:330.2,330.36 1 1
stratium/services/key-manager/yubikey_card_reader.go:330.36,332.3 1 0
stratium/services/key-manager/yubikey_card_reader.go:334.2,336.20 3 1
stratium/services/key-manager/yubikey_card_reader.go:336.20,338.20 2 0
stratium/services/key-manager/yubikey_card_reader.go:338.20,340.4 1 0
stratium/services/key-manager/yubikey_card_reader.go:341.3,341.24 1 0
stratium/services/key-manager/yubikey_card_reader.go:344.2,350.12 2 1
stratium/services/key-manager/yubikey_card_reader.go:353.85,357.40 4 1
stratium/services/key-manager/yubikey_card_reader.go:357.40,359.3 1 1
stratium/services/key-manager/yubikey_card_reader.go:361.2,364.73 3 0
stratium/services/key-manager/yubikey_card_reader.go:364.73,366.3 1 0
stratium/services/key-manager/yubikey_card_reader.go:368.2,370.16 3 0
stratium/services/key-manager/yubikey_card_reader.go:370.16,372.3 1 0
stratium/services/key-manager/yubikey_card_reader.go:374.2,380.23 2 0
stratium/services/key-manager/yubikey_card_reader.go:383.63,384.33 1 0
stratium/services/key-manager/yubikey_card_reader.go:385.22,386.25 1 0
stratium/services/key-manager/yubikey_card_reader.go:387.13,388.36 1 0
stratium/services/key-manager/yubikey_card_reader.go:389.13,390.36 1 0
stratium/services/key-manager/yubikey_card_reader.go:391.13,392.36 1 0
stratium/services/key-manager/yubikey_card_reader.go:393.11,394.39 1 0
stratium/services/key-manager/yubikey_card_reader.go:396.24,397.34 1 0
stratium/services/key-manager/yubikey_card_reader.go:398.16,399.36 1 0
stratium/services/key-manager/yubikey_card_reader.go:400.16,401.36 1 0
stratium/services/key-manager/yubikey_card_reader.go:402.16,403.36 1 0
stratium/services/key-manager/yubikey_card_reader.go:404.11,405.39 1 0
stratium/services/key-manager/yubikey_card_reader.go:407.10,408.38 1 0
stratium/services/key-manager/yubikey_card_reader.go:412.62,416.38 3 0
stratium/services/key-manager/yubikey_card_reader.go:416.38,418.3 1 0
stratium/services/key-manager/yubikey_card_reader.go:420.2,421.12 2 0
stratium/services/key-manager/yubikey_card_reader.go:424.61,428.38 3 1
stratium/services/key-manager/yubikey_card_reader.go:428.38,430.3 1 0
stratium/services/key-manager/yubikey_card_reader.go:432.2,433.28 2 1
stratium/services/key-manager/yubikey_card_reader.go:433.28,435.3 1 1
stratium/services/key-manager/yubikey_card_reader.go:436.2,437.18 2 1
stratium/services/key-manager/yubikey_card_reader.go:440.80,442.38 2 0
stratium/services/key-manager/yubikey_card_reader.go:442.38,445.3 2 0
stratium/services/key-manager/yubikey_card_reader.go:446.2,447.13 2 0
stratium/services/key-manager/yubikey_card_reader.go:447.13,450.3 2 0
stratium/services/key-manager/yubikey_card_reader.go:451.2,457.34 7 0
stratium/services/key-manager/yubikey_card_reader.go:457.34,459.3 1 0
stratium/services/key-manager/yubikey_card_reader.go:461.2,462.16 2 0
stratium/services/key-manager/yubikey_card_reader.go:462.16,464.3 1 0
stratium/services/key-manager/yubikey_card_reader.go:465.2,469.57 4 0
stratium/services/key-manager/yubikey_card_reader.go:469.57,471.3 1 0
stratium/services/key-manager/yubikey_card_reader.go:473.2,474.61 2 0
stratium/services/key-manager/yubikey_card_reader.go:474.61,476.76 2 0
stratium/services/key-manager/yubikey_card_reader.go:476.76,479.74 2 0
stratium/services/key-manager/yubikey_card_reader.go:479.74,481.5 1 0
stratium/services/key-manager/yubikey_card_reader.go:485.2,486.16 2 0
stratium/services/key-manager/yubikey_card_reader.go:486.16,488.3 1 0
stratium/services/key-manager/yubikey_card_reader.go:490.2,490.23 1 0
stratium/services/key-manager/yubikey_card_reader.go:493.89,495.38 2 1
stratium/services/key-manager/yubikey_card_reader.go:495.38,498.3 2 0
stratium/services/key-manager/yubikey_card_reader.go:499.2,500.13 2 1
stratium/services/key-manager/yubikey_card_reader.go:500.13,503.3 2 0
stratium/services/key-manager/yubikey_card_reader.go:504.2,510.34 7 1
stratium/services/key-manager/yubikey_card_reader.go:510.34,512.3 1 0
stratium/services/key-manager/yubikey_card_reader.go:514.2,515.16 2 1
stratium/services/key-manager/yubikey_card_reader.go:515.16,517.3 1 0
stratium/services/key-manager/yubikey_card_reader.go:518.2,522.63 4 1
stratium/services/key-manager/yubikey_card_reader.go:522.63,524.3 1 0
stratium/services/key-manager/yubikey_card_reader.go:526.2,527.61 2 1
stratium/services/key-manager/yubikey_card_reader.go:527.61,529.73 2 0
stratium/services/key-manager/yubikey_card_reader.go:529.73,531.4 1 0
stratium/services/key-manager/yubikey_card_reader.go:534.2,535.16 2 1
stratium/services/key-manager/yubikey_card_reader.go:535.16,537.3 1 0
stratium/services/key-manager/yubikey_card_reader.go:539.2,539.23 1 1
stratium/services/key-manager/yubikey_card_reader.go:542.88,547.13 4 1
stratium/services/key-manager/yubikey_card_reader.go:547.13,549.3 1 0
stratium/services/key-manager/yubikey_card_reader.go:551.2,551.47 1 1
stratium/services/key-manager/yubikey_card_reader.go:552.22,554.17 2 1
stratium/services/key-manager/yubikey_card_reader.go:554.17,556.4 1 0
stratium/services/key-manager/yubikey_card_reader.go:557.3,557.25 1 1
stratium/services/key-manager/yubikey_card_reader.go:558.24,560.17 2 0
stratium/services/key-manager/yubikey_card_reader.go:560.17,562.4 1 0
stratium/services/key-manager/yubikey_card_reader.go:563.3,563.25 1 0
stratium/services/key-manager/yubikey_card_reader.go:564.10,565.78 1 0
stratium/services/key-manager/yubikey_card_reader.go:569.89,573.18 3 0
stratium/services/key-manager/yubikey_card_reader.go:573.18,575.3 1 0
stratium/services/key-manager/yubikey_card_reader.go:577.2,578.13 2 0
stratium/services/key-manager/yubikey_card_reader.go:578.13,580.3 1 0
stratium/services/key-manager/yubikey_card_reader.go:582.2,588.8 1 0
stratium/services/key-manager/yubikey_card_reader.go:591.93,593.16 2 1
stratium/services/key-manager/yubikey_card_reader.go:593.16,595.3 1 0
stratium/services/key-manager/yubikey_card_reader.go:596.2,599.111 3 1
stratium/services/key-manager/yubikey_card_reader.go:599.111,601.3 1 0
stratium/services/key-manager/yubikey_card_reader.go:603.2,604.16 2 1
stratium/services/key-manager/yubikey_card_reader.go:604.16,606.3 1 0
stratium/services/key-manager/yubikey_card_reader.go:608.2,609.16 2 1
stratium/services/key-manager/yubikey_card_reader.go:609.16,611.3 1 0
stratium/services/key-manager/yubikey_card_reader.go:613.2,613.23 1 1
stratium/services/key-manager/yubikey_card_reader.go:616.116,618.17 2 0
stratium/services/key-manager/yubikey_card_reader.go:619.33,620.24 1 0
stratium/services/key-manager/yubikey_card_reader.go:621.33,622.24 1 0
stratium/services/key-manager/yubikey_card_reader.go:623.33,624.24 1 0
stratium/services/key-manager/yubikey_card_reader.go:625.10,626.84 1 0
stratium/services/key-manager/yubikey_card_reader.go:629.2,630.16 2 0
stratium/services/key-manager/yubikey_card_reader.go:630.16,632.3 1 0
stratium/services/key-manager/yubikey_card_reader.go:633.2,637.81 4 0
stratium/services/key-manager/yubikey_card_reader.go:637.81,639.3 1 0
stratium/services/key-manager/yubikey_card_reader.go:641.2,642.16 2 0
stratium/services/key-manager/yubikey_card_reader.go:642.16,644.3 1 0
stratium/services/key-manager/yubikey_card_reader.go:646.2,647.16 2 0
stratium/services/key-manager/yubikey_card_reader.go:647.16,649.3 1 0
stratium/services/key-manager/yubikey_card_reader.go:651.2,651.23 1 0
stratium/services/key-manager/yubikey_card_reader.go:654.49,659.2 4 1
stratium/services/key-manager/yubikey_card_reader.go:661.71,663.6 2 1
stratium/services/key-manager/yubikey_card_reader.go:663.6,665.19 2 1
stratium/services/key-manager/yubikey_card_reader.go:665.19,667.4 1 0
stratium/services/key-manager/yubikey_card_reader.go:669.3,669.21 1 1
stratium/services/key-manager/yubikey_card_reader.go:670.22,672.18 2 1
stratium/services/key-manager/yubikey_card_reader.go:672.18,674.5 1 0
stratium/services/key-manager/yubikey_card_reader.go:675.4,675.30 1 1
stratium/services/key-manager/yubikey_card_reader.go:676.56,677.68 1 0
stratium/services/key-manager/yubikey_card_reader.go:677.68,679.5 1 0
stratium/services/key-manager/yubikey_card_reader.go:680.4,680.69 1 0
stratium/services/key-manager/yubikey_card_reader.go:680.69,682.5 1 0
stratium/services/key-manager/yubikey_card_reader.go:685.3,685.21 1 0
stratium/services/key-manager/yubikey_card_reader.go:685.21,686.9 1 0
stratium/services/key-manager/yubikey_card_reader.go:688.3,688.19 1 0
stratium/services/key-manager/yubikey_card_reader.go:691.2,691.63 1 0
stratium/services/key-manager/yubikey_card_reader_touch_policy.go:9.58,11.16 2 1
stratium/services/key-manager/yubikey_card_reader_touch_policy.go:11.16,13.3 1 0
stratium/services/key-manager/yubikey_card_reader_touch_policy.go:15.2,18.23 4 1
stratium/services/key-manager/yubikey_card_reader_touch_policy.go:18.23,20.17 2 0
stratium/services/key-manager/yubikey_card_reader_touch_policy.go:20.17,22.4 1 0
stratium/services/key-manager/yubikey_card_reader_touch_policy.go:23.3,23.22 1 0
stratium/services/key-manager/yubikey_card_reader_touch_policy.go:24.8,24.60 1 1
stratium/services/key-manager/yubikey_card_reader_touch_policy.go:24.60,26.17 2 1
stratium/services/key-manager/yubikey_card_reader_touch_policy.go:26.17,28.4 1 1
stratium/services/key-manager/yubikey_card_reader_touch_policy.go:30.3,30.54 1 1
stratium/services/key-manager/yubikey_card_reader_touch_policy.go:30.54,32.4 1 0
stratium/services/key-manager/yubikey_card_reader_touch_policy.go:32.9,34.4 1 1
stratium/services/key-manager/yubikey_card_reader_touch_policy.go:35.8,37.3 1 0
stratium/services/key-manager/yubikey_card_reader_touch_policy.go:39.2,40.22 2 1
stratium/services/key-manager/yubikey_card_reader_touch_policy.go:40.22,42.3 1 1
stratium/services/key-manager/yubikey_card_reader_touch_policy.go:44.2,47.3 1 1
stratium/services/key-manager/yubikey_card_reader_touch_policy.go:50.85,52.16 2 1
stratium/services/key-manager/yubikey_card_reader_touch_policy.go:52.16,54.3 1 0
stratium/services/key-manager/yubikey_card_reader_touch_policy.go:55.2,56.16 2 1
stratium/services/key-manager/yubikey_card_reader_touch_policy.go:56.16,58.3 1 1
stratium/services/key-manager/yubikey_card_reader_touch_policy.go:59.2,59.20 1 1
stratium/services/key-manager/yubikey_card_reader_touch_policy.go:62.89,64.16 2 1
stratium/services/key-manager/yubikey_card_reader_touch_policy.go:64.16,66.3 1 0
stratium/services/key-manager/yubikey_card_reader_touch_policy.go:67.2,68.16 2 1
stratium/services/key-manager/yubikey_card_reader_touch_policy.go:68.16,70.3 1 1
stratium/services/key-manager/yubikey_card_reader_touch_policy.go:71.2,71.20 1 1
stratium/services/key-manager/yubikey_card_reader_touch_policy.go:74.53,75.46 1 1
stratium/services/key-manager/yubikey_card_reader_touch_policy.go:75.46,77.3 1 1
stratium/services/key-manager/yubikey_card_reader_touch_policy.go:78.2,78.12 1 1
stratium/services/key-manager/yubikey_card_reader_touch_policy.go:81.67,83.29 2 1
stratium/services/key-manager/yubikey_card_reader_touch_policy.go:83.29,84.56 1 1
stratium/services/key-manager/yubikey_card_reader_touch_policy.go:84.56,86.4 1 1
stratium/services/key-manager/yubikey_card_reader_touch_policy.go:88.2,88.65 1 1
stratium/services/key-manager/yubikey_card_reader_touch_policy.go:91.80,93.26 2 1
stratium/services/key-manager/yubikey_card_reader_touch_policy.go:93.26,95.3 1 0
stratium/services/key-manager/yubikey_card_reader_touch_policy.go:96.2,105.32 4 1
stratium/services/key-manager/yubikey_card_reader_touch_policy.go:105.32,108.36 3 1
stratium/services/key-manager/yubikey_card_reader_touch_policy.go:108.36,110.36 2 1
stratium/services/key-manager/yubikey_card_reader_touch_policy.go:110.36,111.58 1 1
stratium/services/key-manager/yubikey_card_reader_touch_policy.go:111.58,113.11 2 1
stratium/services/key-manager/yubikey_card_reader_touch_policy.go:117.3,117.14 1 1
stratium/services/key-manager/yubikey_card_reader_touch_policy.go:117.14,118.12 1 1
stratium/services/key-manager/yubikey_card_reader_touch_policy.go:120.3,120.56 1 1
stratium/services/key-manager/yubikey_card_reader_touch_policy.go:120.56,122.4 1 1
stratium/services/key-manager/yubikey_card_reader_touch_policy.go:126.2,126.29 1 1
stratium/services/key-manager/yubikey_card_reader_touch_policy.go:126.29,127.56 1 1
stratium/services/key-manager/yubikey_card_reader_touch_policy.go:127.56,129.4 1 0
stratium/services/key-manager/yubikey_card_reader_touch_policy.go:132.2,132.84 1 1
stratium/services/key-manager/yubikey_card_reader_touch_policy.go:135.61,136.16 1 1
stratium/services/key-manager/yubikey_card_reader_touch_policy.go:136.16,138.3 1 0
stratium/services/key-manager/yubikey_card_reader_touch_policy.go:140.2,142.77 3 1
stratium/services/key-manager/yubikey_card_reader_touch_policy.go:142.77,143.57 1 1
stratium/services/key-manager/yubikey_card_reader_touch_policy.go:143.57,145.4 1 1
stratium/services/key-manager/yubikey_card_reader_touch_policy.go:149.2,149.82 1 1
stratium/services/key-manager/yubikey_card_reader_touch_policy.go:149.82,151.18 2 1
stratium/services/key-manager/yubikey_card_reader_touch_policy.go:151.18,153.4 1 1
stratium/services/key-manager/yubikey_card_reader_touch_policy.go:156.2,157.22 2 1
stratium/services/key-manager/yubikey_card_reader_touch_policy.go:157.22,159.3 1 0
stratium/services/key-manager/yubikey_card_reader_touch_policy.go:160.2,160.58 1 1
stratium/services/key-manager/yubikey_card_reader_touch_policy.go:163.48,168.39 5 1
stratium/services/key-manager/yubikey_card_reader_touch_policy.go:168.39,170.3 1 0
stratium/services/key-manager/yubikey_card_reader_touch_policy.go:171.2,171.19 1 1
stratium/services/key-manager/yubikey_card_reader_touch_policy.go:174.46,176.2 1 1
